% Model:              Untitled.mph
% Version:            COMSOL 6.2.0.415
% Date:               Nov 18 2025, 16:39
% Dimension:          2
% Nodes:              3093
% Expressions:        2
% Description:        Electric potential
% Length unit:        m
% x                       y                        V (V) @ t=0              V (V) @ t=1
94.6215040613154          224.71802413056903       0.012075592856580818     0.012967403215738004
94.44279728811591         224.338356058746         0.012081681385599416     0.012972936683901847
94.99999999999999         224.32200479469728       0.012051724663757968     0.012945119174901843
94.19142569131934         224.770702989592         0.012095478149530553     0.012985694416107333
93.92474655390978         224.36059504971152       0.012101107491867068     0.012990570296543802
93.69347686079523         224.81214851269812       0.01211130880860576      0.012999882922669306
93.40609366088634         224.42912962913942       0.012113248967325692     0.013001235429353683
93.18595458037935         224.93690844809112       0.012120759763441765     0.013007789338426818
92.83769941994878         224.53426005872734       0.012118151948345124     0.013004536792491922
92.60799133923754         225.09854010676077       0.01212101040582554      0.013006522481312713
92.20973404977624         224.64990547378366       0.012110968334150483     0.012995952200789874
91.95235289995958         225.2820516841076        0.012106488013378313     0.01299066961151729
91.5160417719515          224.7775795471077        0.012087189625954745     0.012971077018961425
91.2278345344043          225.4783088890094        0.01207251576387945      0.012955798023467262
90.74993729232807         224.91958384502107       0.012042267294395273     0.012925495538723115
90.4362541608163          225.68577339570086       0.01201576731159367      0.012898718153115744
89.90317641440821         225.0737820680812        0.011973271120261442     0.012856070418319853
89.55874451694899         225.8991337607888        0.011932683096542836     0.012816298953430907
88.96649182408693         225.23674487960952       0.011882802152035236     0.012763880584576235
88.60759332157632         226.10907101576404       0.01182794179105016      0.012706121595581087
87.96297466118864         225.4096837596075        0.011767887647806086     0.012644987218725376
87.60398519373643         226.30609544865464       0.011717956108970579     0.012593096685575235
86.94028443931748         225.58621975120502       0.011627133496355968     0.012504471394620222
86.57875272128841         226.4873873635871        0.011607788463049192     0.012486861747858952
85.91739338165614         225.7617001962814        0.01146610727373588      0.012345923042903122
85.54423502729996         226.65956237962516       0.011495133836468191     0.012365658677314173
84.89203265662965         225.92214258625032       0.011265925787765576     0.012145408127685253
84.50605206116839         226.82450837143415       0.011269209610360166     0.012154642765665379
83.8666468916163          226.08243406045932       0.011052577588431334     0.011925233698412504
83.46890749829149         226.98922401967403       0.011000657398477158     0.011891519474320043
82.84127771505388         226.2428313432656        0.010772710805571054     0.011669004494197542
82.42903554557287         227.1324461289073        0.010830617012163675     0.011725394792949491
81.8141203012402          226.3905396723701        0.010612551306188165     0.011539594280193126
81.39764124323717         227.26796230819303       0.010624315812012458     0.011550794338068576
80.78179304139786         226.49734387439105       0.010419024397579546     0.01135176537272687
80.36039076548286         227.3767584393164        0.010406005571306417     0.011363136669581888
79.7495211931215          226.60469449177216       0.010181945364476893     0.01110377546508585
79.3203746290888          227.48646697344932       0.010072579893061066     0.011043049694980456
78.71725481177563         226.7120976036861        0.009899169569998251     0.010832185099358382
78.28247143558568         227.59022458664106       0.009826093787916794     0.01081000755118449
77.68420112216594         226.81148296756044       0.009717858526942158     0.01062713731974735
77.2455730962228          227.68698224648688       0.009666218432529542     0.010645859454905605
76.65031499244567         226.90197483502695       0.009565430415241324     0.010465679613074893
76.20957466824032         227.77910885836684       0.009526982993278544     0.010500104115612382
75.6164383019253          226.99257447558526       0.009394252160278083     0.01030485427438656
75.17421021972595         227.86900908571167       0.00933625147679496      0.01029792897079649
74.5824867494666          227.08231497760076       0.009171740910805902     0.010085340547863975
74.13903306572699         227.95784111195374       0.009087195590878451     0.010021696292146746
73.54837467942308         227.17018488076303       0.008934906354985691     0.009823975066570973
73.10350220356311         228.04572905321484       0.008867542803390858     0.009765877206175255
72.51412080829928         227.25637165274355       0.0087223223246448       0.009570294015965958
72.06747912569571         228.1327082072343        0.008656124116230499     0.00950350762450408
71.47983143196167         227.34213181624693       0.008513044268292354     0.009318853008236538
71.03135522203873         228.21870456204604       0.008436769175942578     0.009234425077894294
70.4455249274852          227.42768379673421       0.008320696527080134     0.009092906765079888
69.99551096635476         228.30348988399749       0.00825070549967897      0.009011068118706382
69.41109130065772         227.5116854219431        0.008146183031254169     0.008879908457853988
68.96011606689319         228.38693681268262       0.008076275581609298     0.008798813677322284
68.3765942686101          227.5949032264238        0.007979791774895762     0.008673199368503467
67.92517462548425         228.46946997018503       0.007909972539797585     0.00859411521479518
67.34208452831749         227.67796294212457       0.007815372537105037     0.008474372231943195
66.89043090107715         228.55134653808548       0.007747959975321955     0.008399102958583947
66.30754890518081         227.7606996158999        0.007661997022859569     0.008287586010140792
65.85593472110791         228.6329102068737        0.00759328853210027      0.008219722873093653
65.27298202543895         227.84304448616166       0.00750349925653051      0.008096925509289988
64.82139026483263         228.7144512154242        0.0074198797597290105    0.00801936841045933
64.23842028515196         227.9254535676526        0.0073411627040557885    0.00790531832179785
63.78644041196443         228.7962024340964        0.007256664768862363     0.007829633135738439
63.203825147996284        228.00744044601012       0.007185132561050145     0.007723350078270114
62.75065535822761         228.87773273903636       0.007101642658835452     0.007645425936258131
62.16893392781222         228.08558701412574       0.007010660790639152     0.007521822117477925
61.71383253733193         228.9575166654556        0.006926150422430098     0.007448205377679287
61.133676233011215        228.15873340707685       0.0068070261158018       0.007288466460598532
60.676149870585085        229.03412763356354       0.006721368580642034     0.0072150797149339975
60.09839837026722         228.23159672034754       0.006590892143345125     0.007038699374202079
59.638077370250166        229.1073171830163        0.006513483515491274     0.006980771306765582
59.063124001742935        228.30450852112247       0.0064020435607635125    0.006832646241442908
58.59996464208688         229.17650319084206       0.0063434935187939995    0.006792982542020082
58.02753402381753         228.37274748848142       0.0062375612114792004    0.006659549137129049
57.56187332661577         229.2415431057884        0.006182791011903108     0.006619978752447628
56.99165668893661         228.43652317850564       0.006081080879870149     0.006491815950198335
56.523880950432876        229.3032969284712        0.006020100034083097     0.006444436416570268
55.955824605849045        228.50103067855227       0.005928852760030592     0.006327243713090939
55.486200018930866        229.36338226430237       0.005871079132974215     0.0062816259982983015
54.91994411404817         228.5647545798161        0.005786793325903514     0.006173564524886409
54.44899139942919         229.42308158978904       0.005731927923360005     0.006130911078787721
53.88392892992457         228.62624624587747       0.005652133293157187     0.006025446948312154
53.41205905387084         229.4825592366776        0.005601041712628394     0.005984501458859099
52.84786230572945         228.68687025544224       0.005521131343232603     0.005878138500117228
52.375320117128354        229.54171691571938       0.005469959878115597     0.005836045875600438
51.81179460044083         228.74747581011346       0.0053915077743020975    0.005730497955839831
51.33911773596788         229.60068295131535       0.005335838526182226     0.00568443210613075
50.77563392003582         228.80638923991185       0.005262310245771622     0.005581968206674709
50.30028429692454         229.65163170788728       0.005207322047328711     0.005535723768455914
49.73886208460588         228.85339472077595       0.005118230311961022     0.005407659417021562
49.26153506455421         229.69975892591853       0.005060676087093389     0.005358602792802643
48.70203712013051         228.89925662164842       0.004968081559512559     0.00522687537344524
48.22297120585457         229.74791647878257       0.004918790751479141     0.005187954050194458
47.665252176625735        228.9460119407891        0.004845061477109975     0.005083500741908707
47.18432179788946         229.79401813125762       0.00479776339556118      0.005046512320069706
46.628251728443004        228.98756683569067       0.004745592054933931     0.004967035942347145
46.14523147304943         229.83502746239097       0.004694573727434633     0.004923098858804874
45.5908803683873          229.01868284635944       0.004645455342672785     0.004844412176814928
45.10621812160295         229.87115764909026       0.004583124893527274     0.0047873389021572755
44.553517593738874        229.05011136869965       0.004527618869464584     0.00471346018894578
44.067619938769184        229.90603903638927       0.004470636090447364     0.004655798326144767
43.516150133390674        229.08138401349015       0.004411433023342235     0.004586779597701122
43.029821520487424        229.94273984392544       0.004356088694533299     0.004532791083784699
42.479045650931894        229.11987598920132       0.004289115088272712     0.004466786726213981
41.993345986612184        229.98297980814263       0.004235687870551278     0.004410589106128141
41.44222066891876         229.1657354409954        0.004175483589354416     0.004349185708899041
40.95750549710443         230.02637981550083       0.004128529775751589     0.004302532368041592
40.405389536119415        229.21145752971447       0.004071262912208183     0.004235005768952873
39.92191671647063         230.07116168772055       0.004030361228478934     0.004200446560622952
39.36858800807501         229.2578457170877        0.003974517229170823     0.004130675344409058
38.88700212383802         230.11534538189562       0.00393666058116817      0.00409967431841089
38.33183089076482         229.305215614104         0.0038815495205630286    0.004030835894313955
37.85114540232059         230.16107409842311       0.00384418602172272      0.003998025679340065
37.2951227355975          229.35364519257757       0.0037923635217394273    0.003932265418952895
36.81487184944572         230.20698320764384       0.003752636329918412     0.00389802723509406
36.258429446700674        229.4023933356097        0.0037050767705555355    0.0038362918327865324
35.778276493530484        230.25279700800638       0.003667889176794937     0.0038086287199523635
35.221717940381424        229.45075174059122       0.003620422610178475     0.003738049398089685
34.741567375386026        230.29838082316994       0.003585783262182247     0.0037204283206366266
34.184966359280104        229.4982427899478        0.0035277521817684136    0.0036304481982433767
33.704629168975835        230.34355122538605       0.003483296832474825     0.003604869741840625
33.14820125063807         229.54543848163968       0.003421961007346037     0.0035107824716714173
32.66702831003753         230.38800757987372       0.0033593815134164468    0.0034635445840833375
32.11143664048339         229.59264511765846       0.0033162874739311103    0.0033954017440660654
31.62843591526746         230.4309690193868        0.003276986157154958     0.003371453691783502
31.07454697640253         229.63688723672496       0.0032414771260441924    0.003314007245240985
30.588680559633556        230.47112006689076       0.003205112143053007     0.0032899074361995087
30.037278290094356        229.67126419144086       0.003164378483740319     0.0032329082657144305
29.54727701992998         230.50959464195682       0.0031253066311449002    0.003198874621852695
28.999999999999993        229.7053680419922        0.003087367905876066     0.0031539354151046447
28.501734724864047        230.54850120071342       0.0030495840340340782    0.0031148316966397483
27.950232617420546        229.74020543170843       0.003024632033301474     0.003083640653379051
27.452664273128743        230.5866452084498        0.002995142027563937     0.003049588298864937
26.900346662588817        229.77121079058932       0.0029615860746511247    0.0030189084535095106
26.401407053794017        230.62184938186317       0.0029409115984393407    0.002984645382932459
25.85035618566604         229.7985077863073        0.00289192805055181      0.0029456693524487223
25.34964976679167         230.65382807590936       0.0028563455872110126    0.00288790431296235
24.800365705360537        229.8258072766835        0.002832272989766422     0.002876063932967248
24.297943758145156        230.68324118698536       0.0028065810149899358    0.0028278954808256384
23.750376597330646        229.8531598473675        0.0027774765135748203    0.0028094053560741732
23.24639929568555         230.71023700442456       0.0027435386855306026    0.0027535442762854634
22.700354575327413        229.87921208766315       0.002719979689132562     0.002738522615789223
22.19516097844192         230.7357964077908        0.0026789171775338226    0.0026761348816909673
21.65031422689228         229.90452117514218       0.002663987160825306     0.0026727783259244534
21.14429358157154         230.76043737291857       0.0026204169712006832    0.002608154886155584
20.600276142948875        229.92992425347504       0.002611861847637452     0.0026127391693780296
20.093581069293865        230.78443070270808       0.00256353298291942      0.0025425206262498132
19.550235647688982        229.9552274245347        0.0025589679264276717    0.0025543416547168726
19.043234186443293        230.8084325256188        0.0025037987914051526    0.002476445741006946
18.500190266665506        229.98032689765185       0.0025067436686989474    0.0024990138710107444
17.99473994151771         230.83123552578365       0.002451759675745674     0.0024215369437670577
17.45013318497982         230.00493174046863       0.0024516508201212492    0.002445324909870634
16.945766760889107        230.85497407204159       0.0023736646329155235    0.002341653137519988
16.400083382033163        230.02984364306332       0.0023946131205030917    0.0023896765105932407
15.896648381714343        230.87952448904673       0.0023264793059452372    0.002296754249238349
15.350079120707147        230.0565978674896        0.002346813508434855     0.002344172989203293
14.847227910935954        230.90528620142902       0.0022721843925623555    0.0022465261223464615
14.30013953588001         230.08578724128495       0.0022974487338856295    0.002299242896633812
13.79747645479489         230.93180297659478       0.002217577195431381     0.002199281888491181
13.250205409556864        230.1151747051544        0.002249867862043692     0.002256228987693461
12.746683153652993        230.95929033375967       0.002165636029356957     0.0021522646460884125
12.200276205635454        230.14473613578716       0.002205769448276324     0.0022123969863364636
11.697162839613611        230.98412374634856       0.0021156284482661404    0.0021009476628182848
11.150259967113255        230.1709818461556        0.0021631571863701352    0.0021659345132245293
10.648895222689585        231.00694348004455       0.002068334228862648     0.002050824890507296
10.100170680406997        230.1941698901564        0.0021202217798014546    0.002120734528857155
9.603295883708443         231.02827773770485       0.0020183767343578073    0.0020011402847724927
9.0500844812106           230.2174990337698        0.0020746830738319648    0.0020749477121377174
8.561197489821389         231.05016737078444       0.0019683793244203948    0.001952092662748068
7.999999999999998         230.2409057617187        0.002031297411980512     0.0020313563614795414
7.538411169286266         231.0651581824732        0.0019237007120109096    0.0019102014631245743
7.0000587302667885        230.25687500699408       0.001991088102631334     0.0019906887445519496
6.52875376989405          231.07948302688908       0.0018772632765253208    0.00186644303829656
6.000093081135246         230.27125083036105       0.0019487864580986396    0.0019470414823379645
5.523676786808003         231.09353783684492       0.0018298146743686036    0.0018171614802871652
5.000127768932547         230.2856478701659        0.001904794482137084     0.0018924085292125784
4.52142774122308          231.106848431989         0.0017802620497879213    0.0017583882852106431
4.00015872092388          230.2997448011603        0.0018590935380082216    0.0018216060085449067
3.5326638902843244        231.10985238135572       0.001733961548372071     0.0017010934973880835
3.000125402003148         230.3080731583218        0.0018117550752577867    0.0017543095667452182
2.557926872095076         231.10885835774044       0.0016864209109242322    0.0016407201079269823
2.000082967077485         230.3153602739781        0.0017636041267822652    0.0016900895861183558
1.523443062777137         231.19974620797436       0.001615196587871247     0.0015590900926106244
1.0000415148786077        230.3227844569641        0.001679393268636169     0.001618590624022815
0.6485015175374185        230.9905062189695        0.0015833936347257008    0.0015273885474180924
0                         230.33020019531247       0.0015851292279840448    0.0015108413761978784
94.58305912735352         242.2828545720145        0.013632637706569709     0.014452241583712283
94.99999999999999         242.71681652390262       0.013948242612096514     0.014772156066830456
94.38406645429168         242.73785391519945       0.01342742691855481      0.0142712174571226
93.7039493518242          242.77288359457296       0.013693298827077682     0.014511622703521692
93.99069284457963         242.16463601139156       0.013834541528334467     0.014666100482739971
92.95661485796019         242.86204202719406       0.013475959784252882     0.014297998606804035
93.22337667495789         242.17860461200783       0.013357747099841015     0.014179080399205972
92.42162515323315         242.29343847774072       0.012969517129510557     0.013791394150040643
92.13756802621118         243.00758815331275       0.012660368421913372     0.013527974103273119
91.53437552236441         242.38940898174624       0.01290544254694948      0.013748481123477969
91.23808470178449         243.19816051649022       0.01260957157533304      0.013456415519780081
90.5331956566683          242.54160112958172       0.012257760912801834     0.013082196316097165
90.25756582534389         243.40609992131058       0.011840460988272327     0.012745145198291256
89.49175289715312         242.7384199924386        0.012200761151343035     0.013040126652932306
89.23396648104423         243.5907509374984        0.011633408458276323     0.012479325379815323
88.47111017876367         242.98506859555903       0.011431337767579175     0.01226932063485939
88.20892152941221         243.767451600432         0.011317145863774898     0.012157945935363743
87.54137802557523         243.10872501859726       0.011231717269348164     0.012059129139370725
87.18394848848092         243.944568100404         0.01037501137675082      0.011235698596498311
86.50504146649193         243.25597028237223       0.010620560410408049     0.011432585826010436
86.15875209510132         244.12037687248326       0.010384057151942575     0.011229573852364708
85.48261885684165         243.45998235993792       0.010388531287336793     0.011212548096931086
85.13164746997559         244.2846402396726        0.009590359948145742     0.010446985740026003
84.50522302767327         243.61838824423003       0.009886326923059694     0.010716647078615584
84.10400592768553         244.44555384936325       0.009581557545465573     0.010429682986332919
83.49841665693496         243.75878401446434       0.009706598593881219     0.010533219064720224
83.07652287109143         244.60747618718017       0.0089247044275778       0.00978504988180187
82.48263310230394         243.88919473979809       0.009221959716672066     0.010045348370464835
82.04801843517896         244.76266861848126       0.008856200217202272     0.009723055858943558
81.45589847070293         244.00577447370938       0.009201081734374625     0.01002516667837599
81.0143736410026          244.87842283548272       0.008463964469321043     0.00931500733983063
80.42099836474966         244.10950263910846       0.008717221355619633     0.009517259246287678
79.97927404854414         244.98088756206357       0.008328975848414012     0.009193573575721562
79.37858999247453         244.21019765937055       0.008787106196394284     0.009591389689626813
78.9448542867823          245.09004793032838       0.008099192775648039     0.00891730270394406
78.3302723794207          244.3185478373623        0.00826440453033882      0.009035117705225153
77.909704513153           245.1919792941079        0.007901971096365189     0.008740378154827698
77.28679430165099         244.446248273633         0.008353961476142792     0.009135358257670341
76.87357145932685         245.28344606200127       0.00771855727654164      0.008509543675711622
76.28955019738936         244.55133593732637       0.007959432449778439     0.008741647520455755
75.83724522157046         245.3727111476233        0.007710468685135589     0.008473360312297666
75.31236464583706         244.6412835515622        0.0076977097070773165    0.00845850986329301
74.8009521307339          245.46235992200428       0.007021182114795136     0.007829401305103987
74.28927284981823         244.72104477485524       0.0075597317550514034    0.008317671731464736
73.76453965308733         245.5506182717829        0.007269825458998872     0.008004023340028314
73.25617807184861         244.80004963601934       0.007386577285435584     0.008113444124300526
72.728041325819           245.6378630073602        0.006671452243484119     0.007449710150744947
72.21546910138785         244.88094641120372       0.007178342319804823     0.00789376752771928
71.69148965346844         245.72447188574606       0.006910320007080397     0.0076155797700201075
71.16434882732123         244.9671183843433        0.007104441016225266     0.007794591148923425
70.65487459990233         245.81031789410252       0.006403972672396893     0.0071339665123404256
70.10473083593295         245.06484679007158       0.006780146273827058     0.007458789818439311
69.61815118954095         245.89484569842176       0.006577396567299429     0.007250849196730413
69.04787546951388         245.17093396687443       0.006744692213402784     0.007405528698219833
68.5813576243489          245.97850902901337       0.006100937249090692     0.006778266287415642
67.98617400991903         245.22837303487248       0.006363831297977548     0.00700756650146427
67.5445331259506          246.06178832840752       0.006131658003574074     0.006794972279170728
66.94987722360676         245.3122502756304        0.006440475843660026     0.00706370343056473
66.50769449847164         246.1448913226539        0.005791807881808777     0.0064325264862538515
65.91771558161985         245.40076511901339       0.005972158416645377     0.006583675904560393
65.47080225855892         246.22732274418757       0.005715996817887636     0.0063562355177553395
64.8875137852961          245.48416107755992       0.006079501643130091     0.006669632338254937
64.43388403693638         246.30942687727796       0.00549253413053791      0.006083735056188501
63.85768846447644         245.56033800204418       0.005624203617218764     0.0061934731488954365
63.39697353131792         246.39162833647208       0.00533420478191942      0.005943101338616804
62.82546370224342         245.63105517514532       0.005769608597810252     0.0063213536418276215
62.36004096541425         246.4735459043203        0.0051941798087908045    0.005746779474784165
61.78928963459424         245.70084930008773       0.005304946624935366     0.005825201162872109
61.32274341329546         246.55069619705478       0.0049698203677861885    0.005546947212472953
60.75458062345548         245.76814778806914       0.00547316209651822      0.005988377264120946
60.28513252989101         246.6235183774705        0.004933396612953941     0.005442825000342687
59.707791845358734        245.83121154322225       0.005052798078507846     0.005515407893393103
59.247322994218855        246.6934573019177        0.004604586039708105     0.005153122105370164
58.667806639506104        245.89659062917025       0.005177483818142777     0.005647668112374308
58.20941035504941         246.76185102329478       0.0046728280070313846    0.005149172166257221
57.62493081578757         245.9645351898095        0.004803963210128312     0.005227861425280693
57.17136752166158         246.8282372069074        0.004295642534106237     0.004815253864482025
56.59098442296223         246.04394608724093       0.00484228396851178      0.005293306312954048
56.13319240841331         246.892522585721         0.004418907863551232     0.004860625798116947
55.552968393517986        246.12784597580747       0.004492336826475055     0.004909900574857135
55.09491039912108         246.9550585524177        0.003989064495164777     0.004472183695674871
54.541117283889804        246.1924760972805        0.004626305092631001     0.005040020339209931
54.05654573947241         247.01620756831687       0.004178811766905673     0.004587254622592444
53.51939040101535         246.25294295457016       0.004194696694574152     0.004609343082636709
53.0181555735179          247.07692285585887       0.003956190962515394     0.004384201273269876
52.49237503075009         246.3094906532098        0.004290278981747325     0.004679315425865486
51.97976736884276         247.13767161752665       0.0036735018025156594    0.0040771399468308885
51.4567790619462          246.36226247615753       0.003908184384181435     0.004277337945271129
50.941350257042295        247.19788791713452       0.003593876601151775     0.004003954100157261
50.416192551284546        246.4102472485273        0.004055872198478545     0.004407643489324897
49.90231487282708         247.24624586269502       0.003473778128778965     0.0038310512840513023
49.373764707419966        246.45387978495148       0.003795007300148211     0.0041185880978094275
48.86316448297598         247.29214738611583       0.0035712374664152494    0.003892071102948413
47.29349899681509         246.53431631495636       0.0036000627416220257    0.003885412846139222
47.82401335001426         247.3380320870562        0.003079152030345923     0.0034574675536688114
46.784725740836706        247.38065527329618       0.0033545642109320214    0.0036402690889717564
46.257294937666735        246.56928140984203       0.0035873935386647325    0.003856505892384028
45.745181463326674        247.41650924794385       0.0029064024507317273    0.003249418485712913
45.20892658817378         246.59942114181626       0.0034097151976866624    0.0036532455521400965
44.705494172437106        247.44797323398492       0.0031867642163787425    0.003443077718939648
44.176556920037655        246.6314310021262        0.003462458891116131     0.003701187685907882
43.665749199456684        247.4774835390638        0.002812974736682059     0.003106338586968871
43.12754806193897         246.6634986121362        0.003217691039364957     0.003427850612715791
42.62610308833814         247.5101644031855        0.0029937823329852643    0.0032335586480953383
42.07900606799709         246.70671478737927       0.00332230888740865      0.003537982476006126
41.5868019799596          247.55245453444138       0.002685920163003973     0.0029437656041831836
41.032525065409           246.75845465102188       0.002992995454230283     0.003191320026001742
40.54775105408984         247.6005431385479        0.0027596392098398355    0.0030031254015360624
39.972639025668904        246.8155971896724        0.003116753878931087     0.0033284799880666863
39.50876943698706         247.65011861526318       0.0025141799778397407    0.002754794944465948
38.92999907147045         246.86798901740895       0.002739047938873793     0.002939088691791703
38.4697077030628          247.69798188576328       0.002492095491973126     0.002738972666471787
37.89544451852131         246.91816645824372       0.0029171122869185097    0.0031125387209658376
37.43068513807527         247.74669034041366       0.0023405208006874382    0.0025496423813923977
36.86232869840788         246.96592125226007       0.0026450286662287915    0.0028269263645536685
36.39168790232501         247.79593693305532       0.0024689762377167294    0.0026481414380800402
35.828465778177126        247.01588464958272       0.002586986479405563     0.0027587056729728326
35.35267145540308         247.84477591244467       0.0019906657581109715    0.0022300291802601103
34.79381837442177         247.06882608366678       0.002461536597730321     0.0026419688762759548
34.31359905106044         247.89240879062018       0.0022445021808260575    0.0024116574978909943
33.75929853955768         247.11662170382513       0.0024463744814827337    0.0026045308649068582
33.27451090114982         247.93969832023745       0.001797293130653763     0.0020199704164399605
32.72202082996279         247.16144765642244       0.0022729688019925923    0.0024323348139411376
32.23543167132275         247.98718218336836       0.002056507141265964     0.002209480467489726
31.68412820699581         247.20312585673855       0.00231896088772353      0.0024578095471589393
31.196253612686135        248.03235828594904       0.0016675452146146135    0.0018616426727560852
30.645988333840776        247.24029624215925       0.0020990438920891457    0.002229311883467444
30.156684022932435        248.06748061798004       0.0018891044977259854    0.0020276208988963466
29.607738108670315        247.27337215575372       0.002205101993549313     0.0023249241737563573
29.1170777998807          248.10153034348667       0.0015733386257249231    0.001734280634924414
28.569394228839           247.30423285055676       0.0019424569422793467    0.002048345180051206
28.07746990195565         248.13552860148675       0.0017191988113377937    0.0018509524559992213
27.530895485261585        247.3330242985711        0.0020912209486443263    0.0021927639866118984
27.03777233302047         248.16664093269054       0.0014910353307308723    0.0016239394283229386
26.492288221580974        247.35949997359634       0.0018103010623138065    0.001888009628151832
25.99798429422524         248.19458601985966       0.001544242556761639     0.0016730645151288202
25.45353925574707         247.3844024729988        0.001982068307567839     0.0020677043822959207
24.95816992581539         248.22154089408457       0.0014091786703895228    0.0015171445194391297
24.41460071034724         247.40866774997656       0.0017740970330602979    0.0018371091972985223
23.91834706520526         248.24816613177364       0.00158477060491073      0.0016490709834784186
23.37558289805438         247.43265128966723       0.001743193188320697     0.0017884105332484843
22.87851284539802         248.27434335249816       0.0011423515065137663    0.0012790720071916854
22.33657638753073         247.45631170721342       0.0016583520753705179    0.0017040511009339466
21.83866453318547         248.29995417238842       0.001442431202703462     0.001491047580470808
21.297608458717914        247.47949653575344       0.0016743493188479397    0.0017069983093067188
20.798805001156662        248.32510667191355       0.001033103668876655     0.0011544151446809302
20.258564282518154        247.50228253227897       0.001550748834149522     0.0015725035743672303
19.758942318983195        248.35012833501554       0.0013377081246628989    0.001374907411405346
19.219245037308564        247.52506878746115       0.0016199258511369614    0.0016417297102280161
18.71907685317581         248.37503405697404       9.625638058139398E-4     0.0010632718400347338
18.17994360301386         247.54788819116564       0.0014506328480417732    0.00145168069678042
17.67920885272584         248.39983374028307       0.00122978996278393      0.0012616303263199007
17.13941909245943         247.57136192260836       0.0015567969776706563    0.0015692038148960566
16.63934852815247         248.42495051199518       9.187959312443581E-4     9.933362602409259E-4
16.098718099756013        247.5953095128518        0.0013351153144968411    0.0013229256869721692
15.599522849644657        248.4514626919898        0.001092690413001828     0.0011305582233070578
15.057245660590828        247.62066252047262       0.0014697462688784016    0.001479731204236165
14.55972763988685         248.47914513565064       8.48441735840826E-4      9.081992732841569E-4
14.01486843041099         247.64848827554056       0.0012097932872340616    0.00119455535398446
13.519955658732663        248.5076875300279        9.094160491996089E-4     9.684982329212971E-4
12.971647905985373        247.68030551210663       0.001349696830209168     0.0013684087619361214
12.480186370149106        248.53632455409232       7.545646998538697E-4     8.117220020232874E-4
11.929960845046045        247.7138485923985        0.0010561698930664568    0.001051571726348616
11.440356923415195        248.56268317830472       7.301419999133331E-4     8.109868541827239E-4
10.891286083595816        247.7460666688828        0.0012227375508113657    0.0012496698240892776
10.40048143954718         248.58716347603158       6.835982434011154E-4     7.320625804290599E-4
9.845842381983863         247.77527619005468       9.256368655583561E-4     9.326464157781322E-4
9.360581604637968         248.61058954486927       6.177272584284857E-4     7.024087730393619E-4
8.806572767626191         247.80386179362253       0.0011142524979059472    0.0011424942897844596
8.320668705776523         248.6334209903395        6.125607602518401E-4     6.536127442227486E-4
7.7689632182592065        247.82778260209568       8.535712526939588E-4     8.763224944841639E-4
7.280680188551001         248.65247186894874       6.903885813264622E-4     7.253726188066914E-4
6.735768880714849         247.84466100015982       9.310591691553876E-4     9.553484108664731E-4
6.240637038247746         248.66829341531198       3.211999463450326E-4     4.1406412597859676E-4
5.704451953404963         247.85606400536312       7.74533943914098E-4      7.882509514404342E-4
5.200574108788021         248.68277015966487       6.179085520311519E-4     6.433332750155393E-4
4.6720272033054915        247.87226339771388       8.977296409656989E-4     9.107279763730813E-4
4.160517000139906         248.69765471344346       3.2839461119603684E-4    3.944696663369447E-4
3.647453884671704         247.8943780800205        6.876566696658969E-4     7.000069132472234E-4
3.1204206533636256        248.7094015784606        5.818256251025363E-4     5.962422829442729E-4
2.625447014838152         247.90677883140543       8.372233855793158E-4     8.378701434625943E-4
2.080287072944885         248.71727556739918       3.554303155191704E-4     3.7470075423003444E-4
1.040141863683384         248.72347397270127       4.891157186378883E-4     4.618030049799989E-4
1.5934087328824476        247.8337758305949        6.954641074065339E-4     6.398037777961976E-4
0.6758275751315443        248.05804467621115       6.086019637969639E-4     5.695430015715427E-4
0                         248.73019409179685       0                        0
103.37917470135699        223.27955696970238       0.011419993507643922     0.012341459963060816
103.26602841475392        223.097302964832         0.011421376930515934     0.012342751291616222
103.48667976795878        223.1015792415998        0.011419606363436188     0.012341124925573372
103.18062512353887        223.27170637851833       0.011422104672962155     0.01234342031594362
103.06470685621818        223.10152494687478       0.011423571600349652     0.012344786578388273
103.60013306762104        223.3042773796966        0.011418534507718334     0.01234012962036017
103.7305981872516         223.10169982910114       0.011418903693156466     0.012340523050155318
102.99540906438267        223.28847516410926       0.011424679309032057     0.012345829351014331
102.86797518973705        223.13486748523684       0.011426216222322675     0.012347260892605525
102.65823849329045        223.19154615485144       0.01143041710710596      0.012351229277013487
102.80521666181356        223.3441369025544        0.011428197253055284     0.012349140385547581
102.59256780024332        223.42008634221818       0.01143347479440693      0.012354135668659763
102.42785630119157        223.25920278708676       0.011436835041145984     0.0123573028264991
102.3550981317935         223.50625569644868       0.011440989507229457     0.012361262435948733
102.17192648319296        223.3294146764764        0.011445571744960052     0.012365569551771531
102.09138566729806        223.6008914067998        0.01145107190840408      0.012370832820718021
101.88912935299652        223.4071846258815        0.01145700089298683      0.012376404205110297
101.8008344930548         223.70532923504342       0.011463985946752        0.012383106742543648
101.57659212870816        223.49313502502412       0.011471499568395277     0.012390165953145063
101.13576386116165        223.92986630916099       0.011499452904257424     0.012416686246941646
100.86850333412404        223.6878635472409        0.011511100125198695     0.012427715479668517
101.23119060000282        223.58812357762503       0.011489654906452986     0.012407373297595907
99.6705554837653          224.01729164571938       0.011600123292225088     0.01251212227733492
99.61196259624073         224.24992056167414       0.011609881191675919     0.01252147791329009
99.43894319239206         224.08166828093982       0.011620550166952794     0.012531688017109433
99.2300977561715          224.14240903671623       0.011640938421806723     0.012551357299313276
99.38300547486666         224.29642144525442       0.011630419140464197     0.012541184744936063
99.03898344718314         224.18929630927312       0.011661668738734891     0.012571312579220702
99.17150112356823         224.3380975060087        0.011650931110964548     0.012560937257670381
98.9686380827218          224.3705241891178        0.011671944733973476     0.0125812220589253
98.85073977084443         224.2088320528033        0.011683340232526684     0.012592245271581043
98.76293100492244         224.39435141505268       0.01169382518758128      0.012602378743309444
98.64870021484728         224.2158161097502        0.011705552687928453     0.012613736167803905
98.54437860112235         224.41515660954022       0.011717186036679776     0.012624993597240524
98.42529681303412         224.21966149522672       0.011729529494642668     0.012636950486021729
98.17845548606776         224.22641062938428       0.011756027041589795     0.012662599654061047
98.30670643727206         224.43714778140406       0.011742742632279679     0.012649743026232422
98.04602324881928         224.4616901438701        0.011771071379726003     0.012677161531604758
97.90567497180834         224.23461370012097       0.011785663125403722     0.012691254307722522
97.44268225466406         224.5201237835213        0.011837018566917502     0.012740812191851742
97.27103554605002         224.25369838416614       0.011854347569716893     0.012757433579958127
97.60420724921511         224.24367789182077       0.011818467063587227     0.012722908287699236
97.09096865600526         224.55579536349373       0.011874789519352643     0.012777108656477047
96.902825670108           224.26477508151447       0.011892918944567938     0.012794425731183993
96.70529232819611         224.59502061825722       0.011914687586796256     0.012815332084003464
96.49589273902288         224.27701681909497       0.011933331353489241     0.012833092125225877
96.27568469438546         224.64493357293088       0.011956259028190605     0.012855029568185572
96.04616430974278         224.29054263604496       0.011974322780460614     0.012872136611503016
95.82481389826432         224.71483484113634       0.01199585863513302      0.01289260287024824
95.54913972835607         224.3054864272676        0.012014357863779914     0.012910016867701457
95.38889696907353         224.68596878027444       0.012028481229570249     0.012923374934422116
103.23780320983866        241.34814906237062       0.010898032820264185     0.011855792119618349
103.31794393600715        241.49721563695852       0.010850342799820051     0.011811206938276217
103.13239218122453        241.49862856768036       0.01089385140769455      0.011851384342010966
103.4368295209064         241.33724782408694       0.010797440023036562     0.011760070440806297
103.52295493013999        241.50168846024147       0.010724211105563963     0.01169111156866383
103.63663643347626        241.32445892907435       0.01067888579985063      0.011646550976872788
103.74956787995502        241.50169372553944       0.010561850279521152     0.011535343254584376
102.96327069618388        241.513907418492         0.010892392386838484     0.011854015203202582
103.04123932385005        241.36167852889685       0.010973509444798413     0.011931008448961928
102.79541363083513        241.55295966145727       0.010936038408199558     0.011905347305547783
102.85645742361928        241.38729487498927       0.011036105341259166     0.011999761499321417
102.66252363358025        241.4235026759147        0.011104295050700978     0.01207765240794515
102.61182330288645        241.60387164665502       0.011103235848363905     0.012082595085713332
102.45898250789458        241.46514229986346       0.011253786720538042     0.01222983880971903
102.40949878842457        241.662108458088         0.01128606219176491      0.012274560696108036
102.23646041827928        241.50856238333319       0.011500134259733882     0.012473425688489892
102.18568039513508        241.72564241735026       0.0115354639998188       0.012524527717113286
100.77387404695146        241.818887490547         0.013088840494942898     0.013849365445246647
101.02650930089455        242.0444069944963        0.012977546022943093     0.013757881006905648
100.67657325965183        242.14063964809552       0.013348943597763292     0.014085534600735325
100.0435613563308         242.31472529234495       0.013744685258783649     0.014510444246227813
99.77144518382568         242.3895578697165        0.014115188822085805     0.014869585493682502
99.85355425100762         242.11686400808665       0.013876976385328475     0.014621775476847064
100.13664722656486        242.02263040107735       0.013754059843797057     0.01447264152827449
100.34427054706848        242.23202574408603       0.01350841714330279      0.014249037205033836
100.4439478699077         241.91948447867296       0.013467915639409078     0.014209743038307026
98.90712341906008         242.60637751975221       0.014372579390378384     0.015169769825613104
98.97064622289687         242.4194189410481        0.01423204541093641      0.01503107010249965
99.10128619711669         242.57574457922308       0.014369387670186175     0.015157637319621711
99.30351383203549         242.52252275809047       0.014337580961523875     0.015114571438546177
99.15756270495531         242.36487071995958       0.014216826743411888     0.015006417031169629
99.52520333500868         242.4572721316847        0.014273275371426435     0.015037900353045355
99.36042770018867         242.29425927869957       0.014167487812841615     0.014947103765772437
98.7021070319242          242.61492611336035       0.01432931660094893      0.015135847355194743
98.78234544615101         242.43850724369332       0.014216999026974654     0.015022398483201265
98.47534517238829         242.61763860881916       0.014218141462609494     0.015045374644494637
98.57282050996237         242.42766392639078       0.014205478190776966     0.015002246331599649
98.3330139440288          242.41351107860368       0.014246935800296756     0.015013154363257534
98.22484047896            242.6249270764657        0.014090645960106209     0.014943797294649322
98.06805188251552         242.40219221711715       0.014286809949568774     0.015060616668275713
97.9480101366277          242.63290937029342       0.014282888270022399     0.015110305805780369
97.7795287630542          242.3893386094598        0.014293397378192798     0.015100227920302857
97.64208386821281         242.64150004193505       0.014441108729470553     0.015252478622291102
97.45889122002207         242.3740784130484        0.014236874514073334     0.015055518328256941
97.30400550343793         242.65080136079362       0.014400706177221135     0.015222188572482975
97.1045091386075          242.35458822353746       0.014099322693907566     0.01492906591688786
96.930398698006           242.66096604379226       0.014256261848041076     0.01508697961551278
96.716941113587           242.33702736247176       0.013931212962016508     0.014777455561776181
96.51753389418107         242.67222224725498       0.014005939514312902     0.014855669848301672
96.2907645402975          242.31769346598193       0.014122786905553271     0.014937655677502023
96.06129204719134         242.68490935725652       0.013992156740154393     0.01484509513742434
95.81893294562543         242.2891921686394        0.01407836415041303      0.014899404230291263
95.55712533014928         242.69952884251396       0.014217513896641915     0.01503522029242847
95.38029281272566         242.31812421219738       0.013898797472083441     0.014723324111540603
94.47364606090318         239.48991272435603       0.013497149083892218     0.014312961617657022
94.99999999999999         239.17468993634944       0.01347524730621817      0.014295135094412605
94.99999999999999         239.99999999999997       0.013616784456646592     0.014434594116660423
94.28789202854806         239.99999999999997       0.013508949477365665     0.014324396228874296
93.8545508030549          239.42455406596798       0.013421236403413432     0.014235215774298609
93.52566468677945         239.99999999999997       0.0134095198112141       0.014223276533391643
94.2921987122545          238.71803315167296       0.013333108477354525     0.014151889455610423
94.99999999999999         238.2615238042373        0.013330650899413949     0.014152639202867117
93.50373723245157         238.88280875966882       0.013257707480989787     0.01407613886353328
93.10234760391158         239.37089448282143       0.013285091469112094     0.014099211783034986
92.71346833170895         239.99999999999997       0.013229184335184123     0.014045326282589199
94.99999999999999         224.91908560333695       0.012057293017559296     0.01295048592294498
94.47815333791712         225.24105304295256       0.012093031331827458     0.012984019253670733
94.99999999999999         225.54025211632964       0.012072331307382222     0.012965185045815108
94.48500150089296         225.86874838098936       0.012117289488809474     0.013007682809840182
94.99999999999999         226.19033387951657       0.012100600177437472     0.01299274012297616
94.457484414337           226.5399140453642        0.012248914339196814     0.01313517511824104
94.99999999999999         226.86809201933056       0.012303674758325842     0.013186998526265892
94.24933315630247         237.73551101995758       0.013253058356937188     0.014075248536939361
94.99999999999997         237.2599965567245        0.013211055558930889     0.014037108156911613
93.53154172851704         238.13672699586627       0.01317781088205428      0.01399640159610033
94.21241722468669         236.72981895555733       0.013078562151341453     0.013905447439927788
94.99999999999997         236.20862495434795       0.013136597886075825     0.013966682938969384
94.1937728823555          235.69170652378824       0.013031899332184587     0.013861351514713018
94.99999999999997         235.15665883346765       0.013026436230981297     0.013858784951402426
94.18321018836741         234.63950528826982       0.01294880292764596      0.01378285248058079
94.99999999999999         234.10469271258734       0.013012301849773292     0.013849977707979183
94.17499160959856         233.58327966863067       0.012952802079528506     0.01378979788527387
94.99999999999999         233.05272659170706       0.012863375560703048     0.0137089382379543
92.83742270866577         238.64000491327727       0.013107161124174304     0.013923533924415967
92.26000487291779         239.26406762529018       0.01306184314602129      0.01387822892263181
91.83362809966754         239.99999999999994       0.013003473846587737     0.013819136331862577
93.98539303206141         225.14887933709443       0.012110425397612172     0.012999703638801301
94.01160579000666         225.6132808213724        0.012125867895372046     0.013014800807869263
93.96533519911557         226.19851879918          0.012151152522257022     0.013039200265062853
94.41363650567632         227.23903137500096       0.012345965620133638     0.01322621879840985
94.99999999999999         227.57542773904333       0.012360925325642348     0.013241461810813112
93.88078042383765         226.8749219669311        0.012304738194715793     0.01318612670252015
94.99999999999999         228.32044713752484       0.012352322470906625     0.013232692788351623
94.3598122063509          227.97691447789458       0.012373794803143124     0.013251931102194416
94.17097108544291         232.53224196254888       0.01268665968210519      0.013531555348869658
94.99999999999999         232.00077340084          0.01262430838633785      0.01347762842869564
94.99999999999999         229.1211121764287        0.012347458550429511     0.013225708023118047
94.31440106021124         228.75453485785613       0.012350787177088955     0.013227688879621757
94.26934986633204         229.5964778920705        0.012515282681769683     0.013378858471688975
95                        230                      0.012637152153129867     0.013498466303305345
94.23057798621754         230.51177830521056       0.012680558400793301     0.013534523380983854
94.99999999999999         230.9658583433338        0.012707031787708654     0.013562159586187195
94.18767677470116         231.49770063480457       0.012655193106605166     0.013506384371118533
93.34298340274631         233.05439418343585       0.012787394768500172     0.01362732080773373
93.43966221791275         237.24348532651717       0.012990894322569285     0.01381496414804823
92.71604597391833         237.78066481105375       0.01300139648162277      0.013820942692552478
93.39163850492064         236.2402116511884        0.013013411017636695     0.01383920910435303
93.37617030599777         235.1851895350006        0.01279126298509641      0.01362282901051459
93.35519916312664         234.11808631128883       0.012873446961966314     0.013707755804115445
91.91594467671962         238.32977998718394       0.012780801781919262     0.013599870746703673
92.03418843299158         237.4960220303766        0.012759333856131528     0.013580290802525744
91.37834039290577         239.18898442364159       0.012792726789746621     0.013609475457798713
90.91999974864052         239.99999999999994       0.012809724877599517     0.013622131755293405
93.5592971851478          225.31795083486318       0.012125850736504892     0.01301361859442522
93.46508679004839         225.87835079964407       0.012152008280013865     0.013038759029498333
93.36380638254437         226.51409820989966       0.01221299652529923      0.013097707423901246
93.78369883018591         227.59897629266266       0.012342584876711285     0.013221372472553916
93.25191915919778         227.2107830515823        0.012307420281803228     0.013186884762452245
93.68165361884586         228.35322411446987       0.01234450379471628      0.013220946605718058
93.3467806051297          232.0062159229101        0.012595278554161904     0.013443567487340125
93.57245545686398         229.16003965292637       0.012344444255431249     0.013218209543486467
93.46753252556861         230.04106391454005       0.012628853986063726     0.013485196178721843
93.39618130154675         230.99428430671827       0.012636171719829099     0.013488212679496259
92.49946900135721         232.50929286702032       0.012609086941013483     0.0134505584318348
92.5122995609159          233.57837053722778       0.012793001915382534     0.013628827519268161
92.53699671913131         236.8379785254797        0.012824363572660173     0.013647091592182383
92.59066616689023         235.75332987417755       0.012817561739117647     0.013644618277781783
92.54258385624705         234.6686810270807        0.012760508819647012     0.013591304544970787
91.70854241555564         236.9440934402872        0.012691927956811299     0.013513427515469672
91.28017182234503         237.57926918064163       0.012610982086702817     0.013431274409147527
90.90634013593215         238.36420379779818       0.012627172531781536     0.01344388469606729
90.43930766256692         239.17928102262428       0.012608222360775212     0.013422423703570973
90                        240                      0.012556245499633        0.013366708074209041
93.01426605759572         225.51813709027888       0.012135985397949639     0.013022004779670608
92.86690589326861         226.14260224621876       0.012164032726610548     0.013048547381932481
92.73399419048106         226.8041740646633        0.012264552550492934     0.013145287864741869
93.11270907523594         227.9394255516591        0.012323050606099293     0.013200134993055805
92.63652605290177         227.5331022236776        0.012293477843594655     0.013171470887302679
92.9445740318497          228.69025619602152       0.012299148601805804     0.013174473974521579
92.49181083117786         231.45366713712122       0.012577570962834128     0.01342617347804228
92.75541240208486         229.5252268517792        0.012467231541218359     0.013327177480413602
92.5807510474493          230.4587363566779        0.012610416569121706     0.013463436791179244
91.66534057058335         233.03486994024152       0.012584304683897875     0.013423463713889304
91.63887575781592         231.92878764340168       0.012465064499740235     0.013312430151535803
91.68455173509018         234.09170646224075       0.012653121771733016     0.013486543816294693
91.78933237734361         236.1583073679744        0.012706200257086466     0.013530784010184845
91.72659622756152         235.1420366677038        0.012606646639566286     0.013435628331371243
90.90202272596669         236.64889009696378       0.012505846289356224     0.01332859461720558
90.38236597620778         237.53075632448065       0.012419451677127484     0.013239442275084152
89.9211600746496          238.3508962369216        0.012393746578295416     0.013210264229235378
89.46160180146057         239.17218710488672       0.012355804398195237     0.013168801236790517
88.96551724137932         239.99999999999997       0.012251714743425181     0.01306110024450821
92.40029856646206         225.73457349307256       0.012131747898472092     0.01301616884564376
92.22247469066001         226.40812094286858       0.012159908202896275     0.013042768458166985
92.0690765649118          227.08875217404756       0.012236374372987231     0.013116054087893602
92.40381833236053         228.21623868862827       0.012297487373516526     0.013172526012512842
92.05062625144919         227.71170217790586       0.012271923517975625     0.01314888794624316
92.14092821278994         228.947542194809         0.012235057076128502     0.013108601995702069
91.5260271255397          230.88334132506364       0.01250082600319098      0.013352741342848435
91.82623313798759         229.8537227957001        0.012470509042447368     0.013326916429164335
90.84120745661107         233.55565300702213       0.012500196865929682     0.013337406038205197
90.8166516689432          232.54589028985794       0.012366707308430933     0.01320969443588514
90.8029888155948          231.5748814605819        0.012351828734129043     0.013201690929674237
90.58939481076922         230.85897943136416       0.012344394341973335     0.013198637022036313
90.85341527184364         234.5809291697403        0.012473632295086438     0.01330505118866217
90.89931527881804         235.59930998872923       0.012503168664358981     0.01332973460225379
90.02570842292846         234.02350957990072       0.012317813990284547     0.013153213064599096
90.1856108566063          235.99271923801558       0.012390135499182747     0.013215210855643245
89.88264854622561         236.7196959943561        0.012258596637632792     0.013081674804439182
89.4018525521276          237.5215826402023        0.012193690938701639     0.013014283511032931
88.93229114650921         238.33814131384383       0.012153162703715468     0.012969891557034667
88.4487282362154          239.16229256256855       0.012060576651037257     0.012873707166929203
87.93103448275863         239.99999999999997       0.0119433630172653       0.012752444656816247
91.72411581619502         225.97199716239822       0.012114375137004333     0.012997488153414954
91.54045711264148         226.7066265168111        0.012195255482635295     0.013075877145772836
91.43944299151268         227.49463775342136       0.012212076097870174     0.013090399688832166
91.58753767188054         228.31084606217777       0.012220461754383223     0.013096162885404286
91.25367969643408         229.17768670721716       0.012180899063176348     0.013050394084994796
90.80411656261342         230.05783831615372       0.012330230397855272     0.013187715861604247
90.06197925855031         230.479433743278         0.012240751621177888     0.013098010560650844
90.00195297623465         233.05711044630164       0.012306798511996293     0.013147316170550713
89.97748531044452         232.1267125553082        0.012191733070628076     0.013038741577727034
89.958390085274           231.27499155318444       0.012200780562089024     0.013052902629584655
89.94320109514598         235.07341327527482       0.012238886814570705     0.013069173843292798
89.22444535613458         233.53467652030852       0.012203094983490688     0.013042090172088046
89.29004314578305         234.33928405449532       0.012164355198235445     0.012998362456483111
89.35481166057956         235.89095558879626       0.012165093301541247     0.012992137522178438
88.88238847000726         236.6899263611256        0.01208193894805983      0.012904728376219162
88.40331204255058         237.50374381082938       0.011986406666648972     0.0128066928868389
87.92248991694245         238.32360864740747       0.011927898507441227     0.012744230907159369
87.41296617896515         239.1607266452502        0.011788790996833014     0.012602271305299466
86.89655172413794         239.99999999999997       0.01163627600120149      0.012445166016435747
90.98394808236618         226.23241974984697       0.012062274152894868     0.012944879168770226
90.80326403103902         227.0443364047659        0.012131297136827411     0.013012073186725747
90.7096642798608          227.91861284375207       0.012174335425377285     0.013050592540218
90.76825838506961         228.64446073869973       0.012134570526389927     0.013008815136775381
90.38433146611042         229.25663316775942       0.012122532848670348     0.012991641184142899
90.03747379693439         229.84492077682035       0.012176878574102972     0.013039098623548611
89.37915471565515         230.10735383255764       0.012122333122292557     0.01298423520946678
89.25542829295355         230.84710466176097       0.012131878605677037     0.012989265579263666
89.12059217580502         232.58242574473647       0.012077325726345518     0.012923227805566572
89.08028657595351         231.72481491421092       0.012036086376516876     0.012887756783741253
88.53225149568613         233.13563420617078       0.012033815565007168     0.012876687808681698
88.86426292130608         235.03028747168318       0.01202603052511985      0.012857199179113614
88.37612392037023         234.07009509024633       0.011977447340079394     0.012813024405947794
88.36738929407258         235.84176055034695       0.012002752616176532     0.012830522120971516
87.8801348273656          236.6643137524737        0.011898918379060637     0.012721469343600163
87.39482711341802         237.4882147837122        0.011788014918487957     0.012608219444257872
86.88859146043124         238.32375273607315       0.011685844310337696     0.012501728314996421
86.37723590490054         239.16124984477435       0.011525377129484217     0.012339001002247852
85.86206896551727         239.99999999999997       0.011329940494185141     0.01213844121672311
90.17060407933765         226.50814353909095       0.01203084309266183      0.012914420372091453
89.97233175522366         227.40566731475516       0.01208897699577838      0.012970553425870173
89.87860781872739         228.4514990561451        0.012061728719011634     0.012939730901166386
89.56385253688362         229.36339341152024       0.012050954266444624     0.012920007501199591
88.89137256279984         229.70260920248185       0.011970360562534482     0.012837215092538623
88.62267586724847         230.33302044910684       0.012027419839090657     0.012889662069991809
88.37053132852702         231.18797057703452       0.012009298710888959     0.012863768602206447
88.1498450832122          232.25584742689688       0.011900425759506507     0.012748279583954471
87.68434934746237         233.2346233917362        0.011939517960827851     0.012780676582271546
87.85400841188506         234.96621627093947       0.011902355119031524     0.012734379258457494
87.28421100936336         234.11604713467463       0.011885696554011895     0.012720652283570623
87.35082605226853         235.81982193216686       0.011855975817390852     0.012683800104044763
86.8609291992534          236.65398813966226       0.011715410728865379     0.012537861125787893
86.36138968157695         237.48850914517516       0.011570718745153516     0.012391158696262089
85.85482715867022         238.3243926906553        0.011413694905501334     0.012229605711294993
85.34275233445923         239.16178065627437       0.011253623938795936     0.012066611218278393
84.82758620689657         239.99999999999997       0.010983102960271876     0.011789925669063289
89.26830312820515         226.78109669163993       0.011967168249685094     0.012856367301195297
89.01545287658685         227.74346031634408       0.01198535780391616      0.01286952944921313
88.72654286963848         228.8346859592679        0.011891510029952947     0.01277127286152843
88.11909136583462         229.63502772648778       0.011871821610688262     0.012741561302442377
87.71755024285079         230.51637303986612       0.011830634154107898     0.012694716751424527
87.39740190894359         231.45066297036516       0.011816378012915256     0.012670672035815777
87.04589398000313         232.40712662687565       0.011716421130109194     0.012567528255705037
86.6507225878999          233.29791783137009       0.011786068986787565     0.012628827397378995
86.80150428165571         234.9793486433608        0.011787558401807187     0.012618779275014187
86.23149181780305         234.1563227984899        0.011731410030893027     0.012568119397194
86.31781357902582         235.8216526549501        0.01168178733923899      0.012510204060356722
85.82802117878383         236.65557091101087       0.011501896683659174     0.012324834208947597
85.32927885580273         237.48932515797446       0.011327387103402642     0.01214778157437126
84.82192685050468         238.324979045625         0.011146076477860494     0.011961761065111957
84.30871076614727         239.16213306918655       0.010976532164820016     0.011787776327624013
83.7931034482759          239.99999999999997       0.010673998772479399     0.011477640702171103
88.28509221955736         227.0211042030963        0.011823642545692363     0.012726746992954152
87.9638143881056          227.96489516478246       0.011821825712517659     0.012710610907461012
87.5843452860079          228.8537781982938        0.011681005696598456     0.012564847167526793
87.11585194641935         229.802625299576         0.011720730204012026     0.012590829318268543
86.72895168915367         230.7123587472775        0.011719055877128633     0.012583913295478968
86.37190742509397         231.62185895549794       0.011611873895954349     0.012469410584837968
86.01006194679643         232.512310285445         0.01150708783404329      0.012357688597905153
85.6278135316095          233.36461377185364       0.011550207094661214     0.012394708568501429
85.76615869194124         234.99671392363464       0.011530581151849536     0.01236460224110954
85.20885946657482         234.19110234987625       0.011429799499286242     0.012269141531534992
85.28818878465113         235.82618994175263       0.011398653041795851     0.012228025541341505
84.79830205274618         236.65555604209234       0.011261817083553461     0.012084823132833393
84.30126118656196         237.48860711483098       0.011063597860603722     0.011882534972208746
83.78908644645374         238.32482475551717       0.01089211199989556      0.011706626219421075
83.27454926792504         239.162114958179         0.010667124001960097     0.0114755298483734
82.7586206896552          239.99999999999997       0.010314684966001223     0.011114259748974469
87.25770257582677         227.21604289340596       0.011704030057071232     0.01260148913547672
86.9137505010163          228.12029941828692       0.011610243491973942     0.01249887273645259
86.49178693009942         229.04928000182545       0.011552321553996088     0.0124348307372747
86.07809160458993         229.97733642489777       0.011535898982197429     0.012409346285126419
85.69969949463545         230.87834572289864       0.01145485018489515      0.012316254959323593
85.34892628543679         231.7704209921921        0.011364621695676787     0.012221072689894927
85.01459488887248         232.61218652891634       0.011366746834857456     0.012218282105672648
84.6503876043896          233.4173183646922        0.01123576418348571      0.012083020311762485
84.74554116329195         235.00606207849577       0.01121505941606623      0.01204993074774184
84.21495419450255         234.20444865073526       0.011129675633473885     0.011970326211791978
83.74539430115055         233.44106574788736       0.011024594500534292     0.011873959330570694
84.26217493398798         235.82267253813174       0.01112749458700734      0.011956194548225376
83.77116608105985         236.65116940265614       0.010985761212712051     0.011808463984699922
83.26818069467978         237.48687384321892       0.010788769246760645     0.011605703622146515
82.75452713484462         238.32413798110338       0.010608150330175405     0.011419571980766567
82.23974999056163         239.16194305174747       0.01032840517430142      0.0111312818301207
81.72413793103452         239.99999999999997       0.010018323955663369     0.010810451417539798
86.20937456373503         227.39433458833935       0.011547172578972706     0.012446418295460926
85.83098436327995         228.31341320667582       0.011478358042995048     0.01236889892026889
85.42828741301439         229.22702223936497       0.01136555659909913      0.012248293005207736
85.02957033243695         230.14219217926978       0.011361222874126302     0.012231368005206503
84.64097989979234         231.04494962243956       0.011293745862547304     0.012156876553127006
84.35788561659655         231.9177727542011        0.011175801361205264     0.01203575740999113
84.09070924362781         232.69049313888422       0.011079663912806301     0.01193385127249291
83.38754954248787         232.84420925008482       0.010937108894657573     0.011791123256547529
83.72822612674747         234.99161969401686       0.010936784895460927     0.01177192423212426
83.21055362754015         234.17899919711124       0.010893874667777958     0.011735718341100253
82.94306888210146         233.36159981317104       0.01083603027276375      0.011686817972906336
83.23498146979942         235.8057862735594        0.010829740739218245     0.011658690782127055
82.73982987166664         236.64535783312346       0.0106910787179283       0.011512881791544824
82.23184592684687         237.48536058005786       0.010490398596509598     0.011304214675104963
81.71856655332002         238.3242093681163        0.010300414282820846     0.011107402369716078
81.20443081457184         239.16214553181146       0.009994661440808158     0.010789648762118244
80.68965517241385         239.99999999999994       0.009779468127400453     0.010564209415817136
85.16200638191316         227.5672432444701        0.011459396932146813     0.012350229764777523
84.7709601753023          228.48029407678348       0.01123958662745868      0.012128843546217455
84.37248609379564         229.39577953277464       0.011178180179302664     0.012057585167798703
83.97824836897534         230.31690068789374       0.011118044856350309     0.011994950091862522
83.59351155984872         231.2508449750787        0.010965937467453354     0.01183374576325649
83.45428450304537         232.13886272236036       0.010967347431579408     0.011828348076235307
82.73185671052904         232.5690329457278        0.010743976794952365     0.01160381690696641
82.23090114900687         233.1011380348673        0.0106464165944177       0.011500404041940526
82.69785171108325         234.92807277870122       0.010661884022818235     0.01149843414060603
82.1988068425624          233.98002477270393       0.01063126154291355      0.011475495595666001
82.2075067633811          235.79604716253328       0.01055697279851442      0.011384880531703877
81.70202741624881         236.64641381740992       0.010383335721764392     0.011203169360997802
81.1934555986677          237.487816490127         0.010185996734344916     0.01099593604020376
80.68234268838944         238.32589212608335       0.00996131833921194      0.010762359080702444
80.16911474074384         239.1630072186822        0.009713867279171303     0.01049998621190453
79.65517241379314         239.99999999999997       0.009589322575605541     0.010367022557139506
84.11421587031738         227.7323992696589        0.011135194923979524     0.012020663036507324
83.71734037222348         228.6431643084897        0.011065515275518393     0.011952024156615214
83.31614966082334         229.56140051937118       0.010924253408181943     0.011809279787631381
82.91997660699901         230.50445852650685       0.010928814399272091     0.011805670912456974
82.5641943451822          231.56082327018547       0.010802507522905033     0.01167235660420661
81.83760812046954         232.4175961506801        0.010549154197309599     0.011411958439423593
81.42262444807855         233.29854730712717       0.010473339523744185     0.011326655925074617
81.68752500390944         234.94157007652785       0.0104449107569953       0.01128056524249286
81.13097908795677         234.15277901375643       0.010374593218497387     0.011217438207977494
81.17071048750434         235.81064123318217       0.01030010461975104      0.011125585732085816
80.66261046980522         236.65512223989307       0.01010389537027871      0.010920195170252696
80.155699638201           237.49283605645974       0.009854802089239228     0.01065969300719691
79.64626374838211         238.3285912396718        0.009667576246189356     0.010460574684900291
79.13414711529592         239.16420007020088       0.009494463598339458     0.010273009080985442
78.62068965517246         239.99999999999997       0.009388629286218053     0.010158337125993268
83.06936822902733         227.88839347183733       0.010982927662626922     0.011873560619126552
82.66256825311628         228.79382059416466       0.010768149136975035     0.011665500745533281
82.24895961707708         229.70775264252296       0.01076006372547234      0.011651887875529647
81.82678649658173         230.62503725576124       0.010740190670387291     0.011625191618664875
81.3699249349974          231.53378293668226       0.010458756910373639     0.011332444694943532
80.86669283502324         232.45356729754212       0.010410527672462882     0.01127436135660103
80.44838786920226         233.3369435562944        0.010182560357602432     0.011035474926154755
80.63775983298862         234.99509747328432       0.010191742120350523     0.011023267879594926
80.03086258531609         234.17909831409466       0.009997133225250724     0.010835986126230017
80.12328104337898         235.830871949404         0.009931143534689742     0.01075228515302887
79.62161078195192         236.66575931366393       0.009813262015800898     0.010623712537203423
79.11860643040853         237.49858179574952       0.009618350264252165     0.010416136645793007
78.61109805288878         238.33135349110748       0.009390122434567943     0.01017424599827599
78.09971677357946         239.1651857563156        0.009288472398369186     0.01006040430201159
77.58620689655176         239.99999999999997       0.009176508525194173     0.009937128373602097
82.02315895062523         228.0277894944731        0.010729885222745891     0.011632322454375137
81.60546865585151         228.92398660607856       0.010578527518617988     0.011487032668798828
81.17312232535335         229.8234066507074        0.010497090444282946     0.01140150579897612
80.7394494424145          230.7275789060011        0.0103194071436463       0.011204382165732024
80.28466122353461         231.62556874969937       0.01022186894301416      0.011098643925143483
79.8369504138572          232.50896508476941       0.009987418479060898     0.010851746862903867
79.40566002185747         233.36750502697313       0.009957953346801334     0.010807920045800947
79.5678522398728          235.01348415880244       0.009848452642786875     0.010677784385993169
78.96895494152534         234.20805712135262       0.00975972679549543      0.010592894996182682
79.07324001268933         235.84674310904884       0.009672426905278078     0.010488715820029347
78.58180532843454         236.67531169481776       0.009560941376664299     0.010363855840991427
78.08337991999802         237.50336565656997       0.00936952704892         0.010160189196074742
77.57745793521654         238.3331821574562        0.009179676956189651     0.009955132927151222
77.0660350885829          239.1655777799822        0.009115418850810115     0.009879298969116814
76.55172413793109         239.99999999999997       0.008958765012578146     0.009708168227444037
80.9768487636614          228.15045285269093       0.010555728891439861     0.011479336824915386
80.54815402527576         229.0406974019122        0.0102999713173505       0.011220508413194274
80.11300402952739         229.9332429453475        0.010232036039342937     0.011142190422469842
79.67096663210536         230.82336199427235       0.010170761093735194     0.011061336031115811
79.22539714678138         231.7044393817465        0.0100401400390398       0.010918433873232143
78.79146093983373         232.56452103607282       0.009870794110492442     0.010732029384445257
78.35734338141022         233.40744504925496       0.009749872038151643     0.010592213064706708
78.50858178488188         235.03614200122175       0.009660027424371184     0.010482528798123558
77.9171510373418          234.23556671516266       0.009651166962684808     0.01047700458985469
78.0303585665733          235.8599499079077        0.009547302357327479     0.010356137833104614
77.54751546555812         236.68141049337427       0.009316682685465443     0.01010963395098098
77.05428934410273         237.50378528495264       0.009157186113015692     0.009937873172474963
76.54684235544322         238.331885080021         0.009025743869230373     0.009790209662572708
76.03300183007575         239.16510437344937       0.008938597773456692     0.009690991769631159
75.5172413793104          240                      0.008708680401880496     0.009444692304255348
79.9297325565467          228.2626360221327        0.010273911713674392     0.011207995014326904
79.49479867387866         229.1489635047292        0.01017543291204198      0.011108007985975851
79.05610214012843         230.0332422966657        0.01009459928327268      0.011010789816037753
78.61377004317812         230.9122538602295        0.0099329505404568       0.010830605076971067
78.17856850417253         231.77473678793294       0.009758632023966889     0.010630387971661583
77.7456458400425          232.62055032974058       0.009664218958436326     0.010517423549805859
77.3152903392951          233.44762314889942       0.009531507566800367     0.010365070820781717
77.46594369581757         235.0534273320355        0.009532649939865348     0.010344357244249905
76.8846911479419          234.2596708241779        0.009472934676142542     0.010291273339796741
76.9994081344946          235.86707803535202       0.00937552847489083      0.010173334539897062
76.52478364966234         236.68074439136075       0.009124395097150274     0.009904672484605602
76.02897528182675         237.49984029446216       0.009004350233409135     0.0097705178043567
75.51600736694384         238.330176154055         0.00888616306391978      0.009638475130087835
74.99998331997            239.1638936289036        0.008721694303384403     0.009461067213341336
74.48275862068972         239.99999999999997       0.008480533819601519     0.0092032445050417
78.88496477206986         228.36898527427138       0.010039091665523234     0.011003999925539588
78.44607699652606         229.25034347011925       0.00982164944892148      0.010766231951056615
78.00629359623231         230.12704557228747       0.009772552259152361     0.01069258031745131
77.5682268905142          230.99411265680578       0.00966386858747814      0.010551546707844977
77.13289091429364         231.84625570525745       0.009586232279329763     0.010452725551245537
76.69911582398035         232.67861890908202       0.009384634352513084     0.010225258207259428
76.28753230042169         233.48256778150952       0.00937770882553437      0.010202433114444638
76.44075442306622         235.0637703257937        0.009288263844662428     0.010089707252111056
75.8809327699505          234.27426831623518       0.009249902960833301     0.010057805317817402
75.97976029757146         235.86620715425317       0.00912306018598153      0.009907427259323346
75.50577186640612         236.6740008778766        0.00894732015216562      0.009713093845337738
75.00280176482704         237.49381832425993       0.008859901678508447     0.009611978079023718
74.48440423811337         238.32692003197417       0.008722203335606657     0.009460635242278595
73.96630708377609         239.162494292376         0.008496157302931432     0.009219722420489658
73.44827586206904         239.99999999999997       0.008338779216556557     0.009046740457458529
77.84347006760888         228.4691231022           0.009749826888074293     0.010725890643386774
77.4023980189637          229.34612797678696       0.009674452591695767     0.010614609721838844
76.96222261116641         230.2173652887562        0.009589709819164913     0.010497261588146532
76.52464741990723         231.07859187287522       0.00950110593750464      0.01037785220896087
76.08642376097006         231.92498910220183       0.009375418508828929     0.010226915893215437
75.62771633544136         232.74685309177252       0.009267550667138025     0.010097070163008206
75.31719740497535         233.487680583145         0.009136428092675597     0.009948147723627674
75.42991420342436         235.0643780760337        0.009066622228637041     0.009854163408295778
74.87261311161431         234.29709116050134       0.00900338617512301      0.009794740325598574
74.96638838927886         235.8537649587117        0.008890343893064534     0.009659602100238592
74.48630979036437         236.66048664252713       0.008764825304415018     0.009516527759212022
73.97076105011075         237.48760629287708       0.00866169832472378      0.009399176343434087
73.4503567621289          238.32398127212423       0.008480325609672735     0.009202548865828495
72.9317617741419          239.1614660294126        0.008290215247564394     0.008996134105086278
72.41379310344836         239.99999999999997       0.008168230099589604     0.008860296849343504
76.80441249990753         228.56376409642442       0.009623314926185943     0.010579343547148783
76.36249968795276         229.4381212477133        0.009534882143822844     0.010461158773093296
75.92265351734592         230.3075656824528        0.009454494289880856     0.010343898654120358
75.48649550515528         231.17032518861          0.009332216930420328     0.010195543628653514
75.05198311199004         232.0247188217024        0.009137465388265585     0.009972418457046455
74.62845549313455         232.8637396964099        0.008952928604769185     0.009759553292703546
74.50240679225575         233.60096066347393       0.008955843143646723     0.009750879921908645
74.43717924576882         235.0322287245721        0.008879035362019139     0.0096528166671215
73.95575410955122         234.16933056219315       0.008837327917772283     0.009614571102589542
73.95344379094148         235.8290545896997        0.0086834025177046       0.009436477818327417
73.45161761274207         236.6483367773455        0.008562355200436458     0.009298959430951633
72.933415424156           237.4841390999502        0.008429887347215061     0.009152038132524258
72.4144524605705          238.32245837558366       0.008212294491685463     0.008917149834109662
71.896556169286           239.1611048324041        0.008091968158332864     0.008780936551833004
71.37931034482767         239.99999999999997       0.007933715179746545     0.00861031745124804
75.76729334871543         228.65492743604224       0.009445515391494625     0.010397881402901805
75.32512738267285         229.529013580751         0.009313060523393618     0.010232421785605293
74.88584769483269         230.40160722515887       0.009293814925376738     0.010173148056207634
74.45542290700405         231.2766347460806        0.009040936701425266     0.009880681910598576
74.029999254034           232.1630637768778        0.008913559199577247     0.00972547422378925
73.64506688661119         233.15922114599758       0.008787451281557486     0.009571292543369846
73.44496186980264         234.97975300029302       0.008667227168756808     0.009424028877570502
72.96672524930143         234.09507151857648       0.00862457860044573      0.009382199313735103
72.93234885439612         235.80081961861376       0.00844285914888297      0.009178257917471662
72.41401137805008         236.64291225237614       0.008366043355431464     0.009085416722634207
71.89521481495537         237.48350206127148       0.00818207107242346      0.00888621830659434
71.37763196488557         238.32268152216065       0.007976123166924483     0.008661372634519965
70.86094616330965         239.1614237430599        0.007900510333537664     0.00857311785840535
70.34482758620699         239.99999999999997       0.007729145475970506     0.008388420139625192
74.73099420359382         228.74477959993968       0.009224778451607803     0.01018410555287194
74.28746653817159         229.62062954965873       0.009130407938945083     0.010020945478044427
73.84359626599948         230.50039596767687       0.008958825136774718     0.009799543959826887
73.41101154349963         231.37905170390619       0.008843745443066679     0.00965688535535183
72.99413663467999         232.27212023270877       0.008695248879965997     0.009479850669012106
72.46007875137829         233.20911940280078       0.008558325390752209     0.009315149226834752
72.42008313526983         234.95793201918417       0.00838572864824653      0.009122542055868139
71.91095332528768         234.10606407920702       0.008359330787316597     0.009093577336489666
71.89427263240039         235.80312780496172       0.008203517632960492     0.008916671351769082
71.37477815548532         236.64622281605077       0.008160204068981563     0.008860531765329959
70.85680258051947         237.48576281033593       0.007916805693135047     0.008599804529420012
70.34055690739096         238.32416032206686       0.007786304532684301     0.008453288467026346
69.82521001363264         239.162216905969         0.0077276762013916206    0.008382495937484582
69.31034482758629         240                      0.007513122129596939     0.008151228128523811
73.6941651854906          228.834064402056         0.00898132478180797      0.00986800887336598
73.2471854707092          229.71130542662388       0.008824294088731298     0.009670941728162663
72.79224066968635         230.5879217989111        0.008762793353031597     0.009572454339483715
72.35067352959389         231.47417370118177       0.00864497906703194      0.009424575967450251
71.89111513460026         232.37927662253358       0.008441486639202718     0.009192485997079251
71.38402667538313         233.2654006272703        0.008291919397452158     0.009018543342449233
71.37846531491077         234.96810668506305       0.008158054231123214     0.008870001376815637
70.85634082548269         234.14075422234728       0.00815715712469898      0.008863059429883873
70.85552989233946         235.81388093203938       0.00804852013514771      0.008741608440249073
70.33664984010545         236.65347511078627       0.007933230654692543     0.008612738309560207
69.81946107041288         237.49015470048764       0.00775064334642775      0.008412140644961109
69.30400455140332         238.32643139634183       0.007678878276948522     0.008327375571275704
68.78973941047492         239.16318795998072       0.007513550624991897     0.00814926530715719
68.27586206896561         239.99999999999997       0.007313694852734714     0.007932840479235434
72.65696945569186         228.92279586399658       0.008800945273458129     0.009666370623384072
72.20880149368718         229.80148358634565       0.008742740694780494     0.009555247112680543
71.75277449076837         230.67974235765186       0.00858365950183891      0.009359385889957368
71.29240437193722         231.56349632456104       0.008371511630717242     0.009114049526358912
70.81404482535653         232.44510484461847       0.008222115626007843     0.008941844963302371
70.3122280471358          233.31407871758998       0.008177030191917537     0.00887868106357313
70.33351734156122         234.9882407584097        0.008063386989665916     0.00875151454306067
69.80273150334557         234.16919150474115       0.008015539284594085     0.008698474318193433
69.81579068979862         235.82817517294222       0.007943221948499148     0.008616413285311262
69.29929616894029         236.66305995584517       0.007715622971313424     0.008372432622277493
68.78352995568243         237.49607176205032       0.007645110805436758     0.008287888155063058
68.26874192311477         238.32944405903666       0.007525873075149081     0.008156876086854168
67.75496506169095         239.1642336202193        0.007296313313120094     0.007912069726340827
67.24137931034494         239.99999999999997       0.007191890080383407     0.007792424492086521
71.61850298096041         229.00979985074312       0.008562891215198183     0.009362110656687276
71.16547868512369         229.88699077901876       0.008395218123295035     0.009156870792367487
70.70638979248355         230.76378023896928       0.008273900709353665     0.0090055655651251
70.23773991563557         231.6379827157546        0.008224939391182554     0.008935184855847223
69.7552471949919          232.50453303506393       0.008053056291358994     0.008743605275639553
69.26031140394726         233.35970105665524       0.007878873147604505     0.00855047273987024
69.29033727834324         235.01109374165574       0.00785499776433448      0.008523133315476142
68.75787714335775         234.2031227328442        0.007809746120543922     0.008468879433887444
68.7771050822821          235.8445429094738        0.007702147547949366     0.008354486787496467
68.26274630586231         236.6737700836492        0.0075735281149868295    0.008209208568284845
67.74833805179453         237.50220372806677       0.007489736339712825     0.008115415465393372
67.23457904247803         238.3322984331256        0.007309820409416793     0.007921339386431388
66.72105030580381         239.16502364802287       0.007134026760706826     0.007728808332316797
66.20689655172424         239.99999999999997       0.007070578834174515     0.007655289189201221
70.58000681361378         229.09501029864768       0.00836857584677546      0.00913096444736139
70.12436896448907         229.97003805881445       0.008293074092198803     0.009011584592679492
69.66235604485333         230.84165072570997       0.008186119684061993     0.008881926751109007
69.19140216785509         231.7066639887712        0.007962941054880523     0.008638518490055078
68.71024801863012         232.5619480613185        0.007879075066286706     0.008536882961850513
68.21971245417105         233.40575333864854       0.007747121359528175     0.008391635401615206
68.25111000549052         235.03579256151863       0.007607476411799724     0.008249187844844484
67.72080523180138         234.23835061596492       0.00757002824862187      0.008202031358867365
67.73977316466922         235.8612362955653        0.007466338760707822     0.008094031691475587
67.226370895079           236.6835163114599        0.00742114493334805      0.00803782617516082
66.71344770123305         237.50640946682782       0.007277338828919253     0.00788215558259441
66.20120118990035         238.33294882950827       0.007048249332286015     0.007637308261365695
65.68796503970141         239.1643995869418        0.0069704247441477124    0.007547458120456632
65.17241379310356         239.99999999999994       0.006838852061677511     0.007406552804719523
69.54260879440974         229.17832604225768       0.008176605927519271     0.008884366238583847
69.08552565155091         230.05008632177854       0.008046136424080518     0.008716025093141495
68.622724353762           230.91608590658188       0.007942841981569826     0.008598187705300187
68.15268450497611         231.7734204565023        0.00783190265328646      0.008474235927869818
67.6745557050969          232.61957960848324       0.007748343193623588     0.008380046130693193
67.18799648988515         233.4530835348369        0.007614410068494567     0.008235655728143011
67.21512372410167         235.0599737264735        0.007458309400307036     0.008076965545663381
66.69301157380211         234.27237780146774       0.00745663168778972      0.008064357804624512
66.7023922681175          235.87511404806548       0.007374985455141119     0.007980616397231466
66.18944960252931         236.68834127434363       0.007269003712118764     0.007864922425819964
65.67934150041451         237.50504930711614       0.007042796952394385     0.007624811791243816
65.16889654060746         238.3299230552624        0.006896000150078851     0.007464039211799036
64.65606655274323         239.16143905265082       0.006856444025763196     0.007415561559509973
64.13793103448285         240                      0.00667008041720257      0.0072162429017803955
68.50655397328998         229.2599674621322        0.008015600553246257     0.00868402880216676
68.04945357732495         230.12837624229167       0.007947730281128313     0.008581057477310418
67.58776408473591         230.98961099702737       0.007793739365195013     0.008418747546142647
67.12055471211846         231.84110565365611       0.007684998426051186     0.008301305623618445
66.64729262945669         232.6800351306354        0.007539483819678322     0.008146496109756316
66.16746372710645         233.50310133942958       0.007372030515784215     0.00796697455132442
66.18048755884372         235.07924525091676       0.007349035738003425     0.007946722851196054
65.67657367455217         234.3044463243928        0.0073343519672650565    0.007923010934976965
65.66063953370288         235.88135316280415       0.007203025591004608     0.007789502267203741
65.15341727928136         236.68105584668123       0.007064351007776624     0.007639389005925948
64.64772593179728         237.49536471640468       0.006883470496779468     0.007445316368887977
64.13946139015884         238.32310244952183       0.0068007646230500264    0.0073517747131255475
63.62142489374876         239.1606751558501        0.006680817259070915     0.0072217630081925985
63.10344827586216         239.99999999999997       0.006467755613955613     0.006994310615154841
67.47180158552705         229.34063815484149       0.007838142330889463     0.008430408498775728
67.01600028093577         230.20636634876178       0.007646042698659527     0.008239922970054735
66.55736891732963         231.06490267867477       0.0075895585701398005    0.00818672473779381
66.09511298198588         231.91343693024598       0.007502145107470721     0.008093899442134659
65.63036003020306         232.74807006715682       0.007343746430891861     0.007928610387378965
65.1667384208712          233.56059213254935       0.007297960556930672     0.007874141568562074
65.13509583605396         235.08222001570826       0.00714312937047788      0.007719528055109468
64.70013878246462         234.33166606077762       0.007102858493734596     0.007669779017206766
64.6207846582294          235.86252096474018       0.006994059370790379     0.007559291240853787
64.12256244901482         236.65370565467856       0.006869723244548633     0.007423794176658363
63.61919831460155         237.47926049432408       0.006743550149618881     0.0072866036322257995
63.104540478828156        238.31841180386965       0.006654117570755408     0.007188121902285055
62.58664963914874         239.15880207560295       0.006433570530112779     0.006954669456896329
62.06896551724147         239.99999999999997       0.006336718492037054     0.006845358981602183
66.43809280434252         229.4211000038941        0.0076772714942873535    0.008259558381982545
65.98446643167897         230.2853688978427        0.007581614756440693     0.008159317271546859
65.53219657306205         231.14589190913193       0.007452413124058087     0.008026511802812839
65.07467442890807         231.99496350034826       0.007308423928993591     0.007880011371393563
64.19896295041545         233.64218467500848       0.006979604877364184     0.007532554073813063
64.6247972379263          232.83390677539919       0.007173768176523462     0.007735999592458707
64.11628590488763         235.05913542914536       0.0068955281228468834    0.007448986904466717
63.90297162599306         234.33976525811522       0.0069287402650909085    0.007478999734992163
63.590940117350094        235.77789509642423       0.006820325613604642     0.007364137272041029
63.095915468760325        236.61358672561082       0.006694110441251727     0.0072287717539539905
62.58512552792204         237.4640903929892        0.006574070621939495     0.007099177477829881
62.06891214934654         238.3110199859026        0.006406846836689903     0.006921001540080476
61.551767862458654        239.15684732275224       0.006260609679527373     0.006762069456963372
61.034482758620776        239.99999999999994       0.006223982451984572     0.006716593979313645
65.40470237659052         229.50181268019534       0.007504146445990738     0.008063369802113128
64.95390975981736         230.36655471557614       0.007359595820705822     0.007914801827034414
64.50749354472536         231.2296517239299        0.007226402013562208     0.007778528761085188
64.05188327392973         232.09398279023387       0.007122633402509619     0.007668821041988305
63.349022951892266        233.85486875046402       0.006859623872731411     0.0073973993804691196
63.62261862986732         232.96154637162113       0.0069917824139520334    0.007532370539469061
63.15044754030539         234.8109713751806        0.00677011875074919      0.007304963603078808
62.64847236711076         234.12705778723162       0.006748505024315027     0.007272747663369465
62.58949856039044         235.71071030704786       0.006641045637486084     0.007165755432905862
62.06745567232184         236.58963581752607       0.006496769141202473     0.007011561091803827
61.55018941795375         237.45128353061452       0.006399994213606613     0.006906100407150193
61.03363826231101         238.30675195654942       0.00621529474431587      0.006708437646954187
60.51688318558028         239.15571291550086       0.006161120081278872     0.006644678215463649
60.00000000000008         240                      0.0060613469907762835    0.006535424822271597
64.37064213908782         229.58331697430177       0.007330124676505407     0.007865790991070131
63.92175924829865         230.45016367800392       0.00721525293051307      0.00775287716883817
63.47557552519667         231.31936501381          0.007107654368210036     0.007640102142853387
63.003549806368774        232.22154172852697       0.006936545604818684     0.007461313648099463
62.59327951175734         233.2648707446404        0.006810168659386053     0.007331749499708231
62.07011656258838         233.94246172688162       0.006660602626288014     0.007172658360844018
62.07949526901046         234.76211633899152       0.006626367220481101     0.0071404347886067565
61.535516190493766        234.16490375679686       0.006565805454529711     0.007068864532221166
61.54919616728481         235.68278339547894       0.0064914216938641465    0.006995167735745977
61.03025435444152         236.5757821755707        0.0063255458565285435    0.006820066976144726
60.51381120950102         237.44595358801828       0.006220553828981461     0.006706783392133513
59.99801559942693         238.30583261647655       0.006124491587961894     0.006599677861408673
59.481768690696065        239.1556927918159        0.006074512188585048     0.006541564577166543
58.965517241379395        240                      0.005908758602000978     0.006364995170906269
63.334871913654105        229.66664165237265       0.007163747922825723     0.007663966888780615
62.88696011618015         230.53347746776734       0.00700488644371225      0.007516694751976072
62.42463715296086         231.43179170982418       0.006848232597601798     0.007358797707430227
61.96322961490912         232.37277826298842       0.006762251311934228     0.0072686773346931485
61.49594666287302         233.3738405576378        0.006609033648224017     0.007109425891561715
60.99861126346489         233.9877969960984        0.006520050501945145     0.007014489707960666
61.0223137391524          234.77211371461019       0.006455244693219541     0.006950019969692431
60.479975853176924        234.20188116167634       0.006437759010489012     0.006923453831291343
60.50593367903978         235.68463278160297       0.00633836029355557      0.006823989531657135
59.991577551431284        236.57521383383838       0.006211747792460921     0.006688217904786131
59.47749519140249         237.4486834868251        0.006106816869485942     0.006574573530349788
58.962318828852666        238.30823665991508       0.006036130431812888     0.006495811532105599
58.446389654559795        239.15702763631293       0.005902730868153873     0.0063534965307696254
57.9310344827587          239.99999999999997       0.005776636861774508     0.006215393758144046
62.29762152322161         229.75134165233922       0.006970837774903975     0.007442639056432672
61.842379666403644        230.6359006237175        0.006845953617024922     0.007342036237741001
61.379395342639135        231.54090707892502       0.006711376707789515     0.007206006784076715
60.914785969236846        232.4796233394931        0.006568850279074182     0.007060846805823141
60.44971331372891         233.42595593639862       0.006455722974178693     0.006938876552695163
59.95281607159526         234.02512478685085       0.006328225523355184     0.006802820492206474
59.97642487794317         234.7984143744236        0.006306110819893567     0.006782006858143593
59.446050424095645        234.23001035994216       0.0062469792815965375    0.006713703077967268
59.465708318017334        235.70252901062952       0.006202390606199004     0.006669955928594429
58.955615351789994        236.58893511980605       0.00613114280537206      0.006591336847062398
58.442421493536756        237.45922753464217       0.005968215287071635     0.006419222404277677
57.92661630556784         238.31419019301248       0.00584313473411761      0.006284996199426012
57.41048350305283         239.15976470378018       0.005701804478127625     0.006132919146676735
56.896551724138014        239.99999999999997       0.005633123063990269     0.006055299554705137
61.25702954753225         229.8367807656858        0.006836622167721866     0.007317604348422747
60.79685560030376         230.72784444672024       0.00670113886243123      0.007182475269066802
60.333390438230644        231.63493311916795       0.0065604212296642315    0.007042568317879756
59.86857601109457         232.55301629021713       0.006429523866082782     0.006899448713767359
59.404544822208166        233.46631013839422       0.006278865847982803     0.006742300481601473
58.90657896104193         234.05950269525258       0.00617745232938629      0.00663364367855568
58.92972920100218         234.82108027460316       0.006132009481621527     0.006590152017607577
58.39163146942152         234.25869817524318       0.006086101459842743     0.006533815574497002
58.43268205946998         235.7296143483063        0.006050059606965446     0.006500381742227906
57.924047020837676        236.61641340026443       0.005895859359177566     0.00633778931685225
57.4085084436187          237.47584001077874       0.00582611951788288      0.006259716981290078
56.889236627205236        238.32265657419157       0.005714734971188917     0.006138034444329101
56.37294677269144         239.16348197740837       0.005593887577810409     0.006007394744833413
55.86206896551731         239.99999999999994       0.005517706002629084     0.00592307195967568
60.215988417652596        229.91523842657386       0.00657910463804605      0.007037802604796872
59.75300836087448         230.80522620439714       0.006446134283907824     0.006910476405101001
59.28774958394322         231.7042478749597        0.006320827502176287     0.006773170801598317
58.821271939219656        232.60702733288954       0.006194028598159636     0.006643716543611286
58.353367230562654        233.5068978488005        0.0061300045449202345    0.006576648678540012
57.86236972164762         234.0961784852971        0.0060452278147484495    0.0064849807700913895
57.9032186290729          234.8454756426689        0.0059945701786566176    0.006434950419158202
57.363539499992406        234.29761371638347       0.005963848227826609     0.006395493252519559
57.41836343739666         235.76263452271147       0.005919949532946683     0.006353258397248399
56.90208811601186         236.64153425626247       0.005787395970904777     0.006211011397413231
56.3664141062785          237.49220141858618       0.005681016626167314     0.006097019449808374
55.85211683772548         238.32874148433712       0.0055288824946876       0.0059331173732129205
55.33883060136879         239.16500199415475       0.005497579621665249     0.005894818781614369
54.82758620689661         240                      0.005330315545697094     0.005717214727225164
59.175005320548514        229.9859703857093        0.006447545712716394     0.0068937386601001585
58.709264772049494        230.87044212954808       0.006303686526551798     0.00674984757856973
58.24109522112749         231.75995124075553       0.0062483600014649095    0.006694944931818444
57.772327005089956        232.65300712391488       0.006141914720124733     0.006578901345888622
57.30857227193246         233.55440357411905       0.005967124494247596     0.006395561447211899
56.84613995152262         234.16118692139293       0.005844967850553816     0.0062659206977734565
56.92766027616914         234.91658137501784       0.005839519158664409     0.006262038751460379
56.30629541341976         234.40083660492542       0.005780901161556874     0.006192722560152757
56.42300709594966         235.8233198951052        0.0057576557281135135    0.0061722835959049475
55.88184149986565         236.67402268835144       0.005705110879080883     0.006113692392390588
55.340828648215684        237.50432033205314       0.005478385318405156     0.005873636412950526
54.821015081475785        238.33672660771708       0.0054203315083855156    0.005808385110205872
54.30497901354505         239.16928881673508       0.005326431159451205     0.005707095639904511
53.79310344827593         239.99999999999997       0.005188993050053897     0.005557218018651658
58.134051030016174        230.05055229830052       0.006256198197584849     0.006691346201536083
57.66492196989629         230.9275978143697        0.006178414527154717     0.006610856287454608
57.19108041219491         231.80463811874867       0.006012424852274197     0.0064310316603845225
56.71859778422126         232.68704763754235       0.005892349393698183     0.006309544179739346
56.23233200620452         233.58480324875282       0.00579326498614821      0.006203115364829697
55.98949427827978         235.06929565726819       0.005721979649870785     0.0061298271296659655
55.53585055492277         234.27231582219525       0.005703706411950698     0.006103571297884862
55.42018330368838         235.87636058323127       0.0056384967083642846    0.006038818300867632
54.8612257262651          236.69795957438987       0.0054366530238993205    0.0058245927340687875
54.31587198718256         237.51881086436865       0.005404309861702019     0.005783994938370788
53.78359763316955         238.34141193224593       0.0053342051765521       0.005706135772918474
53.26712993291616         239.1737006920156        0.0051687589210699806    0.00552985787695107
52.75862068965524         239.99999999999997       0.005116650254635406     0.005469896803891845
57.09328774857544         230.11019841193752       0.00610979979276994      0.006529206185278337
56.6209031372456          230.97767072937418       0.005952268020120829     0.006367308707949384
56.145199694635366        231.8389654926521        0.005886812337306736     0.006304892297175496
55.66200841016068         232.68804163688333       0.005746759519405711     0.0061435009133477755
55.16296964008349         233.47210895670892       0.005704277015312297     0.006097281036519479
54.96811759833883         235.0908102455226        0.005613557699559069     0.00600474417884416
54.523733627262395        234.30337449883186       0.0055762540123366205    0.0059610595714175525
54.39839109378394         235.9048723661076        0.005448802008096133     0.005829471852938743
53.83295039572525         236.71716090193863       0.0053878613735439855    0.005759354533618788
53.28968054798235         237.5337375493998        0.005305086191105737     0.005669796200056449
52.75165816488221         238.34974092042526       0.005165560475774169     0.005520859216790859
52.23202340803536         239.17408953602148       0.005073971206820954     0.005419052921414
51.72413793103455         239.99999999999997       0.004996090338307897     0.005334970279146092
56.052915746416936        230.1661715367185        0.005906853959502975     0.0063149118876021084
55.57667411283967         231.02373366247377       0.005824054552720714     0.006222563504063778
55.09282570310974         231.87183883064384       0.00573707822136325      0.006117696122365579
54.58945413964717         232.70146865028187       0.005684948672632083     0.006065951595191541
54.05918796952708         233.52370274377395       0.005541248384123625     0.005916099803542708
53.93956461751875         235.12041612509438       0.005414960939321107     0.005786131241763716
53.47671138318344         234.34089309969596       0.005380788958128511     0.00574358319975938
53.36799307020724         235.92996006933868       0.005358637074687901     0.005721617043986326
52.8066012580618          236.7365805922096        0.005296083188981137     0.005652420236658714
52.25545685522251         237.54303374655058       0.005089439985392901     0.005434792206644709
51.72542513737329         238.35842762852963       0.004996573414716882     0.005331945011327125
51.20100941663345         239.17574982912413       0.004977662545948862     0.005307417454094492
50.68965517241385         239.99999999999994       0.004814004832284662     0.005135428854456746
55.012824317891294        230.2209083883284        0.005788164201444399     0.006181541072874567
54.53170387562233         231.0718385016388        0.005696471659648229     0.00608067504102518
54.036691097628           231.9126185358957        0.005593482811525122     0.005967702819283777
53.52136526785339         232.7419861057698        0.005470302964178323     0.005836749321585643
52.980567819141946        233.5617502892027        0.005406665357390743     0.005761137161742875
52.90192609788775         235.1527330101787        0.005330909080531031     0.005685705090625802
52.42215681715246         234.37223238672945       0.005328743573508853     0.005675945449364281
52.327172601908124        235.94901397948456       0.005261239756346549     0.00560802294607046
51.771356117725624        236.74907099207644       0.005055023126650162     0.005391815651721713
51.22724712215487         237.55219413107832       0.004962781823792176     0.005288723901435769
50.69388598022392         238.36048503041505       0.0049324002325447655    0.005252726895736512
50.17389737029123         239.1786299013114        0.004806241287664975     0.005119831596511886
49.65517241379315         239.99999999999997       0.004702155087458803     0.005006006069656354
53.97330252057328         230.27707804228703       0.005653190785954048     0.006029900174136929
53.4880769093806          231.12406670827025       0.005558179956061706     0.005927134081777985
52.98766666386276         231.96143091623904       0.005488314374354407     0.005848174260344021
52.468802188039604        232.78763431051388       0.005354903492376263     0.0056991509007418345
51.93295121575111         233.60196918491295       0.005276587314137986     0.005615651522540553
51.85712470572516         235.17268505530012       0.005236510904042344     0.005575087673281731
51.383659681225375        234.40336368108635       0.0051515401509961735    0.005480898411258553
51.2816304725946          235.96075986455932       0.005023319383382528     0.005349373072680908
50.733590782091625        236.75464091294305       0.004957522294572993     0.005275310095340164
50.19434322774928         237.5530052288137        0.004892583280537671     0.0052036072475384046
49.66423404855314         238.36080819623723       0.004814931346196232     0.005120310330983881
49.14137754337074         239.17739437483567       0.004681263502749752     0.004977464892554119
48.62068965517248         239.99999999999997       0.004626803298290959     0.00491726148453652
52.93460339345261         230.3342927489888        0.005524737264539832     0.005882984431923421
52.44718407366066         231.17864900536355       0.005442374951618284     0.005796030327950889
51.946078115753465        232.0129911804698        0.005342080955878503     0.005672956513958505
51.430592115418           232.83520607086243       0.005232624744085538     0.005559364106757517
50.903225602716226        233.64373423869964       0.005114129155324755     0.0054323104162855166
50.81954627386997         235.19154098509148       0.004990647997706609     0.005307383392616591
50.36472139879272         234.43593633196394       0.00497129270593405      0.005277962421536866
50.23302893944325         235.96479400899642       0.004920094604051265     0.005227255527147812
49.69393881288213         236.74802125213395       0.004850132990013464     0.005151529880991125
49.158844736614355        237.5448963410491        0.0047586336024047935    0.005053361270681387
48.62946606933546         238.3545928441364        0.004649739365070758     0.004939067939076677
48.10690138820843         239.1736934707094        0.004574096188140148     0.004855681922439961
47.58620689655178         239.99999999999997       0.00449510876769162      0.004772059708688058
51.89677610655068         230.39096235327688       0.005400181583886928     0.005733821425495863
51.40958545294388         231.23295745235131       0.005272452577167491     0.005595202280943818
50.91155666755157         232.0650736593415        0.005218534225471592     0.005535817835095668
50.40407784092099         232.884963990322         0.005096833845312013     0.005404145893118314
49.892978983099624        233.6911290617136        0.004985513172574194     0.005285917457810111
49.79192908088201         235.20661603688902       0.004909634418629375     0.005207830057383022
49.39393514936988         234.47624318156167       0.004900554932592675     0.005191149518825639
49.19841340599126         235.95198485797943       0.004836363225771822     0.005126168458959578
48.65644141227266         236.7245371781481        0.004732393646438023     0.005010508122908674
48.114998137284275        237.52861621626027       0.004654873685546775     0.0049331290325455475
47.592501490285315        238.34423589171516       0.004525912528851092     0.004798769545177393
47.07163578578689         239.1685872549264        0.004482326376294115     0.004750020669342494
46.551724137931075        239.99999999999997       0.004386170770414117     0.004648997630363922
50.85925396141642         230.44514572971937       0.005240067769580349     0.005558821996971358
50.37758891621027         231.2890456062506        0.005168411594673613     0.005496072910450325
49.8823404711629          232.11851096941996       0.005047308920292923     0.005343657085731222
49.38964460555584         232.94308362499103       0.004978504849375121     0.005267733034832737
48.89542364232387         233.75625043176305       0.0049132315138784135    0.005197248364107996
48.73928545869137         235.18613650762273       0.00481781245859507      0.005099984383916415
48.60677724049179         234.4142816056615        0.004822262266766821     0.005100249823901957
48.1713279577642          235.8811070914317        0.004721823132843152     0.004995437328170204
47.60112542309976         236.69259731003407       0.004623821174784216     0.004899317598901341
47.07536325929552         237.50873571553154       0.004523159213686883     0.004786645081953805
46.55497979713977         238.33364209071055       0.004455108717864561     0.004713010667590264
46.03603257915291         239.16427683527078       0.004379631544198001     0.004633099265579827
45.51724137931039         239.99999999999997       0.004280634622711073     0.004528508041261357
49.82271551257398         230.49800548043186       0.00513256787186457      0.005427753654784285
49.33931902887128         231.33850385448872       0.00503708145852315      0.005328567092316856
48.8594877232207          232.17837258473978       0.004983102228699362     0.005260563965175998
48.39618331365468         233.02223206318436       0.004890937993289446     0.005162132708268896
47.998575825094896        233.8925701781119        0.0047710688013523       0.0050362014998863724
47.75082307715752         234.90533899457267       0.004713488818402681     0.00497756680824319
47.08875483273356         235.82660530051348       0.004624024458196738     0.004882205543344121
46.5523286009908          236.66171670658045       0.004534968507490381     0.004787210669320693
46.03278127197682         237.49338429138956       0.00443814564184073      0.004685128483743223
45.5172006585024          238.32607770998823       0.004374311416023399     0.004619958996438085
45.00083661130879         239.16105483704197       0.004276346752095883     0.00451664698235234
44.4827586206897          239.99999999999997       0.004161568491048363     0.004396906627533468
48.78301024609539         230.5467246732579        0.004986149553278821     0.0052578688289876664
48.3061778501774          231.39405330298814       0.004925337420535637     0.005178034767932444
47.8383420501097          232.24599304035405       0.004805135701540092     0.005055212814392866
47.393437709524775        233.11440372811046       0.004713408912355184     0.004962431016176255
46.993727616564065        234.01810939631935       0.00465733627578598      0.004904174623014714
46.537611969825505        234.94207226692652       0.004568902205079223     0.004812893058444466
46.01309911391634         235.80287927879982       0.004507329741074054     0.004745907787511951
45.498625323870506        236.64741451983244       0.004430854662474514     0.004659665301643308
44.989608007810524        237.4856966860724        0.004327463902618691     0.004564778982717627
44.47914898016319         238.3228171091865        0.00425177515217605      0.004484619419592364
43.96490459004038         239.16087030307662       0.004118934109436476     0.0043457743929124016
43.448275862069           239.99999999999997       0.004043843343911775     0.004266384202238692
47.74458540988598         230.59723331344858       0.004876299662950311     0.005122629998120894
47.270919366519585        231.45010825114264       0.00477631222908398      0.005009716247923546
46.80950886947334         232.31073920465153       0.004715087636695308     0.004952274383729915
46.364481346845615        233.18487582378972       0.004588692372159467     0.00482227016003196
45.91743577093609         234.06939538640492       0.004520888987040213     0.004749940563061556
45.440971743051485        234.94417198605746       0.004469448467330922     0.004697315866433015
44.94794250417418         235.79883705229878       0.004383961237290769     0.004611890528771188
44.44872623346947         236.64411136495053       0.004259117164236069     0.0044938794748531595
43.94798994388429         237.48417218935526       0.004178932534182112     0.004402635616531224
43.44132826049426         238.32285175083484       0.004098079313196925     0.004317520202028246
42.92895941538446         239.16150521675766       0.0040350368078628795    0.004248955566099132
42.413793103448306        239.99999999999997       0.003967662836863291     0.00417843088157207
46.7052983321284          230.64520972803658       0.004735098731818522     0.004965505814691848
46.232345893596296        231.50134104783328       0.004699843416131695     0.0049258251422019264
45.7697456464997          232.36352452164158       0.004590686228007877     0.0048041347521705635
45.313718798434515        233.23075088929636       0.004501517405508839     0.0047170495219656106
44.852061512843186        234.09703060997197       0.0044062475226135595    0.00462011543404594
44.37656793154287         234.9556143777819        0.0043561507997184066    0.004571420651915501
43.89312228613844         235.80453398532657       0.0042237122947082865    0.004436919484192618
43.40416285687348         236.64727054596327       0.00415566301623179      0.0043684674711932355
42.908351766479804        237.48667862157708       0.004097190797424199     0.004306901762380502
42.404092908109526        238.3248593487507        0.004046877473940894     0.0042540312585611926
41.89317876928016         239.16265523326317       0.0039780393276029795    0.0041808636767794935
41.379310344827616        239.99999999999994       0.0038638782360622347    0.004062674227567626
45.66483065424827         230.6882382259771        0.004631039336245348     0.004841645370236684
45.19086781049078         231.54523709701937       0.004513862010629679     0.004700203039317417
44.72484603803508         232.40467657193395       0.0044541166759857346    0.004647357656230689
44.26284206640346         233.2640596038293        0.004351529699805098     0.0045510934165286935
43.79789284208416         234.11981856074814       0.0042817372579189855    0.004481640340960015
43.325590320407365        234.97022113381107       0.004208800308510337     0.004410804877242582
42.847969454096834        235.81442276297636       0.004166824521473398     0.004365219047198987
42.36367636377957         236.65419524720562       0.004093278960279966     0.004287956103400167
41.8702951913023          237.4915611529996        0.004005776910992443     0.004204759763550218
41.367350291644314        238.32797345327006       0.003944408020842807     0.004141110518582853
40.85753864611262         239.16412771873215       0.003848165532903964     0.004040234118728587
40.344827586206925        239.99999999999994       0.003789783579805231     0.003977379891509462
44.623922624173154        230.72670733583035       0.004517653860731235     0.004684023321675394
44.148381666703294        231.58344862072514       0.004450804597377531     0.004621210251280066
43.68091852183476         232.43937532796022       0.004364354555196043     0.0045471283999000064
43.21765454925282         233.29272114244313       0.004271103627043398     0.004459362882820908
42.75233825199052         234.14105410260015       0.004181805295868492     0.004370265619864157
42.28283176654184         234.98696283265724       0.004105977651317336     0.00429471792883597
41.80816739267623         235.82708661376842       0.004059545739771491     0.004250070814682798
41.325817526444524        236.6634517977125        0.003975220050430227     0.004174069598415085
40.83336657645982         237.49787047488027       0.0039155271829779915    0.0041055411276483674
40.33106363306513         238.33173498536254       0.0038241758121208384    0.004009420243272068
39.82206358418052         239.165777684805         0.003765795883965278     0.003947742935754541
39.31034482758623         239.99999999999997       0.0036645455836186555    0.0038423688068714595
43.58201472921711         230.76340223287775       0.004403272100721375     0.004557313373614473
43.10837944012352         231.61922436646924       0.004331171927012798     0.004496629940984231
42.64124231336328         232.47195323525          0.004203881385618133     0.004376095593718988
42.17818898724776         233.3205534672954        0.004111845921111582     0.004289436368663348
41.71449005673661         234.16430531027538       0.0040713380861931115    0.004249729330378648
41.2447875971717          235.00582010933263       0.00405094417222547      0.004232428114824819
40.77119429117071         235.84164038630465       0.003924267831245834     0.004110680479105517
40.289381801372954        236.6740843934813        0.0038469371588053234    0.004028162920093289
39.79714902318012         237.5049931059161        0.003791747730717858     0.003970156054129107
39.295226350799055        238.33588174583306       0.003704188030884978     0.003877947543651111
38.7868762064738          239.16757948035323       0.003607309057964915     0.0037782324348436965
38.27586206896554         239.99999999999994       0.003567621131023506     0.003735320022795276
42.54419543198563         230.80120537527435       0.004282251444636418     0.0044375018294934634
42.07176105577225         231.65545199660951       0.004191614886627587     0.004353396133997419
41.605363480139324        232.50512644829476       0.0041403499430485375    0.004306450241313373
41.1426427442643          233.34972833312202       0.0040395606216061695    0.0042086384068120075
40.678747076285156        234.18981792874524       0.00396665959851656      0.004137299448701166
40.20882637401485         235.0260510215157        0.003889440366314384     0.0040611766800685185
39.73532620036021         235.8572590974811        0.003820227101502608     0.003989553492571434
39.253328747278424        236.68538346178255       0.003748554474110048     0.003916776332899347
38.76108291348026         237.51248506423755       0.003680460839261279     0.0038469536843224778
38.25956993602207         238.34027430258843       0.003634597692409362     0.0037991391840961025
37.75187811151283         239.16957249218834       0.0035684995262810037    0.0037303079675578004
37.24137931034485         240                      0.0035212213273057677    0.0036785626197905334
41.50919340532127         230.8414059558118        0.004171497005789186     0.004325743521724756
41.03763875030271         231.69318068852624       0.004146298842049514     0.00430342057587932
40.57175366435636         232.53960553002537       0.003990224343392717     0.004151755284194759
40.109016566781314        233.38031960051293       0.003939649630230553     0.004101252788079567
39.64444680018275         234.21574168114708       0.0039204543677996495    0.004081827698541794
39.1734891809985          235.04690690650258       0.0038152563449722616    0.003976583118789768
38.699438156264286        235.8733618646679        0.0037681732182900433    0.00392697745944046
38.21698281503322         236.69704512051737       0.0036911604191017604    0.0038505535239073472
37.7247661524465          237.52033182844698       0.003623211623254867     0.0037820888816300744
37.22381688616168         238.34509377075503       0.00355349924371471      0.003710690968205131
36.71687251421329         239.17194529901352       0.0035056809481707435    0.0036596486033967503
36.20689655172414         239.99999999999994       0.0034109397851534544    0.003560354534076351
40.47608518860312         230.88307753281777       0.00406888609253725      0.004218384789673807
40.00486157481291         231.73198854182235       0.0039651506105041895    0.004114316686802137
39.53886501171477         232.57502998953657       0.003922964667789053     0.004076590776736832
39.075615326702305        233.41138575248053       0.0038566414258043124    0.0040103070009853276
38.60999742227168         234.24189218415128       0.003787389693624715     0.003940475461284954
38.13780695118672         235.0681089531115        0.003749924165822324     0.0039019953260583996
37.66299711690428         235.88981075126193       0.0036456483905941387    0.0038051051717140475
37.18016195251454         236.70911347088645       0.0035959424056865295    0.0037485724769303302
36.688153119348925        237.52870376187593       0.003536607802699859     0.003688251594579504
36.18788143711845         238.3504767095005        0.003448891261880254     0.0035967129059428535
35.68173042477006         239.17470449650182       0.0033709128222179836    0.0035156960450892665
35.172413793103466        239.99999999999997       0.003296229385748927     0.003438246237573954
39.44390506570809         230.92435646508423       0.003956402629634242     0.004099823304346619
38.971771655871684        231.77152552967638       0.003912596660566766     0.004057367162870722
38.50550967350175         232.61090750654375       0.003795789858998275     0.003941935957888269
38.04144636112183         233.4426652506611        0.003735799467724376     0.0038813245861870006
37.5746044676068          234.2682212602637        0.0037091756366011614    0.0038552321891471906
37.10132363770809         235.08963061968893       0.0036061856093680014    0.0037502484393917277
36.62586338624813         235.9066902490089        0.003552338439584669     0.0036900710292866418
36.14286948052641         236.72171544313562       0.0034758255709363335    0.0036210106170140657
35.6512284626534          237.53758641830754       0.003423658805273905     0.0035679998373904028
35.15164643292631         238.35617873372288       0.0033364503891634804    0.003475611706489279
34.646312010860946        239.17752361739645       0.0032754622425054092    0.0034128754002979603
34.13793103448277         239.99999999999997       0.003238963363108502     0.0033720042944283325
38.40934017481226         230.96728421685938       0.003870699764580061     0.004007287546559885
37.93758568769052         231.81145333589976       0.0038118517025293487    0.003948318866108885
37.471031150455026        232.64683352558697       0.003724628673273346     0.0038632518929483856
37.00599310742383         233.47398365718394       0.0036827511349282103    0.003821679167793874
36.53796909059965         234.2947435974804        0.0036051991768006227    0.0037432680807977952
36.06382556111924         235.1115337853215        0.003543956078590148     0.003682576763925634
35.58792433846322         235.92404310347158       0.0034814711420257665    0.0036290997818847997
35.1049592721795          236.73475552471223       0.0034308311849819717    0.0035704324670259298
34.61373442868361         237.54670130380205       0.003329227739918028     0.0034651221905351247
34.11488282474464         238.36180511071402       0.003284705567270865     0.003417782179135158
33.61056482426748         239.18008864956732       0.0032436962104972745    0.0033740344952781463
33.10344827586208         240                      0.003165214168923576     0.0032907722309957334
37.37406443967213         231.01046084304872       0.003792458727553885     0.003922111582625337
36.90234406409515         231.85130658949038       0.003729120094989414     0.00385794869510819
36.435153281464174        232.6826903719107        0.0036602971210307786    0.0037922701163377163
35.96902510339262         233.5054143988764        0.003586289496447212     0.0037174853833478933
35.499919592136514        234.3216140986937        0.0035101209544515957    0.0036432303587702088
35.025020821925885        235.13389275854877       0.0034638383546066634    0.0035970763228743087
34.548813781688004        235.94178405934812       0.003364619365765305     0.0034971581457765677
34.06600947289574         236.74792798845712       0.003290026189893489     0.0034199950523900492
33.57531245271852         237.5555812449995        0.0032646828174564524    0.0033942366467842188
33.07743812554106         238.36687069862523       0.003193334348565554     0.003319719049834389
32.57460770314581         239.18207823397128       0.0031263248151887977    0.003249184811483098
32.06896551724139         239.99999999999994       0.003080929552520725     0.003200104409026559
36.338003245565396        231.05349824623227       0.003693767956035991     0.0038170124696293452
35.86598622243413         231.8910263655322        0.003638950999936296     0.0037636199452664404
35.39789553283612         232.7186189378259        0.0035155867310206544    0.003640065248362806
34.93050144819574         233.5372106905735        0.0034749239748121104    0.0035991083684935254
34.460194328920146        234.349065323976         0.0034078917270710875    0.0035330390406236143
33.98449624111694         235.15675815425973       0.003316934227321058     0.0034389336422606417
33.50815204238079         235.95962894925404       0.003276533672602545     0.003397429448685653
33.02567787807529         236.76057969918114       0.0032248375050516836    0.0033496002873291647
32.535646174996224        237.5633244743104        0.003189839650798242     0.0033132211242963513
32.03930875609189         238.37039405553162       0.0031061507559681546    0.0032256646780563225
31.53867841777001         239.1827737558823        0.003072569830537346     0.0031892766698895757
31.034482758620697        239.99999999999997       0.00300342707556472      0.0031152533230222605
35.301341211965756        231.09637832029514       0.00361700031161771      0.0037323334292454114
34.828699639116394        231.93073405578892       0.003498537328223733     0.003614537920882816
34.35927622876445         232.7548547363722        0.0034689604266660234    0.003585812594798773
33.890068577473556        233.5697496574909        0.0034001870826305147    0.003516098975621555
33.41820516663123         234.3774396470834        0.0033277518354009974    0.0034453401734794464
32.94156053760406         235.180339391204         0.0033007748326960577    0.0034171716886937527
32.46531964352919         235.9772979286358        0.0032142464802517117    0.003337217765223661
31.983399938883426        236.77155379084593       0.003157295215124425     0.0032775681343102637
31.494652915770345        237.56789366665942       0.0030820027622792986    0.0031983907870203605
31.00185578501889         238.37002809502792       0.0030506949475909585    0.0031635652487793857
30.505657502101876        239.18007548767287       0.002982998843037137     0.0030923305276052766
30.000000000000007        239.99999999999994       0.002899906371827844     0.003002520496143803
34.26425229882205         231.1391916067372        0.003504820400550113     0.003612526496518296
33.790423395973846        231.97060478610533       0.0034584831431744537    0.003567582507527784
33.31881245169712         232.79177468221886       0.003353500195706262     0.003462356631473491
32.84670413181668         233.60377033538688       0.0033209672985981924    0.003429911654838975
32.37307851652975         234.40733549218922       0.003251840507597513     0.0033666888066483207
31.897622550894493        235.20385408061358       0.0031651597337440953    0.003288587163121291
31.422171192342343        235.99300936679242       0.0031181519431319354    0.0032377769128350063
30.939117896363754        236.77759264150316       0.0030692433011103647    0.0031837788918597375
30.453885376715025        237.56458272999018       0.003030096510989216     0.0031399399913076657
29.968871726574434        238.36248902235124       0.0029856608556807517    0.003092182835840549
29.478756272000652        239.17303133501133       0.0029114783340032893    0.0030129792338814544
28.965517241379324        239.99999999999997       0.002859270373297956     0.0029577320525589717
33.226386164408936        231.18172012138146       0.003421273623572593     0.003519206666413723
32.750527841569145        232.01065682166575       0.003313820613792377     0.0034126116442658033
32.27558536707454         232.83005456929143       0.0032803107481409223    0.003382181157345352
31.798935001590095        233.64082232589135       0.0032166014947244176    0.003322908022009912
31.324847864691716        234.43885371385355       0.00314017539166142      0.003251469408150572
30.858757550669903        235.22628859100635       0.003097650169644897     0.00321578573763167
30.38390985102686         236.00315789918196       0.0030488388577525325    0.0031609698001095004
29.888463556398836        236.77006781917734       0.0029855852672455436    0.003091461171811117
29.424106135774874        237.5438454182265        0.002955596684743466     0.0030584755219407816
28.943423882353745        238.3481359373317        0.002889716966237965     0.0029894678867902376
28.45313447509215         239.16266546482674       0.0028435271325016574    0.002939089080737304
27.93103448275863         239.99999999999997       0.0027750829152776994    0.0028670517127979515
32.187071057428234        231.22356269323072       0.003310906939455817     0.003399925319858102
31.708412385393487        232.05122771754904       0.003261691213261139     0.00335375971177691
31.229609543851083        232.87121902056074       0.003206742434535588     0.003300927543452601
30.749378772017412        233.681548202387         0.0031404471591847676    0.003237469706777288
30.26721342074794         234.4720066115262        0.0030891485141578776    0.0031955315515518347
29.854345097156394        235.2443190932704        0.0030342983476540453    0.003144808849980456
29.340603813229922        236.0076698833421        0.0029902081323819377    0.003092148610812176
28.87825833609842         236.70121222594284       0.002937243908544948     0.0030356366959208487
28.41130068885354         237.5170675893343        0.0029036166630923414    0.002999644162516139
27.922434419386512        238.33171930945707       0.0028221425081433505    0.002919935858710939
27.41341837352086         239.16367642151792       0.0027758254611242317    0.002862073077680449
26.896551724137943        239.99999999999997       0.0027066286475627473    0.0027842171708504543
31.145987422867886        231.26482337800323       0.0032336380658183404    0.003312501216534826
30.66432498864567         232.0940862458165        0.0031519273106474445    0.003234441725404234
30.182712632042904        232.91900292824576       0.0031264384765517035    0.0032105850462756896
29.70091303800811         233.73715110736808       0.0030635815633148875    0.0031532625274650196
29.222534048572875        234.50704882781926       0.0030161545813001643    0.0031094515370894815
29.00043621787417         235.27884330941407       0.002982611550974146     0.0030777569441036595
28.36752847197864         235.81866397172104       0.0029304881576410094    0.0030184024648022695
27.897972933380032        236.67948706959746       0.002891489928048642     0.00297355433612331
27.40166589972215         237.49821194753383       0.0028049376646080257    0.002890238100310161
26.89240503092125         238.32868445303754       0.0027602108303126757    0.002829714565776412
26.37873310713533         239.16353263449585       0.002688350306808721     0.0027600387886658182
25.86206896551725         239.99999999999997       0.0026313185919253326    0.002700321966932182
30.10307273378501         231.30675076674063       0.0031425455488293154    0.0032138861728311647
29.61863256841596         232.1424884246254        0.003096200857984253     0.0031706646441543355
29.135501404788123        232.98118319749366       0.0030415738314579876    0.0031162739194105387
28.66191458060897         233.84468485024385       0.003010303201441513     0.0030871725719810277
28.217169658433008        234.81651477091754       0.002950945779510509     0.0030260900089236213
27.797714963372847        235.37946674527254       0.0029111207001757348    0.002986052492112772
27.422992408168625        235.8753135503139        0.002877441398274298     0.002951693976557004
26.906101374391227        236.6664875280862        0.0027975660361520493    0.0028734493222642575
26.381816830830203        237.49340426078018       0.00275311942854867      0.0028284556204370456
25.86323298431726         238.3263254982625        0.0027182803144980617    0.0027933360793203185
25.345402781145125        239.16240219455187       0.0026551626459466525    0.002718937532548701
24.827586206896562        239.99999999999997       0.0025966168728787735    0.0026618636369498874
29.05764886330044         231.35101935486102       0.003087600334298311     0.0031497196958673395
28.57040240796901         232.19836471449955       0.003010563433211558     0.003074130568345036
28.086541049426632        233.0620963910154        0.0029864897318877368    0.0030526322836442812
27.610013286603618        233.9640455880821        0.0029166643396364004    0.0029799046398343663
27.14156949152432         234.91146611046835       0.002871603186887172     0.0029306151016336573
26.454386905690644        235.7986522283405        0.0027965228535479854    0.0028603288653327942
25.87777326855568         236.65385611195114       0.0027498079907987923    0.002813837465203963
25.350948852141112        237.48663906053818       0.002711660326294232     0.002783825686055057
24.83013600228456         238.32331623977666       0.002642821093365364     0.002684402837268993
24.311264402784214        239.16133573298768       0.0025725201088701607    0.0026173290740787824
23.793103448275872        239.99999999999997       0.0025320995314984623    0.0025692168595488336
28.00864975767951         231.39683344561683       0.0030029908957198283    0.003055007442172478
27.517020417173295        232.25505746410263       0.0029615749386018284    0.0030139562459098944
27.024394199416815        233.12924253167068       0.0028987422995463       0.0029478555546451723
26.522504114631598        234.01910386876776       0.002856433328172243     0.0029124980201604314
25.984887657281487        234.90095959517848       0.0027977694491974365    0.0028541540331051374
25.398128068566308        235.7834603839889        0.002724136421710529     0.0027746973046812932
24.842351122702173        236.64042264016265       0.002684966962448298     0.0027360227995359126
24.3157742532089          237.48210823407794       0.002628859835829191     0.002666421948919945
23.795100879654786        238.32172743763124       0.0025896644691216844    0.0026255368389873335
23.276439448414905        239.16087470043723       0.0025523140814463345    0.00258431889786805
22.758620689655185        239.99999999999997       0.002473093855338275     0.002513074943431517
26.955995415133174        231.44054024240612       0.002952014928799551     0.0029920469437494223
26.45803081737367         232.30277726483234       0.0029034889990798337    0.002943007981742445
25.952680001586263        233.17230539346704       0.0028612036233514495    0.0029004649616257787
25.432598667939786        234.04785406414382       0.0027957765276097513    0.002836729797192189
24.890387807664013        234.92120007990707       0.0027440780889129413    0.0027808827425469997
24.34038063584919         235.7854624827379        0.0026931310390749916    0.0027329606738640054
23.79828053290125         236.63926243078242       0.002616556192001475     0.0026554174031724804
23.277839808059955        237.48132505872778       0.0025709704813526367    0.002614617524661389
22.759161086585568        238.32157848124749       0.0025011435242350815    0.002530411016561733
22.241377051341544        239.1608974752936        0.0024315582485519263    0.002464287932852831
21.724137931034495        239.99999999999994       0.002405786383984227     0.002426167169629956
25.901556765007765        231.47867160961232       0.0028837437711711623    0.0029121600873186384
25.398022584847354        232.34079446553855       0.0028507557574586413    0.002878179844972796
24.890360633139714        233.2029265099494        0.002790154491547813     0.002818130485898336
24.36138685863499         234.07307919665791       0.0027202221482299917    0.0027467819447789432
23.825372873702616        234.9363113616174        0.0026854972914922824    0.0027147604982636353
23.289406861984343        235.7918908052101        0.0025943221052832223    0.0026216748356186546
22.75789216138701         236.64054961541083       0.002570129006034924     0.0025984812728105816
22.240618463760182        237.48206585852662       0.0025086515744728827    0.002527066583715217
21.723229194533697        238.32207540072739       0.002473694682314048     0.002493514528537613
21.20632842863289         239.1611360655369        0.0024037866898553076    0.002422819904755088
20.68965517241381         239.99999999999997       0.0023779226792897284    0.0023946577789811818
24.8468192970554          231.5118893390053        0.002826166129439579     0.0028443224943886683
24.340715505756226        232.3718618784509        0.0027510137105753243    0.002765033431901416
23.83059299886954         233.23411431593843       0.0027031026349913652    0.0027171636403715243
23.29997715326513         234.09592301267165       0.0026596057936804107    0.002683507945450889
22.771282782954227        234.95016047201423       0.0026146088955894906    0.0026345134344860984
22.244626818521592        235.79938739107953       0.0025732776582910143    0.0025950276396172773
21.72247185206555         236.64340508848815       0.0025094334477933048    0.0025294779931137345
21.204280977751804        237.48394478124445       0.00246175672723343      0.0024732026311861254
20.687516033881476        238.32292423093193       0.002394829582821278     0.0024104431168212245
20.17134698983436         239.16149464684295       0.002357683955507747     0.0023751461293839015
19.655172413793117        239.99999999999997       0.0022880912920506323    0.00230397654443305
23.793103041419727        231.54125653176285       0.002752954460220799     0.002759875226548469
23.28458485736807         232.39968531043954       0.0027270705090201718    0.0027313515400857603
22.771473037329482        233.25897883595397       0.002660650424394642     0.0026655259810512387
22.24782328466995         234.11336499911297       0.002595603829805827     0.002605771227986427
21.723998854399053        234.96317253936002       0.002563903194526972     0.002576064357569165
21.20361964208531         235.8069605527688        0.0024745233874676055    0.0024878595283354837
20.684965646967388        236.64785120728166       0.0024543278984489702    0.0024680705988179706
20.16803413691408         237.4864997321246        0.0023874542102463986    0.0024010442440951726
19.65207208509008         238.32424436861132       0.00233470303941524      0.002346363061300602
19.13634845813876         239.16201448692712       0.002270448570321113     0.0022830020127691635
18.62068965517243         239.99999999999997       0.002238344747752315     0.0022520938410296384
22.74078794585588         231.56803082256928       0.0027020306900695334    0.0026985318356462025
22.230645464506257        232.4238582881474        0.002622411293234312     0.0026210238944496
21.71725390409574         233.27819951276328       0.002567250782569946     0.0025708961251452197
21.19903110114397         234.12785281661925       0.0025325876340510397    0.0025371256949268425
20.681511520048836        234.97367580520785       0.002469547912051222     0.0024765178591937566
20.164143160509443        235.81427128519542       0.0024564965553898247    0.0024659818615245066
19.647505484716763        236.65264513546927       0.0023741320881767295    0.0023857774757591924
19.13188252132687         237.4894065890795        0.0023319183209445852    0.0023353192174348785
18.616646438500055        238.32585476369727       0.002283250364891342     0.002290084771195904
18.10141286753608         239.16271469906007       0.0022379971953190164    0.00224991819975609
17.58620689655174         239.99999999999997       0.0021919849543025442    0.002201702873967174
21.688789148801376        231.59199520836498       0.002618547690065524     0.002608862064707906
21.180365422220724        232.44576643053682       0.0025763919163102164    0.002574141229545381
20.666684148794584        233.29503796413897       0.0025163049670145475    0.0025157197614284134
20.152372820229303        234.14095628368614       0.002488752921232471     0.0024911755788597904
19.63902650036507         234.9831971980209        0.002438657240022119     0.002440194267867228
19.124160191123597        235.82165007268694       0.002362610525419704     0.002360165678293689
18.610090541793856        236.65776887225277       0.002334669768809568     0.0023371761097253276
18.095769506907228        237.4927247939128        0.0022939494487840347    0.002297506370580422
17.581231895427354        238.32779304748453       0.0022184776456296127    0.002220132581149317
17.066526033993586        239.16358895032735       0.002165035268912128     0.002173717267178708
16.55172413793105         239.99999999999994       0.0021055264929065835    0.0021140541353660103
20.637599060663153        231.61410791700462       0.002576049512484238     0.0025599677754682072
20.129586456217996        232.46483065508687       0.0025089286005377017    0.0025030572926316784
19.61963654238101         233.31164871063564       0.002473893200560602     0.00246977942524784
19.108203532791826        234.1543013497184        0.002425643722715994     0.0024218916439165054
18.596298548139508        234.99345821043036       0.0023532487425904584    0.0023497365281895384
18.08485318626743         235.8296273805678        0.002324553703587745     0.002331538911624471
17.572752200664652        236.663574317281         0.0022942383081091377    0.0022945026517292018
17.059752690157424        237.4966872020898        0.0022288991506006915    0.002231228920339705
16.54599441017867         238.3301828351808        0.002180815905915163     0.002185194528446235
16.031754922733082        239.1646715425843        0.0021287086806983766    0.002136218102020852
15.517241379310358        239.99999999999997       0.0020804335530345904    0.002087043855079553
19.58759658094232         231.63603367018717       0.0025056022051820575    0.0024867806131497693
19.081244878655856        232.48398202041847       0.002474838413710351     0.002456518546527309
18.573650249517737        233.3278994431595        0.0024119378166731933    0.00240315915303567
18.0647952701632          234.16778286448172       0.002374755091331507     0.002367321112860221
17.555133769403774        235.00450984568192       0.0023343084438193352    0.002327272874147987
17.0460958396725          235.83837365026932       0.0022854476933339136    0.002277223451876935
16.53571338335559         236.67010037052682       0.002220507634615185     0.0022161009572649816
16.02396590168637         237.50114214886455       0.0021744266506325727    0.002173149938730593
15.511023949262542        238.3328291273145        0.0021091479390803725    0.002111675830601785
14.997162891077517        239.16584475822833       0.002098221062073562     0.0021019793997052536
14.48275862068967         239.99999999999997       0.002015968635592815     0.002020346396985895
18.538791353591225        231.65745718581437       0.002462800506425756     0.002441617710662394
18.033987417733254        232.5030689594416        0.0024090619180803514    0.0023936185448727477
17.528449786254928        233.3444117262986        0.0023599031351446494    0.002349621426697836
17.021969506166837        234.18178780785436       0.0023150597886227343    0.0023044507694656405
16.51439343652953         235.016100245667         0.0022473594244948355    0.0022364442479167203
16.00756157900378         235.84753264194478       0.0022194159021986398    0.002210854969945619
13.962707189500287        239.166813446593         0.0019976096928074234    0.001998215340503633
13.448275862068977        239.99999999999997       0.001964805874032343     0.0019668136302478097
15.498958892705346        236.67677566268898       0.002173862378995552     0.0021668617815684414
14.988461009469445        237.5054682328404        0.002118495845697181     0.0021159358457935574
14.476302420803542        238.33521472850202       0.002089750288199584     0.0020892646960684806
17.490746292346497        231.67906814188675       0.002394209236426265     0.0023720185175866333
16.987373979994175        232.5226507208072        0.002344281308764466     0.002325953323322048
16.483827238667097        233.3616031507785        0.0022909388394936423    0.00227935534477784
15.979429956358771        234.19635868645574       0.0022598833461136007    0.002245998873403624
15.473742110756666        235.02779319672777       0.0022199946552659586    0.002208267714187908
14.968883749987375        235.85637445798193       0.002159153261385126     0.0021506964167852284
12.928278340567614        239.16739434827954       0.001970983019341645     0.001971016157305962
12.413793103448288        239.99999999999997       0.0019197039385038318    0.001919537658183438
13.44170434605728         238.33694420997293       0.0019994447246499797    0.001997995675143384
14.462220077104483        236.68280728353525       0.0021240817876374877    0.0021186750578336693
13.953143488017894        237.5090403671551        0.0020609189962725555    0.002056414455361908
16.442901490516352        231.701411949382         0.0023264018571493637    0.0023067213097446456
15.940892188141481        232.54295683130636       0.002279383975500773     0.0022608548650163516
15.439159326184575        233.37931934305655       0.0022543466246874168    0.0022391307818619356
14.936753161003763        234.21098330670293       0.002191497021720423     0.0021770671696677425
14.433034345776292        235.03902346127077       0.0021462963972066398    0.0021340242644726118
13.930225355486236        235.86437005309753       0.0021107321128748073    0.002101360813794854
11.89376756874107         239.1677003654465        0.001919243526294848     0.0019194855249061087
11.379310344827598        239.99999999999994       0.0018617030410715012    0.0018589601390991107
12.407072572053645        238.3380893286155        0.0019789357380972333    0.0019761445026657584
12.917875504731166        237.5117425224736        0.002012768870281831     0.0020092077074347274
13.425487667184449        236.68783280309057       0.002063079208034242     0.002058151911329215
15.394738667950051        231.7245550601181        0.0022786426514145672    0.0022575799870080226
14.894108500988173        232.56374545573428       0.002222928677056242     0.002206161595834554
14.39416796576581         233.39696957891303       0.00219167572950821      0.0021753668390740587
13.89393292590672         234.22501435793822       0.0021515040065125442    0.002135878326135111
13.392410017279332        235.0494148247773        0.0021116543706874162    0.002097599008413095
12.891689323256585        235.87139728239427       0.002063038590150576     0.0020545611955140246
10.859217924821285        239.16796551994284       0.0018457306872246557    0.001849171213007506
10.344827586206906        239.99999999999997       0.0018099175267476588    0.0018054498129698728
11.372384557403835        238.33900546867736       0.0019080370660836058    0.001892171436368264
11.882578462953221        237.51390697811112       0.001956853428064079     0.0019504993731062536
12.388855349595971        236.69203340958688       0.0020128550168482767    0.00201154685412375
14.346114966791335        231.74808643545103       0.002221040782747291     0.0022045626913531307
13.846956991105126        232.5842248725602        0.0021704880138999293    0.002151867647175993
13.349088712698512        233.4137864006041        0.0021466559488348964    0.0021291398193939077
12.851281012922902        234.23800104182348       0.0020892351908495805    0.0020705974406024503
12.35219985227092         235.0589033327906        0.002056696852130649     0.0020351196100682023
11.85352704544251         235.87764482146926       0.00199434398598692      0.0020008621491497056
9.824878284565552         239.16824994714355       0.0018228525701302325    0.0018269679057486734
9.310344827586215         239.99999999999997       0.0017791151691050524    0.0017769326493506275
10.33786409987351         238.3398541133579        0.0018661286565439708    0.0018727658018687886
10.847393893090278        237.51581008559333       0.0019167296099915144    0.001910569665952712
11.352442113472579        236.69570919827717       0.0019461267444629456    0.001946167052193155
13.297163646841874        231.77149630265225       0.002165467618649782     0.002151928900783891
12.799881431857862        232.60377192877698       0.0021232711204151144    0.002107722970134593
12.304536805467498        233.4294066658443        0.002082214861196144     0.0020618201426580375
11.809531843597048        234.249969370743         0.002061891431005866     0.002039036660847138
11.313072032071423        235.0676009539454        0.002028901170975227     0.0019989337561068265
10.816390522618256        235.88319961817626       0.0019501410761842055    0.0019644969599822387
8.791195694441118         239.1682746518054        0.001761544470930359     0.001757109665277698
8.275862068965527         239.99999999999997       0.0017301933216367753    0.0017283942632445486
9.304102019098648         238.3402970273538        0.0018122325015886662    0.0018203376204055466
9.813007997108762         237.51724954090062       0.001872711985414655     0.0018659718172808505
10.316925666335884        236.6988391581393        0.0019087935234541537    0.0019129080011376367
12.248600385150382        231.79397052563118       0.0021250933513541075    0.002103252630621982
11.753780416435404        232.6221272444446        0.002075657376891533     0.002053579214564325
11.261425040393547        233.44394396385084       0.002041530304398105     0.0020181817085727243
7.75861191091532          239.16746177141135       0.0017080925109821587    0.0017114530458159532
7.241379310344834         239.99999999999997       0.0016662932080500502    0.0016781823752629783
10.76962317749651         234.26141760995836       0.002006484202171028     0.0019829647526518456
10.276180858695632        235.07533999085885       0.001967023337334773     0.0019548198417989565
9.781761754831278         235.88781638627142       0.0018819595973275944    0.0019017051308204533
8.272062784067069         238.33953141867246       0.0017764952173510826    0.0017825511727428834
8.780773523847907         237.5174075894063        0.0018369552708560769    0.001829878164863064
9.283880352349682         236.700858882855         0.0018453468728354954    0.0018479396978608924
6.727838513573089         239.16527194755835       0.0016246434827136525    0.0016418743804053257
6.206896551724143         239.99999999999997       0.0015952411235518732    0.0016220819583808565
11.201428148176959        231.8149014963981        0.002070886677248671     0.002046151094099448
10.709790615461962        232.63930187098006       0.002037348333119728     0.002014270332390464
10.220989755621142        233.45748439097477       0.002004330651077946     0.00198326306743248
7.242811791707993         238.33658721431956       0.001717312757495546     0.0017299794616278095
9.732637941689692         234.271042995182         0.001964185272662029     0.0019492482008234592
9.243147394505803         235.08193241894435       0.0018710867342759776    0.0019053589229570355
8.751833562281341         235.89060823172827       0.0018461005908421112    0.001867915451891517
7.7522004256243555        237.51480255008525       0.0017770719164801414    0.0017726429470610414
8.255418615809992         236.7002615982757        0.0018168808080946477    0.0018187031272719454
6.21777286395226          238.330764934178         0.0016170638656506922    0.0016450152477647095
5.700281837410013         239.16094309659235       0.0015506991594121016    0.0015853447956284232
5.172413793103453         239.99999999999997       0.001525917574473617     0.0015650758923807303
4.6869712368886205        239.16602098814954       0.001512016034637976     0.0015529278946693327
4.1379310344827624        239.99999999999997       0.0014613669356285154    0.0014949357673595014
10.156811534830732        231.8344760590857        0.002035969388006088     0.002010151623559863
9.66946894111561          232.65546707620368       0.0019864202129622117    0.001965618359357477
9.184563336222652         233.47052004884452       0.0019449027315043019    0.0019276126228319204
6.727578623117928         237.50732186467113       0.0017138729689701348    0.0017261159482604364
8.69980596658802          234.28079788029564       0.0019151435098703725    0.0019032980116403168
8.216477808605982         235.08683531980265       0.0018329164604700533    0.0018719763179908622
7.729438346636395         235.8891208524138        0.0018049362489445566    0.0018069729777913976
7.233027675625377         236.69385999623398       0.001754746059331933     0.0017473031251904684
5.7047333245592755        237.4932656882           0.0016498177346253742    0.0016664496245453395
5.203495248920634         238.3244179608517        0.001525191745925202     0.0015682829248464395
3.691437528464802         239.18365249742234       0.0014416608293834415    0.001471295371014393
3.103448275862072         239.99999999999997       0.0013866308251255163    0.001387742347427501
4.217260132342623         238.32883535063036       0.001494315943262457     0.0015458331250337777
2.746458935032874         239.17660316239537       0.0014072329744507798    0.0013833344391770742
2.0689655172413812        239.99999999999997       0.0013307243551462537    0.0012809086124297693
9.116769267440432         231.85304729400778       0.0019675227410727303    0.0019440228536596728
8.635038140890648         232.67082972579365       0.0019270795471483997    0.0019066547328131023
8.151873701781648         233.48497563463764       0.001897935405294473     0.001883042945388444
6.214506685455348         236.6779909278564        0.001705454869676569     0.0016898364201833082
7.673633623785265         234.29042771346238       0.0018412394099592644    0.0018424652129453171
7.200937162507734         235.08849249378295       0.0017982359363999452    0.001810722145927194
6.718677985313744         235.87588143694322       0.001722928147503359     0.0016986669739821132
5.169440510158573         236.64845745669226       0.0016491313144679218    0.0016302332507821032
4.695498941601625         237.47150049739597       0.001569460535946228     0.0015898133685700755
3.2851136951898905        238.32814856661923       0.0014600385386172327    0.0014513280744171146
3.763420817907133         237.4854120950103        0.0014899364767188839    0.0015038130718494124
2.4049480372971472        238.26554865660063       0.0014259648137541563    0.0013385516699340632
1.5836021917401841        239.1370417501521        0.0013537087686623873    0.0012796037827651192
1.0344827586206906        239.99999999999997       0.0012517011774387133    0.0011839664959792477
0.6733459652711893        239.32413033330806       0.0012615145316115773    0.0011793344966876938
0                         239.99999999999997       0.0011636009565012537    0.0010938465492105007
8.085593981653306         231.86984247493243       0.0019197805645115023    0.001899027014411881
7.607988794133821         232.68603596595844       0.001886894253033511     0.0018681663675984325
7.126035891466078         233.5004746185181        0.0018528031744646605    0.0018394789195641627
5.73358199395718          235.84915912439752       0.0016861998131175737    0.001650544661903517
6.659479050655976         234.30204469745465       0.0017799805052194308    0.0017902968246123086
6.2079161600490345        235.08664494262118       0.0017541300363063332    0.0017220429076263975
4.802617971774534         235.8012700594973        0.001650513643692045     0.001609954477771151
4.122939652517241         236.55749698950777       0.0015974263248177373    0.0015710227523464822
2.8871567200947656        237.5288396376565        0.0014637254571245055    0.0014421228033968747
3.2641761992127356        236.88227609860633       0.0015193605541966772    0.0014972581935167812
2.159951027046885         237.51266076654642       0.0014411701076263905    0.0013535117935204303
1.5291793073680913        237.97214896246552       0.001379549709674731     0.0012716385851525942
0.7597032867315873        238.5106208053887        0.0013402896769786612    0.0012448506077292417
0                         239.03302001953122       0.0012317560089948787    0.0011445747996518395
7.065362752842783         231.88491150278483       0.001884307153111083     0.0018641970571446308
6.5881097274414175        232.7020545813978        0.0018267963698792228    0.0018060666580671497
6.1067030089488235        233.51878466364778       0.0017953805646610517    0.0017742352926403907
5.2745943408525235        235.08857720512265       0.001680354454905494     0.0016277111856761106
5.670988786647059         234.32573017171578       0.0017428265400671293    0.0017341109844641104
4.556237845667786         235.10674363502966       0.001645325652580558     0.0015912239176539965
3.9793409116977636        235.5500988518554        0.0016111982335399986    0.001561818022180664
3.2200907021412735        236.07531168428017       0.0015510506768664017    0.0015049567822187178
2.4455034391965973        236.69985552448085       0.0014799739345385079    0.0014311025129924416
1.5705085975198045        237.06942146433244       0.0014353942696224218    0.0013296803621656382
0.7750832242701461        237.55580863421176       0.0013744038330690612    0.001265925781162034
0                         238.0660400390625        0.0012572237427878948    0.0011553172630485923
6.052774036139965         231.89983913416697       0.001821202273169065     0.0017993871217716962
5.573071028589696         232.71991696676346       0.0017887432268360313    0.0017608937193632577
5.092885826405024         233.542971546567         0.0017457481341649577    0.0017164895748010215
4.765837055993671         234.40338328489472       0.0016995003290552993    0.0016464238122032486
3.9587989480204335        234.69038877377832       0.001631035596746539     0.0015690099309396417
3.2033463637212307        235.1593283883857        0.0015915159176784748    0.0015311842802288721
2.4098115326633933        235.6813871281944        0.0015110935676137893    0.001447153635653153
1.6050563155120365        236.14945341850444       0.001480416789377655     0.0014041518195232552
0.7923640474557136        236.61006561385864       0.0014070863484732332    0.0012952598413340207
0                         237.09906005859372       0.0013041800096968788    0.001195393525838132
5.044545625026902         231.91453351005592       0.0017766519085015368    0.0017404116817668713
4.555564142060275         232.73988099497004       0.001718249698268819     0.0016799461023472592
4.041517339575912         233.66588812390566       0.0016820203403962086    0.0016412863291400406
3.224812329539371         234.23695298409683       0.0016149744768885197    0.0015455998971674672
2.415534653536977         234.70155995822162       0.0015704218831857073    0.0014993671499880427
1.6089381870046386        235.18142722711366       0.0015000528203515994    0.0014222257035102386
0.8030102985683496        235.654559366578         0.0014652190730054468    0.001379012335618095
0                         236.13208007812497       0.0013690120271361292    0.001268049763378514
4.044401073454604         231.92498730580314       0.0017181301287440907    0.0016731268961370641
3.56559680040125          232.73589999325438       0.0016924214858850227    0.0016417254255715731
3.152548624995129         233.43621007315124       0.0016427816159778727    0.0015820070107883273
2.4318017894589112        233.73765713372674       0.001593197816748389     0.0015183283115891915
1.6144977188343164        234.21260688781254       0.0015372493991048766    0.0014593953784042544
0.8055400101979807        234.68899722177377       0.0014932261154207754    0.0014118657735913635
0                         235.16510009765622       0.0013702123418823677    0.0012820408726835462
3.075863581860481         231.90744705762913       0.0016768674891638414    0.0016208797121626546
2.523686040461101         232.7409864040671        0.0016263044979334328    0.0015652042286900516
1.6208117396777408        233.2438147667641        0.0015635432723844908    0.001484402694093006
0.804305592647006         233.72218450955177       0.0015022249121305143    0.001421684048659543
0                         234.19812011718744       0.001401068449391984     0.001318136477920829
2.2589732094829764        231.84050913161315       0.0016270643079396838    0.0015603663808878836
1.5609376541136948        232.28789498531975       0.001569533233951519     0.0014973867933901622
0.7848598349398634        232.7584290551802        0.0015212906179725408    0.0014406780494472906
0                         233.23114013671875       0.001442195861757752     0.0013608038586844396
0.7275065104138491        231.8018782440897        0.0015228632638750047    0.0014443380101137621
0                         232.26416015624997       0.0014729546570412004    0.0013932303445169788
0                         231.29718017578122       0.001506547193978517     0.0014413274742729335
94.50347803923592         241.77481934737125       0.013987046023681447     0.014809081822968853
94.99999999999999         241.45878488567084       0.014060126261418332     0.014879983402943026
94.99999999999999         242.09886567841716       0.013692729751860493     0.014507104150710355
95                        240.76735506777507       0.013756244676562295     0.014574270214624275
94.3208941773826          241.09551475917561       0.013757737650121574     0.014568272571509515
94.4953551539412          240.47627613237327       0.013638440546483572     0.014454429163609622
93.99301135391106         241.59463639264655       0.013766039791206197     0.014583300224196159
93.59752743617034         241.74366366441114       0.013453464545822044     0.01427857094991231
93.86798956377537         240.51851083491567       0.013561620263675812     0.014371534174654093
93.55246427218681         241.19454818088317       0.01355864442117827      0.014345771078177557
93.16938698158314         241.6320702037787        0.01335443321889633      0.014122903198080891
93.11555553385786         240.58877543668225       0.013473750343778788     0.014286764906971694
92.80704619120635         241.18274477108213       0.013508312461630952     0.014321850353406865
92.72384009935465         241.78149830496554       0.013343501471928584     0.014166005478045283
92.30791549827735         240.68456967899087       0.013224904379350927     0.01403790166021565
92.01914596984902         241.54047148322485       0.013288500008881777     0.014095272652808187
91.39254047837898         240.75386859169618       0.012996701593858406     0.013808018254734754
90.90249361263737         241.63474373685457       0.012977516735914562     0.013771264198768151
90.38735589116344         240.82150418302444       0.012731215416864805     0.013538772757268171
89.71828856464256         241.75704782205298       0.01244925070143529      0.013245324957288484
89.39081294268117         240.78336494754288       0.012382582301720657     0.013189560539042551
88.73639067645611         242.14995154862902       0.0120626864214846       0.012859763733201067
88.8665769191534          241.3757974315153        0.012218247488817694     0.01302084450446723
88.40713902691546         240.7458402609321        0.012072292766655335     0.012879190646736876
87.94606348929432         242.44041379470048       0.011682127005860939     0.012505754037154832
87.88309666877858         241.57954993050302       0.011854751829808118     0.012662744602460776
87.38113297359978         240.72957870608997       0.01174563967234226      0.012552250751243124
86.93318300100829         242.25887773811567       0.011430185702906116     0.012219669068841851
86.91119059502276         241.3563900335389        0.011523503754545559     0.012328775991943063
85.74575503080933         242.63241480381657       0.010877701396646575     0.011681193800619237
86.39108207919043         240.7455046144078        0.011414564685252296     0.012220385017858602
85.91099981665049         241.64108144202459       0.0111320056114098       0.01193116831313472
84.86451506097322         242.8319148026099        0.010656197961764756     0.011439343851667281
85.10913441065894         242.16981302942605       0.010810235942918259     0.011605593369206987
85.38454840021437         240.74597750479344       0.011111391658397217     0.011915098406694078
83.90510512363646         242.94435551231535       0.010213121467489136     0.011014032943164711
84.89362856786215         241.40015580269568       0.01085379746549269      0.011653196302324151
84.322380041248           242.17261256156632       0.010607351160202757     0.011398215420609531
84.35858092288865         240.70145854628726       0.010772738806822722     0.011574135420275475
82.91842539961672         243.0506330053336        0.010043588820323647     0.010797023834320893
83.36988177489478         242.24168051479032       0.010263009568896019     0.011049073765488165
83.87386679937802         241.44906220405088       0.010541135908958056     0.011335655511937827
83.32718746678434         240.73589997883784       0.010445607028641966     0.011241990104710565
81.90311281377721         243.15130203214275       0.009685052246965463     0.01046784107070699
82.36200307590781         242.32049927700044       0.00999217320310574      0.010770161966466747
82.83942199860006         241.51309626782154       0.010140869078729518     0.01092577376126523
82.29724913861891         240.7621944362315        0.010068623195885812     0.010856025052163315
80.87189577561932         243.2455362618676        0.00956706561838651      0.01031406554204463
81.33414484793055         242.3971852018955        0.009752134423885067     0.010524829477114507
81.80923462285361         241.56940751939158       0.009908942405486962     0.010688686690836545
81.25995021158579         240.80009180215666       0.009829834598965177     0.010610256591908916
79.83027499913517         243.3377858142574        0.009265049059378944     0.010031007289806146
80.29245578938725         242.47293220656664       0.009525282241687319     0.01028970169326844
80.76804848552104         241.62379117375937       0.00974132208800547      0.010516078706718576
80.2063873339003          240.82535236996375       0.009659269139536174     0.010435228860662523
78.78466257770158         243.43809165368708       0.00915516695146132      0.009891981321019717
79.23910462275896         242.5555927160822        0.009285982928997903     0.010043764388660321
79.7122358245119          241.67842432839976       0.00947020780222898      0.010236678641632068
77.7625464669339          243.5662834563185        0.00882751075585503      0.009577516601521964
79.14475841569772         240.8529526640274        0.009455737153271047     0.010224823735717896
78.18512250266156         242.66507954884483       0.009099063585936722     0.009847450455627358
78.62760672171537         241.74110518846373       0.00923874399366442      0.009994819661497999
77.22844777387326         242.84052201166475       0.008866355043636072     0.009604544731979093
76.7957333499978          243.71345916071218       0.00860106100887671      0.009294272008290182
78.06356914434497         240.87784509081584       0.009191877345688252     0.009950681459017565
77.46836685298626         241.8488822668528        0.009014262372161186     0.00976149001435961
76.6798947653525          242.32409339188249       0.008803335840480013     0.009535808031846435
76.35077679682247         243.03157061056123       0.00868227684929405      0.009404447142387596
75.84511704029633         243.83839697969628       0.008428743844249867     0.009153811052312064
77.0465462649895          240.857386352812         0.009036444282744964     0.009784718873092181
76.49011504097555         241.59204366062167       0.008876884851929785     0.009613775505476417
75.86176736210497         242.30744840971204       0.008668013918820326     0.009391515710798907
75.34730773602558         243.09611406396783       0.008437820162747744     0.009151971663915142
74.81919825936897         243.90307024775097       0.008148166284581376     0.008846345613246027
76.02214087957603         240.79769931596655       0.0087893180075395       0.009526410111109858
75.45860511602065         241.56662667454552       0.008578438950622781     0.009301477332678122
74.8849130806397          242.34614735833927       0.008357890333668417     0.0090679893157542
74.33571625429748         243.1520611943778        0.008185919328189045     0.0088825282368697
73.79271366285442         243.97069228574358       0.008064207130154313     0.008751715222072715
74.99554856978264         240.78890300322746       0.008500031522113967     0.009222388512234255
74.43451764157734         241.58315047709604       0.008379186138924832     0.009088913274339264
73.86532138287536         242.38832915297567       0.008219202417730893     0.008914244847708391
73.30516561206049         243.20810496298168       0.00806063761514726      0.008743443291471358
72.75279896356118         244.04017932789148       0.007814646244451289     0.008477164148339376
73.95389422444711         240.79887946016385       0.008338875886269748     0.009046133333274963
73.39167555203205         241.60763613234073       0.008220125663789988     0.00891514162627946
72.82235026715044         242.42962355477536       0.00806011826852357      0.008742048062486395
72.25869844439283         243.2672336328029        0.00782013069922211      0.008483327089437895
71.70122681033725         244.11625246438177       0.007661423146466401     0.00831426781208615
72.90451157288368         240.81046335125438       0.008199038473967987     0.008892878082900941
72.34307213924963         241.63340189657129       0.007993412536112373     0.008674317193583534
71.7701684722922          242.47303555098003       0.0077574046192594405    0.008419888244397614
71.19545616982721         243.3357045771386        0.007643471587306202     0.008291471318272058
70.61892364336406         244.20599940946457       0.007473238151667201     0.008095217741995111
71.86988934112736         240.82232830507496       0.008012398811978886     0.008691667886146616
71.29481325888372         241.65682312633405       0.007752601965809584     0.008413714962936247
70.70489156918727         242.51524893238062       0.007602896751482677     0.008247104812189333
70.08017122377508         243.43233109188938       0.007463642837802743     0.008092675610758755
69.52421128595533         244.33986538722309       0.007242225186610167     0.007871973051249767
70.82246547151726         240.8290010989639        0.007740774494124571     0.00840164916720599
70.24672531976238         241.66685518621162       0.007539565143472497     0.00818158575369369
69.6387195845168          242.52642028893897       0.007439388452463633     0.0080690984709134
68.80866897667451         243.4357049835698        0.0072494336478043375    0.007858149701007499
68.40353353148905         244.38386344072455       0.0071456596307405825    0.0077197746374011765
69.78864353516785         240.82718200964055       0.007511642979580186     0.0081519307388225
69.2218302079962          241.64568078752555       0.007393507924814896     0.008019381718483114
68.67222763790356         242.43904635594777       0.007295350075962715     0.007909662068696767
68.11288370712724         242.9780345821683        0.007179582817121441     0.007778197204452388
67.82211499108709         243.72904744850084       0.007122053902555047     0.007711014225125548
67.38903274668523         244.47345371639753       0.006864781409279719     0.007453475310908391
68.7577120941217          240.8182481359963        0.00735283238067097      0.007974835950905338
68.21731682963626         241.59503018099775       0.007277724378581595     0.00788813977382327
67.739601619932           242.33054736721724       0.007195175628390068     0.0077950871996482094
67.44516452073228         243.0380566512164        0.007075858774525073     0.007664302565864954
66.80479277090538         243.62100547549403       0.006913988032020977     0.007487184131473952
66.37131529404444         244.5604507933687        0.006784141528647235     0.007322438395385849
67.74977704278182         240.8089590973634        0.00723429959801001      0.007839722604075007
67.2361376352652          241.61722473372808       0.007159766650190143     0.007754456312876454
66.74642951460963         242.53164838270175       0.006981753697913826     0.007561314552202521
66.061788922841           243.1143939447037        0.00683760886821867      0.007400328799453243
65.8075332345736          243.8968623967733        0.006756513881010398     0.007309217212595758
65.35894020687579         244.65836777690348       0.006492420234201403     0.007044636454514406
66.73242775711141         240.81247092781038       0.007123719687179705     0.007714069371887335
66.23755349846387         241.62389768663533       0.006949296567889589     0.007527601944943652
65.746125173002           242.36969503160887       0.006805099301083454     0.007368487489142509
65.21721683556402         243.14884841322552       0.006656476280162134     0.007205544225879099
64.77933788027484         243.93457799236862       0.006527778978595634     0.00706345268534484
64.3196639465404          244.73813068223936       0.006430212059913614     0.006934367686241202
65.70927874975105         240.804560260902         0.006912688381826161     0.007486165178835355
65.22888135000017         241.59061012913037       0.006748202721698515     0.007307944935974521
64.71269548091844         242.38186013831356       0.0066067774888724515    0.007151259670528361
64.22389812657856         243.1774423243296        0.006470920493905747     0.007001039543590568
63.75356999717328         243.98383854061407       0.006388792741360254     0.0069063989208803245
63.28714757155802         244.80211605489941       0.006174313246731973     0.006688891905131327
64.677499548103           240.80038282183622       0.006704658496657932     0.007257820340471336
64.17948159624287         241.59985190272462       0.006537906587017123     0.007075891239271415
63.6825370692695          242.40313299096806       0.006432736319130861     0.0069580368877248085
63.19803149627131         243.21239587048765       0.006348999712345702     0.006862852694055301
62.7213059882259          244.0322198043597        0.006226338380863312     0.006727971955048817
62.25245026445514         244.86141258358126       0.006125446528223044     0.0065910627070743235
63.639161935221416        240.8054265774308        0.006492067955278016     0.007025101451709015
63.1405005562569          241.6143434808541        0.006408661470453017     0.006928676887898622
62.64698834347407         242.42794598691626       0.0063277332670560625    0.006837585037493098
62.161856718053144        243.2482155378439        0.006203009752208034     0.006700968188095663
61.6831480680001          244.07899182590543       0.006056750615337053     0.006537368489562678
61.2142439107364          244.91888243524178       0.005865638479095338     0.006342255407176068
62.6018420877863          240.81275002621817       0.006387169586793772     0.006901845097101622
62.101793186592204        241.62993020040088       0.006296604814029477     0.006802346031983572
61.606501103339276        242.45253182448292       0.006164972234494546     0.006657993479251699
61.11824824447356         243.28283362466968       0.006015996863265688     0.006493230426233392
60.63840258808411         244.12418592059558       0.005913011510541578     0.006379160782396244
60.171724724959034        244.9763197550043        0.005823911127328301     0.0062601017931164
61.56435613611465         240.81972144962614       0.0062515551121677315    0.006751050859204016
61.06038163992449         241.64401303160244       0.006107805525237888     0.006594567159084244
60.55907226692122         242.4749143132341        0.005981523124257195     0.0064538084953279255
60.06365247711721         243.31576196350602       0.005900571169681945     0.006362454324144995
59.583348161159506        244.1691261264351        0.005767334413651403     0.006216236190640015
59.120183560121895        245.02923540770155       0.005576637181785203     0.0060167520916187415
60.525155044631184        240.82515639886458       0.006079523695854978     0.006560331051349111
60.01352442222345         241.6547818089119        0.005943097998673504     0.006409660922937792
59.49919620815572         242.49378695752765       0.0058683407234625855    0.00632557821734199
58.99492470035264         243.34046112479743       0.005737759899609666     0.006182827943510259
58.071936265527626        245.0903173171516        0.00554470783027226      0.005950997956557783
58.517340803004885        244.20965771614388       0.005602728484288117     0.006033712742835984
57.04422717622021         245.17384986224909       0.005283171533998529     0.005690577602596139
59.48327155748178         240.82774719930129       0.0059010059455489525    0.0063614617387257105
58.95955610606963         241.65837095727474       0.0058550066313048515    0.006306411555392809
58.427840198609864        242.4972663040669        0.005734816932750371     0.0061755218578554314
57.87963580376915         243.3559548969118        0.005566995472314987     0.00599075568676388
57.457128598525095        244.26803509783545       0.005489692284689241     0.005905274635033187
56.48207027463137         244.39812431335378       0.0053400027777375245    0.005738799623561486
56.04140360614045         245.28334118712334       0.005268960475302489     0.005640102563443224
58.43957863331195         240.82491010679257       0.005813004690565467     0.006257884329136058
57.90315128674373         241.64357807150859       0.005726888506276257     0.006162437092134573
57.332148120886906        242.49001182070722       0.005531240900020488     0.005951115282438559
56.72436025564876         243.41757612096973       0.005435372585569663     0.0058431171244570715
55.921917825678136        243.87515079537138       0.005286028450540546     0.005677074862504501
55.58063262640438         244.58249580446918       0.005212483395618528     0.0055960312290569475
55.05323465406664         245.37759225097588       0.004987839132240855     0.005364084134956884
57.396745672723235        240.81812355075905       0.005692013342025272     0.00612218724453606
56.85195994407132         241.631921418325         0.005542685169672378     0.005960172380471994
56.29463835106748         242.43112484866614       0.005429594006219758     0.0058342851592612
55.730458862601346        243.1136451759237        0.005334459318534264     0.005728100803175481
55.09206710910478         243.8639125621406        0.005186349340172678     0.00556620632883596
54.57102897243275         244.6409050046524        0.005059144483715506     0.0054223244094617545
54.04037453904604         245.4400588299692        0.0049077869901468845    0.005226901405698636
56.35783022211279         240.80807643412405       0.0055275758978378725    0.005939913800936842
55.81546278995281         241.6007802025449        0.005396229550043375     0.005795394862509203
55.284988291493434        242.35521288285872       0.005275792572251703     0.005663926528034168
54.7166128569149          243.11611518341158       0.005180198800061862     0.00555703432566186
54.112064651181925        243.89553208796542       0.005056317366768325     0.005417047633716175
53.55666268180914         244.6872067954899        0.004996138030100521     0.005345387756031387
53.01682069885916         245.49228747808885       0.004756915047788727     0.005113479806039308
55.32254272806509         240.79736721874087       0.005365501778709772     0.005758995174522072
54.78016257952115         241.58098765801924       0.005251219242734569     0.00563287446912258
54.22626653954796         242.35676465169107       0.005171318989940508     0.00554163445854258
53.65474347945636         243.13746797710402       0.0050744383513237285    0.005432489080718289
53.08392173355926         243.9276939482787        0.004984694231399126     0.005333345831543778
52.52128487212426         244.72720700531863       0.0048348422312620605    0.00517348333555662
51.98337926435135         245.53927900113584       0.004657931130995943     0.0049638998724783065
54.28833100205358         240.7931864544255        0.005220387152590323     0.005594923035137165
53.741101208789246        241.58158958715129       0.005159576685949813     0.005524302522805968
53.18128334197183         242.36891235748078       0.0050691902627103365    0.005425092033864566
52.61383112991087         243.16023321512992       0.004961631002029543     0.005305487814715653
52.04900315924703         243.9588131832514        0.004786397965971412     0.005118046945063639
51.48991053676692         244.76582465059826       0.004655750255737153     0.004974648381553565
50.93781928135662         245.58124740764208       0.00446951130471493      0.004789676900088171
53.25666727575879         240.7959570178061        0.005134291038573049     0.00549428657356248
52.70801167006781         241.5905990121618        0.005052140680233303     0.005403533662353741
52.14488625853091         242.38505753021093       0.00490140659030464      0.005240527194063423
51.57714982611868         243.18355754820527       0.004804414414268696     0.005133331735645599
51.01202621225673         243.98867893254456       0.00468901694855188      0.005006292556111079
50.44411535889407         244.80033514885147       0.004564070855238752     0.004872857038708457
49.90406726433193         245.62322265009382       0.004366984407033047     0.0046230709100878375
52.23620659080382         240.8046758634808        0.00503031392326917      0.005375407183999798
51.67763112504704         241.60195874799487       0.004881085022016875     0.0052147570596533825
51.111004743335535        242.4020240138909        0.004783972034044812     0.005107746803425124
50.541558679158676        243.2064884955429        0.004692308467816648     0.0050059325347127795
49.97472247370755         244.01719588091206       0.004571304785014024     0.004876111494704876
49.412263048755996        244.8352377168966        0.004428312578103342     0.004715196510790845
48.8565473897334          245.66045742396344       0.0043362590840490675    0.004610311715651922
48.33585813078511         246.49570034319774       0.0037222324043366013    0.004027506704311329
51.20630410059842         240.80980053551153       0.004877178343850289     0.005207022825701215
50.64473525328456         241.61270361534628       0.004783399838401855     0.0051020665003104195
50.07780513821165         242.41872278826145       0.004693681065432317     0.0050041291048496875
49.505608474411666        243.22832213904647       0.004562665552402767     0.0048621758861361886
48.939119005482006        244.0442985487626        0.004456594296280616     0.00474541649118582
48.37553107444389         244.86687582517277       0.004354439739270202     0.00463303479442194
47.825989204712045        245.6966905240928        0.004160267702351326     0.004428682581969893
50.16202148614295         240.81221468254836       0.004729390602647452     0.00504117888080047
49.61695928064335         241.62490821042948       0.004653882249877666     0.004958191253131427
49.04204083093083         242.43402413551152       0.004541707043420168     0.004837228628692501
48.46937952026672         243.24875589140933       0.0044358356136951415    0.004719376197359866
47.90288931996225         244.06931375469068       0.0043439473655952675    0.004618865450439256
47.33984695947341         244.8959586293238        0.004237235948596402     0.004502916031476733
46.788867756729026        245.7290059542929        0.0041177172966924405    0.004365495915429314
49.12339612328581         240.81604367453886       0.004648249212998743     0.004945985349621277
48.57285606617267         241.63190691628634       0.004545220660915387     0.004835255487614375
48.0055578482841          242.4481817555993        0.004423251908414548     0.004702469357087825
47.43333113757132         243.26776047634283       0.0043572429296839035    0.0046288735169444754
46.86592323041686         244.09232560393284       0.004231387609600697     0.004492260747186941
46.30188848687266         244.92247241633854       0.004109657154749491     0.004360149982551229
45.74918404871053         245.75830221435731       0.003970039307878658     0.004206535060756393
48.09795586937161         240.82301018675005       0.0045378423372325625    0.004821327247394299
47.540302446292266        241.6413370646386        0.004409893944095647     0.004683666225698995
46.97175752349716         242.46183865570697       0.0043356810504958316    0.004602147795616618
46.396101075345605        243.28520139585567       0.004236527026398504     0.00449425680384426
45.8269178277163          244.1139814295533        0.004097769309398507     0.004343437993978786
45.26178664795197         244.9480162222263        0.004008463804057633     0.00424506675113485
44.708486244941035        245.78723265235863       0.003921530651267691     0.004143351034135213
47.055652348769605        240.82474158771706       0.004402406489667666     0.004671436754170714
46.515079377922106        241.6510027903193        0.004336558291328546     0.004599106500642873
45.93447775273776         242.4737154901086        0.004193289300069192     0.0044451644561701
45.35577112786254         243.3014490301274        0.004111645899985382     0.004355534439976783
44.78436208666343         244.13603275848604       0.004036830930386926     0.0042723585417409485
44.217236105299285        244.975146917659         0.0038963442397830727    0.004118714578358987
43.65971092531281         245.81748953704627       0.0038019184691070527    0.0040090645007857225
46.02526511916362         240.82865664678008       0.004282810631663845     0.004537603145944188
45.47269539535228         241.656219014852         0.0042077457201697135    0.004455347746216491
44.891480204930225        242.48447571728695       0.004095426253865401     0.004334222288359686
44.31136391672536         243.31891453971858       0.004005420013625236     0.004238104703704852
43.73575105905976         244.16094172397          0.0038899043033421526    0.004108729031992032
43.165408498529075        245.0077596540357        0.003825949163574979     0.004036900084571447
42.610577530968285        245.8580363153643        0.0037240923435563696    0.003925913600587332
44.98692371005951         240.8307648991089        0.004187637491369447     0.004429035683700564
44.423420680508535        241.66114602711397       0.004112759632969875     0.004347606401275478
43.84695661348548         242.4959464592196        0.003993642238978826     0.004219943432004068
43.2608422618007          243.3385037112064        0.0038945657807552027    0.004112277773421164
42.67677892704446         244.19136685371538       0.0038288751423067786    0.0040386784071045284
42.10115298064668         245.0496508880884        0.0036973001764540364    0.003893731249656911
41.54937469880873         245.90735959516192       0.003635805437456567     0.003812799547326617
43.941330596545164        240.83247707843807       0.004102770571512474     0.004332651376242877
43.38802172476329         241.6671548375338        0.00401081381515047      0.004234051685414789
42.796805878156626        242.50822694159817       0.00388660523717924      0.004099206102433973
42.20027086532413         243.36109792702652       0.0038129002958303113    0.004019565310011988
41.59758163494922         244.23139399912932       0.003684703378146761     0.0038781117029364725
41.009754995483675        245.10526411314962       0.0036306960619485987    0.0038162404719819533
40.47030270918714         245.9673868170367        0.003500027382073872     0.003678600412861718
42.90162418165641         240.83465733905805       0.0039638192658071935    0.004179938165295629
42.3322238554203          241.67251831946518       0.0038729180714617427    0.004081354375810346
41.74141658049352         242.51833631759885       0.003832969035103453     0.004035336828808084
41.128001755946485        243.3838763444464        0.003676769097859686     0.0038688960728206485
40.469530285249945        244.29710786834966       0.0036215816179862898    0.0038048504597908857
39.88422740092463         245.18081022978038       0.003520815801296731     0.0036914917543398747
39.404904360544336        246.02876718584017       0.003469628900402835     0.0036069932133843026
41.86569594698092         240.8360619858536        0.0039002928470914786    0.00410466771852295
41.28783879692571         241.67275538415512       0.0037940858306712358    0.003992081770519621
40.692281929644274        242.51591107796926       0.0036839960719415067    0.003873952386207803
40.064771018242695        243.3823985142058        0.003592177011214972     0.003774225795496897
39.250106882210005        244.2811342404419        0.003474669623954547     0.003642125080500565
38.82680209117307         245.24630266745646       0.0034213878013176625    0.0035797069296694757
38.34994611701525         246.09131465710004       0.003277291660949595     0.0034394924844455975
40.82608586765937         240.83375039127665       0.0037846078381884763    0.003977736379256149
40.25243615520272         241.66031316524604       0.0036946361343313298    0.0038817244718336312
39.67117727602649         242.47967140133764       0.003596052160067979     0.003774735793730942
39.0886057211668          243.26866700089985       0.0035017206463207333    0.003672890437196055
38.48431586434346         243.80875841448437       0.0034439429258651295    0.0036071974919571425
38.28191844824224         244.56048068743232       0.003410606898380446     0.00356985307879627
37.78970933810205         245.33530900414405       0.003321464966167065     0.003473710317257224
37.328472821143755        246.13863992178935       0.0031870744093402685    0.003283368440724212
39.790325117047466        240.82402078694213       0.003694490461754145     0.003877078890711065
39.23440375615515         241.6342492446189        0.0035914578976349323    0.003766719771594891
38.69079553872661         242.41611931892905       0.0035305127598900562    0.003699938041364276
38.21148964417193         243.1488055042861        0.003441967041449883     0.0036050809853830066
37.72301143788266         243.86026114931667       0.003399882988638214     0.0035568876350933593
37.190404244026105        244.62150966605276       0.0033197370500681017    0.003469746754525794
36.762130168309945        245.35260512867032       0.003236552090457471     0.003373715865830585
36.29984728694534         246.18138372563914       0.0031584270626111685    0.003291493861286811
38.766303893655454        240.81323450053236       0.0036123240078468036    0.0037838494445693346
38.22755236358495         241.60977981698085       0.00350817516998784      0.0036736832220188166
37.70916155087677         242.35489475955478       0.0034798998083055096    0.003639943232602031
37.2014182568056          243.12766082551622       0.003376893890535641     0.0035301235124653263
36.948910242457615        243.89177960217125       0.003345633757071657     0.003494634140017487
36.22976688979328         244.46729039179112       0.003241510868900954     0.003382467346478405
35.760498036573885        245.40557908000673       0.0031834153536029297    0.003317059148380526
35.27461234310051         246.2422623645372        0.00302503357663522      0.0031506328649933244
37.74746992693777         240.80604778938118       0.0034870653228538536    0.0036490587367915953
37.23130937552843         241.60551773051188       0.003454289085091027     0.0036120662609226274
36.713758072253995        242.41699450641372       0.0033696672354995255    0.003519692135426545
36.21165311655522         243.35146648540808       0.003287385230026702     0.0034315408326236574
35.48351288760892         243.94468781727335       0.0032183983541761683    0.0033549376897764787
35.25929041239301         244.7030380748823        0.00316528511582212      0.003295972836918602
34.738018558316526        245.48754524261628       0.0030607822190410815    0.0031833159412969036
34.24538111498759         246.29860667252788       0.0029838447871922275    0.003100006197612307
36.72631816796719         240.80878636259686       0.003454762405172743     0.003608215931878857
36.21420289699183         241.6197007120429        0.003339555245612129     0.003487584079705498
35.71480323676612         242.44272652544836       0.0032993724514851735    0.0034430540143818174
35.20627227114706         243.17693839534974       0.0032118329350640236    0.0033477493651317383
34.637978725946255        243.9666031292041        0.003138900291501184     0.0032677960207202
34.19043226151742         244.7410628851775        0.0030789077498864885    0.0032011547754739428
33.70051818209911         245.53604060702648       0.003000920723451711     0.0031165371780377603
33.210056129727725        246.34432815848007       0.0028680269328469833    0.0029685353934629758
35.69674550474062         240.81091112587077       0.0033234403752262776    0.0034683797501662973
35.19008105721647         241.61961067927996       0.003274129516415786     0.003414219465214741
34.69235961550993         242.4192188422361        0.0032006212574109227    0.0033355115936053305
34.15866435766122         243.19799786806416       0.0031313984219255024    0.003259281456772053
33.65055143324549         243.98032322951278       0.003062537590155734     0.00318439036650823
33.159083206898636        244.7722121527903        0.002996658832735829     0.0031112561723725695
32.665396303133384        245.57384127740158       0.0028972408807838596    0.00300117163312222
32.17352857919158         246.38408747656797       0.002800655911077775     0.002901373000544395
34.664659699151805        240.80981415111538       0.003235018428028758     0.003371300807117368
34.157715390138556        241.6152927189662        0.0031869572028655467    0.0033192062023551217
33.64483119271923         242.41242011199367       0.003096209183140724     0.0032213639628053616
33.13080694353807         243.20475722497557       0.0030554156685625796    0.003175503931236161
32.62634310391133         243.9993061168647        0.0029903606743311053    0.0031048403689712192
32.126466216242214        244.8002974747258        0.0029081135423789078    0.0030134644821673893
31.62983485216508         245.60670787075162       0.00283762377155675      0.0029359097695049897
31.136569355685296        246.41963625524295       0.0027227657648327356    0.0028034561031817225
33.63197696724932         240.81133112391146       0.0031717411593255303    0.0033001955262175905
33.12135087455807         241.61681507208002       0.003117278551304611     0.003240767831716554
32.60868971580279         242.41839538527896       0.0030590949542457046    0.0031775343980683245
32.09838057864611         243.21814277317182       0.0029660967619418994    0.003077746673970759
31.593655404890384        244.01954886790665       0.0028936742033089696    0.002998574842047748
31.09143989327185         244.82604629013542       0.002826155700229434     0.002924962188376621
30.5934777286773          245.6361098946569        0.002745104211614344     0.00283259603849181
30.099308983053206        246.45146507276255       0.002631513136872741     0.002719375186845705
32.59686199603597         240.81309143072056       0.0031010381504291387    0.003222540341728275
32.08543849302147         241.62242091548902       0.003018505049561814     0.0031348192966822517
31.572621334115954        242.42835244180836       0.0029446186515586187    0.0030539057302707722
31.062921146835208        243.23304589411023       0.00288536107102572      0.002989091888534495
30.558115051200435        244.03905177156943       0.00281705348276582      0.0029150539115185468
30.055224788475073        244.84940657615016       0.0027416611598591605    0.0028310517545507906
29.556648096420748        245.66248041489857       0.0026930395588568496    0.002775576893388748
29.061821224066662        246.48019687493925       0.002590323183665384     0.00265187787042635
31.560125548979567        240.81537713552396       0.003004320091124737     0.003117585127483762
31.048041694419727        241.62864406360885       0.0029269856660660196    0.0030357124885899023
30.53527475292188         242.43843905273158       0.002861449794039666     0.0029633976289120292
30.026217560816832        243.247290230284         0.0028030068960365018    0.002898080799243764
29.52165238847233         244.05696850996682       0.0027528076509930987    0.0028420924426021048
29.01858737407076         244.8703876464889        0.002699323626402957     0.0027822773774725603
28.51964081140591         245.68616037678063       0.00260201807613392      0.0026726396718251377
28.02421618136043         246.50641780998865       0.0024860885538587583    0.002557880244400943
30.5226837644706          240.8176039770062        0.002923574749194725     0.0030291401965822965
30.009666112416113        241.63394056038558       0.002870788510086517     0.0029710621887460466
29.497903010580625        242.44789073647905       0.0027978563902485327    0.0028920671671256097
26.98652024894902         246.5304943338626        0.002482023162090374     0.0025251217169611775
28.989476800107195        243.2602945689138        0.0027586910611001616    0.002847050712286772
28.48508374632051         244.0731267420107        0.0027016680234925733    0.002783667068591688
27.981887403864096        244.88922446044157       0.0026016966176496997    0.0026734268740402508
27.482564025959928        245.7076194510695        0.0025567302260821457    0.0026226585021947835
29.48643475288631         240.82060848335917       0.002872485031661497     0.002972250389459742
28.97294042260191         241.63982297429948       0.0027923057014402654    0.002884669954695405
28.461377866060815        242.4566676174929        0.0027356242337454773    0.0028226583080602345
25.948712018757885        246.5529970941085        0.0023508623031674486    0.0024077055476774303
26.445456046969298        245.72744022958776       0.002474075072930085     0.0025290646933032053
27.953120875177564        243.2719578971332        0.0026856378594681336    0.002765507423933241
27.44867112132697         244.08767388915535       0.0026105574561296513    0.002681891916110016
26.945236232498868        244.9063493949444        0.002579848114391506     0.0026468079818503013
28.450960858404553        240.82332507637238       0.0027762780490844003    0.002869553322759941
27.937121449334285        241.6450083811761        0.002730329623184539     0.002816548136335932
27.425486817435797        242.4643798459969        0.002666865792086376     0.0027443752511661763
24.910734074769348        246.57465946175896       0.0023227723211872065    0.0023340258542878874
25.40827947342609         245.74626863900713       0.0024249408306269253    0.0024750631453694535
25.908643181055165        244.92231397330025       0.002466141766743906     0.0025208874479891986
26.91714070132508         243.2823652845731        0.0026217115973564066    0.002693159842281537
26.41244454042149         244.10094631987025       0.002555052837575986     0.0026192852497109024
27.41593807749952         240.82554373184325       0.0027184329345856166    0.0028055628260822297
26.901865599033645        241.64946181844311       0.0026480648868823643    0.002720742793040125
26.39005479020435         242.4712314623076        0.0025965142024959244    0.0026629346080044008
23.87262678215212         246.5959815123183        0.002291710516432894     0.0023147940508422837
24.37102128987109         245.76461226412576       0.00235187747946768      0.0023876935095916547
24.872070920357842        244.93761695881116       0.0024401117977356705    0.002489135188005541
25.376362293464855        244.11337381532837       0.00249074647245052      0.0025451612962202174
25.881455611406256        243.29187533329812       0.0025286109066698027    0.0025899241511127633
26.38125161385095         240.82751157307234       0.0026609049675382704    0.0027233105154521116
25.86700546691499         241.65350480932673       0.0025725988604968237    0.0026341275844848646
25.354948591532118        242.4775921301092        0.002539934722356904     0.002596692731973433
22.83446838024658         246.6170422828469        0.0021341343400256216    0.0021618726441607534
23.333685869299657        245.7826593304261        0.002290670344914702     0.0023262020713255265
23.835476649907818        244.95254139521327       0.002355767116002164     0.002395943047148017
24.340357801649173        244.1253117607822        0.00243435282886155      0.002480592025431093
24.84597807715005         243.3008793637441        0.002481845041710865     0.0025337216371745966
21.796316848198554        246.63770549945806       0.0021652501952136483    0.0021795756535022428
25.34680969373323         240.82939018687992       0.0026045721827729876    0.002669038582250181
24.832435321430765        241.65735813440048       0.0025461676780641723    0.0025973560170471383
24.32005585964636         242.48368882404066       0.0024937509190229826    0.0025411466091632673
22.296297098930282        245.80036613802054       0.0022333398232950896    0.0022625733105457705
22.798814292249926        244.96713975570705       0.0022910707264028603    0.002324508280026406
23.304346978493694        244.1369253228157        0.0023755403521543155    0.002414927225618715
23.81059315374672         243.30958498318162       0.002439990621046563     0.002483857907214538
20.758048024213156        246.65793452465167       0.0020562825824438067    0.0020706231621019787
21.258770738159246        245.81766298411063       0.0021541589982962575    0.0021762173260619134
24.312500460489122        240.8311696259934        0.0025481236184187596    0.002586062115454434
23.798013269514886        241.66101830541095       0.0024758637135051244    0.002516997330179071
23.285222416836266        242.48952698218548       0.002438122082367177     0.002477447892540809
21.762013345353328        244.98137601944495       0.002255094549278147     0.002283332403184637
22.268238366516375        244.14823987695596       0.0023133731696036754    0.002345251245578401
22.77517714773833         243.31801345997712       0.002353674562727811     0.0023901992298328303
19.71942721579116         246.678062666253         0.002064879806251554     0.002069153590667922
20.220972160396418        245.8347692233226        0.0021253076808427774    0.0021429940108092962
20.725003917266555        244.99536218859024       0.0021702399396841226    0.0021909745629004602
23.278204747038178        240.83274525569433       0.002493451923867818     0.0025291969229102244
22.76350692568219         241.66431480492486       0.0024091272240120963    0.002443124162916389
22.25027329478461         242.495009345118         0.002360809820420542     0.002393145050508086
21.231944033786082        244.1592789814562        0.002269581942521292     0.002297368325758307
21.739604944676945        243.32611823460942       0.0023053151518048574    0.0023356627984243805
18.680425250947142        246.69844695224774       0.0019763920765706075    0.001978727533930491
19.182793315641252        245.85206928122875       0.0020577474102488167    0.0020693643578825025
19.687681360008522        245.00936674424756       0.0021452336524347276    0.002163632493142493
20.19537603245323         244.17016735627234       0.002176193219531473     0.0021970774262162307
22.243708179904605        240.83393835428444       0.002384277475091663     0.0024133352130461766
21.728836419117172        241.66723291101138       0.00234784329035116      0.0023755665254037834
21.215127290069848        242.50014299929282       0.002315460431253943     0.0023422933036477966
20.703815283851394        243.3339659996217        0.0022486777334384425    0.0022735643174208414
17.64075308086856         246.71918068886612       0.001953035677957924     0.0019530475773045805
18.143974183125128        245.86965300406632       0.0020230896176224662    0.0020321666090645746
18.649815748061165        245.02355554396453       0.0020522490632468924    0.002064141872975871
19.158372522619352        244.18106526226697       0.002136409637943816     0.0021543794252743896
19.667774504897775        243.34175364880036       0.002186433480382725     0.0022065347064918017
21.209214032931218        240.83507939380294       0.0023745636908599076    0.002397054187280001
20.694146262330634        241.6700768387623        0.0022983386993234048    0.0023215982723554973
20.17984269569308         242.50518099823807       0.002264191010382058     0.0022867209458239395
16.600062867196815        246.74024442077086       0.00189092877042467      0.0018853455347001443
17.10403587037852         245.88741284625021       0.0019546926083402892    0.0019594622833596694
17.610920522972464        245.03787168780278       0.0020336034002512993    0.002044545407361761
18.120540791076788        244.1920176132163        0.002071193212170511     0.0020844234702722844
18.63128997349496         243.34960123936028       0.002139637560421893     0.0021557221181813945
19.14438681167583         242.5103364642744        0.0021678597996429463    0.0021855016936362178
20.17557473257669         240.8368819987478        0.002290378457986977     0.002308873792855191
19.659366101946016        241.67308819565247       0.0022509968623113563    0.002269773617810619
15.557898810199916        246.76229552250825       0.001831776871334426     0.0018296024189349992
16.06224107631824         245.90561765306893       0.0019204817517216605    0.0019238000080196284
16.570071927411526        245.05226505076305       0.0019558025716015313    0.00196145442080709
17.081047091949273        244.20290090452133       0.0020183254401828824    0.002029486197626686
17.59383801976973         243.35735424444545       0.002078680889834846     0.0020919911790948666
18.108525374564113        242.5154341263362        0.00214570641136398      0.0021611664553372583
18.624377859342186        241.676169927271         0.0021717126128316965    0.002187097655970328
19.14031661778536         240.83792960738708       0.0022390715691792905    0.002254886175164995
14.513261398495807        246.78696023084098       0.0018052653558647267    0.0017916529477794397
15.017369907155095        245.92498431138333       0.001847700790628292     0.001847083138920288
15.526101253917824        245.06673617402578       0.001932584192198973     0.0019380670934888375
16.038448577100283        244.2134579149702        0.0019584889951976513    0.0019657776784793232
16.554136801366404        243.3646933384176        0.0020233086278930476    0.0020335883824947293
17.07196746196646         242.51999949823224       0.0020616788178911237    0.0020734151275090614
17.58888381485178         241.67888795589582       0.0021398553349636674    0.0021531444016750297
18.105151657287564        240.838932091069         0.002182178382221005     0.002195115413571423
13.46743789614149         246.816124111112         0.001710792952427105     0.0017043795698499923
13.967958512413688        245.9473793154065        0.0018112068636808398    0.0018094141783540072
14.477355401285958        245.08138012962763       0.0018460299173748156    0.0018463328660609094
14.992421315426157        244.22374164953993       0.0019217864592152405    0.0019282066268022497
15.512466499520297        243.37166280315137       0.001961779004007507     0.0019698100076915785
16.033110300230277        242.52414204854122       0.0020203772717479473    0.0020303208293535944
16.55223180966571         241.68059677635824       0.002060469474105634     0.002070871483195702
17.069742210688904        240.83983073962486       0.0021218166531004087    0.0021326779366339006
12.42218674092859         246.85250665893543       0.0017205338006619894    0.0016969633136968757
12.916957619980934        245.98151333558516       0.0017411815330510272    0.001736041941975348
13.423212999114925        245.1055459652137        0.0018193716210244397    0.0018204592239317626
13.942077484543766        244.23797646961847       0.0018460885269195322    0.0018485157364977604
14.467023677628424        243.37924446806926       0.0019215463558594076    0.0019279976638640237
14.991670559331096        242.52856579436101       0.001966874333517519     0.0019742439888104646
15.514470482387383        241.68271946330455       0.002020350816963435     0.0020288757565912964
16.03419785403766         240.84053658175546       0.002070330864894436     0.002078682901999766
11.371955074943811        246.8900077577812        0.0015882606383083614    0.0015807445724116754
10.323971591595587        246.9312723039649        0.0016234968605213106    0.0015960722036788904
11.86085053119021         246.02324457686927       0.0017016581503343394    0.00169569781248124
12.354621140392887        245.13865322354536       0.0017386825897318101    0.0017353507252353933
12.876772094748093        244.2543412226925        0.0018224185549165475    0.001825833423708505
13.416135488626516        243.38404035794284       0.00184525345176673      0.0018490469853038674
13.947944298334681        242.53062558418614       0.0019243324441633616    0.0019304581295547065
14.474891155366821        241.68397094400908       0.0019836976919830975    0.001990198581018211
14.998053215184472        240.84084585914843       0.0020079798739907565    0.002014041118313842
10.796175550108785        246.07049028421156       0.0016432959554452157    0.001636490395711832
9.282132261658276         246.9724115526129        0.0014393745516216585    0.0014360898570061683
9.747726605505257         246.13285693212433       0.001580829212573494     0.0015710952878738784
8.246327446963495         247.00652982441048       0.0014354420970558136    0.0013715618062276945
11.267011262294298        245.18091502996933       0.0017038732994559549    0.0017013260374853592
11.766441905177516        244.2805681831982        0.0017300704107498248    0.001729592822311828
12.35812432521608         243.3794315259552        0.0018200604427846031    0.0018239876249209182
12.902637262257104        242.5266776117986        0.0018488504162931356    0.0018532472421352332
13.434518009250233        241.68229951804213       0.0018975112576212173    0.0019020855953037466
13.960881995729816        240.8405748516831        0.0019834356647915135    0.00198790214778252
10.203173643536877        245.26469194077936       0.001659661915648855     0.0016558875614065584
8.712426141037673         246.18790109851716       0.0015349345336990534    0.0015261664100321719
9.16551214732444          245.3717885872128        0.001585012916130078     0.0015796755248023103
7.214274457190293         247.03039344037506       0.0013838898265231634    0.001372482868600368
6.18592438233679          247.04473237409138       0.001314155485176517     0.0012944932357517767
7.682880778757643         246.2233651815496        0.0014731424409583618    0.0014595723592348557
10.580836651231458        244.2712597139799        0.0017028582729910014    0.0017039391147088013
11.28725494324833         243.36750582893288       0.0017409560092248504    0.0017433084139866623
11.856733103417753        242.51402072851295       0.0018231411469084439    0.0018285102227242362
12.394775801645652        241.67543140864714       0.0018654918647143016    0.0018695263295248697
12.924099972807374        240.8381586103441        0.0018958877238394805    0.0018982946320560553
9.616865661078323         244.5411954708515        0.00164516112693484      0.001643620270439252
9.739093140174667         243.8081183735207        0.0016806546279322313    0.001683036251061552
8.144619702503613         245.4244668124296        0.0015228993017149834    0.0015152803896907152
8.627667681425116         244.63802060045242       0.001598358740675622     0.0015960750256475682
6.657128718562782         246.24310035906228       0.0014133043596904066    0.0014024079907698666
5.162998864516482         247.05355214807665       0.0012952195300151303    0.001277609764674864
4.150556368813559         247.06966036361302       0.0012576375527493374    0.001225399356774184
5.635559873749681         246.2479117962616        0.0013511570846560913    0.0013367630330766535
7.11574655167875          245.4538628821149        0.0014690560224800803    0.001460574040972216
3.1556056362783296        247.11349490295675       0.0012041414480608841    0.001180609902639989
2.3288827423394673        247.17532599278144       0.0011272233224799784    0.001092765242955482
10.296373888421678        243.2751610800274        0.0017079161015582836    0.0017100467041500436
10.830024570767828        242.4782108381221        0.0017453506402236847    0.0017487093142273021
11.360543856130342        241.65975331936798       0.0018028637089455956    0.0018134232819304378
11.88838796376769         240.83276351070893       0.0018795754364419506    0.0018773029438370825
8.944487321454739         243.90966721525234       0.0016367809558964668    0.0016382251594584507
9.404607754913647         243.1222593274286        0.0016815980828723037    0.0016865764940787262
7.560460898464162         244.67464651684813       0.0015450391218173457    0.0015405335504533203
7.980287826977913         243.90549285103228       0.0015822654500886439    0.0015828664543763554
6.103568718718791         245.46362045482985       0.0014182948007259888    0.001408318486938481
4.627423823955437         246.23716127341172       0.0013089297416377288    0.0012928348632148016
3.636393843460784         246.2673947368556        0.0012713531608940563    0.0012502411316877224
5.074593260289138         245.44810593210195       0.0013532280856394321    0.0013409621941750376
6.5428004456763516        244.69698451175034       0.0014514430007190467    0.001443854061304536
2.5704680464450873        246.28679308400476       0.001202665316273654     0.0011830572911964096
3.2099530177646547        245.5600160293655        0.0012608751065731469    0.0012430765457145194
1.6206567243457626        246.76645198589188       0.0011408478725401744    0.0011247988016534957
0.7654902610149441        247.24341408475777       0.0010054744303037266    9.81957302305907E-4
0                         247.76017252604166       8.177288324337588E-4     7.851783767394786E-4
9.842505454409615         242.41819290283857       0.0017090286565666468    0.0017105444149931438
10.33673617897924         241.6346311690527        0.0017563583685444924    0.0017634415993351622
10.854510412456426        240.82397697104622       0.00182112890311402      0.0018093331804415313
8.403934985943804         243.14261953423235       0.0016465129532504251    0.0016500783844641063
8.870831351704645         242.38738317050817       0.0016854832955016496    0.0016885517125473615
6.950811290350008         243.92987065223062       0.0015123682236342828    0.001511402137340027
7.380918340752054         243.15402140614347       0.001596512931040619     0.0016011155828964624
5.594751570182822         244.69257645660912       0.0013955093003705666    0.0013887604447590516
4.104356167507631         245.33724276778185       0.0013133183542748115    0.0012998836851463578
4.789479462215769         244.7583319368982        0.0013564345804272162    0.0013468311159844076
5.931463644663581         243.96733010786946       0.0014625933840138434    0.0014608001161037795
3.2829764374242916        244.79369033113082       0.00128272045647576      0.0012681671628932375
2.4703416114229015        245.26232030954475       0.0012230072137773683    0.0012054500337439552
1.6557882729592812        245.7841842684297        0.001151849222300436     0.001132483335890281
0.8107182329997092        246.28701644652338       0.0010891334690129161    0.0010693215469213225
0                         246.7901509602864        9.305381885393138E-4     9.036887790207418E-4
9.315856467179673         241.61141482383377       0.0017317376125783439    0.0017357680635111592
9.814934883291752         240.81587797480842       0.0017733957864469465    0.001780700611696309
7.842477319859817         242.3768932350293        0.0016156023468075415    0.0016209128038486272
8.313296751947446         241.5955609970457        0.0016732400931324422    0.0016749290799438897
6.307184208744719         243.18242370783054       0.0015054125105306326    0.0015094451558479314
6.800559961930932         242.3871560170403        0.0015668256560284909    0.0015757347806361862
4.953310170983538         244.0630044053084        0.0014107355981225183    0.0014054959888942
4.103475211214308         244.3337165186465        0.0013285151525461775    0.00131838769194213
5.238672329140956         243.2404061438816        0.0014363106545124424    0.0014376239879532711
3.2824280474794216        243.9058667721287        0.0013066076963623543    0.0012936111590974347
2.4684023563805977        244.34700912936538       0.0012432583521514936    0.0012269335735148373
1.6441377754170436        244.81010742876526       0.0011748735000857782    0.0011561681996974666
0.8223525856016627        245.31776707395113       0.0011222845132927604    0.0011031317642057504
0                         245.82012939453122       0.0010482502810289698    0.0010288326406747848
8.79250363629272          240.80228375188233       0.0017222100819674659    0.0017299164978255785
7.285765035379153         241.5942631654951        0.0015882268077636163    0.0015960383429603662
7.773062762942683         240.80051372867197       0.0016826693144807777    0.0017032416962687866
5.742944399255211         242.41169072658587       0.0015205312825650298    0.0015321148306577882
6.2450635277430635        241.60281309553105       0.0015328550435258252    0.0015473245952580172
4.127257898282006         243.3619028292413        0.0014017099648156522    0.0013970941539066472
4.669613867303536         242.44188204612527       0.0014514808718141725    0.0014588629620696358
3.204275568461185         243.13177098255215       0.001324168282930172     0.001312481016160721
2.4706886164084176        243.4332805280143        0.0012447461663345936    0.0012263544800308135
1.6505449861535197        243.87677188333305       0.0012118104755932853    0.0011921365480070164
0.8234641438042223        244.35505636344135       0.0011471633458276962    0.0011274035926309503
0                         244.850107828776         0.0010750834657025597    0.0010558709689955166
6.742122309279598         240.80066459893854       0.001606884558470689     0.0016318072504941175
5.197553990616733         241.61444650366911       0.0014768514794031402    0.0014972817327780733
5.70352481469189          240.80453731974703       0.0015175077217852474    0.0015448510943125895
4.1595568047071145        241.61575487340954       0.0014418811917824377    0.0014510094956313368
3.6333393156437626        242.42246731084518       0.0013851440856279575    0.00138061891865404
2.5598236561828296        242.41112387482653       0.0012977050645064708    0.0012779874402248056
1.6615146832359498        242.9188489049468        0.0011974377019046691    0.001172751579307374
0.823748334248155         243.39549758392857       0.0011713875871644892    0.0011471497129336794
0                         243.88008626302081       0.0010933550775449616    0.001071170460886914
4.667004972929133         240.806977920327         0.0014488005893991155    0.0014798599816595924
3.63891833780912          240.8059298235472        0.0014140266931183894    0.001426734233715315
3.157751610205947         241.6020824435976        0.0013664419922589878    0.0013482912128419007
2.3251280134082357        241.5414352673579        0.0012993898745390273    0.0012658604090550897
1.6121158091021834        241.94577554256418       0.001234747756505323     0.001200044562699141
0.8069661922952373        242.43215739156383       0.0011744212866402622    0.0011430499942360949
0                         242.91006469726562       0.0010875483684232399    0.0010587833664489677
2.636366047862727         240.80103567920776       0.0013484774674376119    0.0013079554427364245
1.571324830919811         240.88683509883805       0.0012474559279004895    0.00119821867817514
0.7519255522600905        241.4803219900651        0.0012042807919378047    0.0011590466623877546
0                         241.9400431315104        0.001118881874188376     0.0010797723923159305
0.6698938794907029        240.66787159334075       0.0012218053289985602    0.0011650881614284846
0                         240.97002156575516       0.0011334793568309675    0.0010801486218701777
103.81636426821665        223.28749087356192       0.01141853203778213      0.012340193021213228
104                       223.1016998291015        0.011420082289610362     0.012341752617304108
103.99999999999999        223.39052681511694       0.011418745645631218     0.012340454067978101
103.47079473367556        223.48935621455507       0.011417875410835708     0.012339453711219188
103.25845660066912        223.442799242467         0.011420410076320166     0.012341825268761519
103.10027061858288        223.4075983590062        0.011422817179628668     0.012344078824426665
103.75310727493964        223.53769813410122       0.011416204086213964     0.012337943744710174
103.99999999999999        223.6902974842385        0.011414668197288801     0.012336540853508904
103.51400635840768        223.72179243604683       0.011414558608234029     0.01233629313028624
102.95365993640554        223.47101691246476       0.011425171101764145     0.01234628990647846
103.30354467765109        223.63566529188958       0.011418093999242844     0.012339619816374192
103.11558001325261        223.56936788888325       0.011421654877210134     0.012342970904122045
102.7634475073052         223.55885642677706       0.011429231382514062     0.012350119913486763
102.54554800125763        223.66054613559749       0.011435337475393508     0.01235590790340383
103.73622800166373        223.85532994710806       0.011410775132410568     0.012332734559863381
103.99999999999999        224.0064330178183        0.011407426987687647     0.012329596139579013
103.47478531721623        223.96739405131783       0.011410091986126351     0.012332006419171633
103.32530053234757        223.8201233725891        0.011415138876024742     0.01233680147865369
102.94024689244958        223.68332226098636       0.011424362565292057     0.01234551215981247
103.13793424653382        223.77718919679438       0.011419095847808742     0.01234053400216198
102.7416113564455         223.79989753778727       0.01142885025658637      0.0123497629268199
102.30062658321789        223.772716027831         0.011443950643782256     0.012364075632353685
102.5129176453763         223.9248772183275        0.011435861586258035     0.012356418802118074
103.6755290042373         224.20831872994444       0.011401163218714193     0.01232351321710599
103.39559556649033        224.1738948284769        0.011405765822385111     0.012327829966568964
103.99999999999999        224.3464292412154        0.01139566958289677      0.012318289562683086
102.03205486862909        223.89593354647567       0.011455224768686283     0.012374788244629878
103.20221534124512        224.02477818185395       0.011413498644679814     0.012335178539495267
102.95613071853211        223.93025239180236       0.011421332912496508     0.0123426234695124
103.42111535726787        224.39530304258247       0.011397617181707544     0.012320049374615725
103.22958248208833        224.25402429407913       0.011406957814187445     0.012328941999771949
102.73083653697473        224.05172163443356       0.011426923869288416     0.012347928599101334
102.26529680185098        224.06219782588036       0.01144545037473635      0.012365538272178149
102.4935494720199         224.20250147091772       0.011434931179033424     0.01235554263710814
103.63297081622821        224.6069396246358        0.011384608656425797     0.012307650574655257
103.34526181120248        224.58066705560282       0.011391313185246714     0.012313997010007783
103.99999999999999        224.72188570439135       0.011377224909707084     0.012300685298462984
101.48264874840288        223.81705352082778       0.0114800010203926       0.012398276319971169
101.73771712425787        224.0264234097806        0.0114693018375238       0.012388148996022674
101.99716858438946        224.20966009129043       0.0114576978850029       0.012377186226123759
100.7892478422977         224.01489978607322       0.011520848679969048     0.012436957424014662
100.52271806171105        223.78295250078486       0.011533898289869835     0.01244933122328272
100.45157791879431        224.08584984010747       0.011543856707301818     0.012458696459174018
102.97272321326605        224.23519839688868       0.01141525445603477      0.012336819397392451
103.15665541641283        224.43969047513548       0.011402973197931245     0.012325113239491465
102.70375753006299        224.2942407361036        0.011424667938193155     0.012345777383175402
103.36027444224392        224.80552523192557       0.011378490411477154     0.012301726835617413
103.1668396873405         224.6566688100465        0.011393531722576431     0.012316079681896377
102.25546365747327        224.36749860043972       0.011445246195551958     0.012365375180850569
102.52359025248812        224.48856704069718       0.011430715061545334     0.012351539648152962
101.98986339973912        224.54198916245682       0.01145865299981292      0.012378181228023392
100.20983485256758        223.8689934736143        0.01155657340807581      0.012470769734872184
100.14245797991083        224.1469656639393        0.011566741156242817     0.01248037156035686
103.56299405621469        225.01165081154915       0.01136037129531296      0.01228442951249679
103.27362776947314        224.98883738288393       0.011368150460657209     0.01229182027618252
103.99999999999999        225.13709799789586       0.011351521265836715     0.0122760138064981
101.41378705669608        224.16365321108125       0.011486371737082729     0.012404362382862794
101.7029846523019         224.36860689119192       0.011472416724545275     0.012391189696184494
101.05660354674893        224.27644225600747       0.011507042678417114     0.01242388222947602
100.35299737986357        224.37554953445226       0.01155474663630873      0.012468963801752282
100.05195249814149        224.4094560882768        0.011577703845522045     0.012490720599994759
100.69289255375624        224.3276592470403        0.011530440935403313     0.012446006876009177
101.7171560394525         224.70448334478485       0.011472359053185615     0.01239127707862052
102.87737494803841        224.60045844179984       0.011409392202072696     0.01233119572305992
103.06629849409956        224.8407662941469        0.011388591440684014     0.01231133158025413
102.26472270573515        224.70242949137386       0.011444345296028384     0.012364580904296013
102.54667320159902        224.7642735035484        0.011426178943651714     0.01234721313322922
103.27915170352733        225.23231843658894       0.011343286410989153     0.012268072819728889
103.07596808026274        225.06586039189813       0.011371672098691775     0.012295123390187778
102.00615653138466        224.89573793183342       0.011460076738209368     0.012379693291679482
102.99776537329272        239.99999999999997       0.011545723587725364     0.012472795058625493
103.12931267238568        239.72368452136163       0.011588019253844069     0.012510546087841167
103.3080189436805         239.99999999999997       0.011425381028856074     0.012356773033479899
102.69491825306727        239.99999999999994       0.011682935949283789     0.012604033136811162
102.84488403008564        239.7255904710256        0.011687105495205257     0.012605396636702406
103.45740666853128        239.72525198195504       0.01149324742022226      0.01241966340907863
103.64696503681895        239.99999999999997       0.01131761704191442      0.012252432655571785
103.74281687663597        239.75278951797748       0.011447601395155875     0.012375697002660578
104.00000000000004        239.99999999999997       0.011225083527840463     0.012162721586212183
103.27950927701505        239.49707962175864       0.011586385246442836     0.012508211567879183
103.99999999999999        239.60875606141738       0.011473313718367526     0.012399953123001418
99.86374139769265         224.20053176745202       0.01158876590592921      0.012501302281628377
99.92672506453012         223.94684684574761       0.011578730532324921     0.012491782413747465
99.78180709841138         224.44041620959572       0.011599340910588915     0.012511321705027579
103.51490159876116        225.46910037991603       0.011323958233176458     0.01224959000439715
103.17820267179941        225.4363834111833        0.011317044439215083     0.012242975576058912
103.99999999999999        225.59627447196513       0.011324008711205827     0.012249666071412034
101.36753368362442        224.56380955239004       0.011489870016961225     0.012407766201364885
101.50131749473638        224.8905763943525        0.011481658001549993     0.01240019834217165
99.94374113260244         224.6555060443263        0.011589463351597261     0.012501759174251554
100.22975886475263        224.64710989184923       0.01156707490525802      0.012480520866068228
100.93916109863086        224.65997994688718       0.011515194195559516     0.012431634017133143
100.55030665789621        224.64037535774804       0.011542668393655737     0.01245748822312904
101.72464914698102        225.03103890124018       0.011472723285582574     0.012391852648460606
102.74576526226227        224.99556861980903       0.01140531436871202      0.012327272040861495
102.36284044466265        225.06390850292055       0.01144060509617839      0.012361064764418183
102.93757107633077        225.261874535782         0.011367398678580358     0.012291043520036708
102.00072185965877        225.2299392424799        0.011467996249872414     0.012387490257248819
102.25139384510231        225.34795856774963       0.011467912608297241     0.01238742578072893
103.19950009957992        225.6880950070114        0.011294857314246856     0.012221763311660543
102.95988888079789        225.53052869661826       0.011322978892855814     0.01224861024727086
103.0011751609197         239.4170072338127        0.011669840364912977     0.012587868385713701
102.38691617419794        239.99999999999997       0.011841628001092336     0.012755130293865694
102.53110338950673        239.72959009830865       0.011818066085692377     0.012730517610080745
102.69525149269593        239.48375101649717       0.011768582589227403     0.012682302717065995
103.64426981206138        239.37905494352003       0.011552678068100232     0.012475624337280613
103.28330314296508        239.19510995962992       0.011631510337826835     0.012550516657084025
103.99999999999999        239.17608636447625       0.011583353203283235     0.012504585195329423
102.0518357377247         239.99999999999997       0.012003372592685968     0.0129064004969433
102.20131307927056        239.71337547491797       0.01196014335676344      0.012865128322763106
99.53693374230176         224.47154694009032       0.011619978758609357     0.012531086080734553
99.68571788813699         224.66718754401703       0.011610177435382537     0.012521536397287552
99.45074143158514         224.68418685243566       0.011629852150350397     0.01254043059416896
99.82335241317723         224.88326937387092       0.011601664667319796     0.012513143764084534
103.45530093598491        225.96675571319173       0.011296071849814932     0.01222288863624296
103.09395772122997        225.92878431597805       0.011294484563724384     0.012221365505403342
103.99999999999999        226.10406938142438       0.011308475510159994     0.012234723793587018
101.22668111065475        224.89120548374282       0.0114954048357615       0.012413101455349232
101.42849176629409        225.15032745598054       0.011480640310152642     0.012399444909145045
100.09264906101198        224.8956293112617        0.011580711541734076     0.012493207248778811
100.97349633978536        225.00111995291692       0.011509979436202059     0.012426796290553056
100.38824251923818        224.91160978544448       0.011556986955267136     0.012470827363378055
100.69813290590453        224.92856598037446       0.011531796962585343     0.012447202600443198
101.7173316180964         225.36164323394723       0.011475365063104538     0.012394876691252285
102.54007302235621        225.4805416435135        0.011435506591460488     0.01235632762452776
102.11072214789486        225.61404670632396       0.011489327596354551     0.012408804882162564
102.83254825321399        225.76114790667043       0.011352044027054907     0.012276403746599399
103.10367223343371        226.21902480171          0.011303967488077141     0.012230373251001306
102.85201521481905        226.0428048826117        0.01136051074419333      0.012284522669538311
102.77700886363202        239.25182424203996       0.01175880160667953      0.012672154625612216
102.97499247277459        239.10350585861          0.011717448831018613     0.012632115355203805
102.36333730772311        239.45482362741137       0.011893315775912535     0.012801010517420665
102.52155382344421        239.2367336078013        0.011851719109380288     0.01276061618592429
103.157082008907          238.9299224086256        0.011697106094224861     0.012612675657176189
103.54942193973815        238.90341380686522       0.011646356058003071     0.012564317401177073
103.99999999999999        238.6976052092817        0.01166249373310168      0.012579602370527252
101.68248296007813        239.99999999999997       0.01213484741709535      0.013028297375687661
101.84803216375997        239.69030450175615       0.012098254654463248     0.01299491427993797
102.02840024555682        239.40460536706846       0.012024688432023952     0.012925414171886694
99.31168425309583         224.5033557166081        0.01164015612812843      0.012550482284416875
99.2325312245277          224.7064642494971        0.011649153438140518     0.012559048347257197
99.5808923646386          224.8802201836686        0.011620689361909681     0.01253139171640344
99.35965320756281         224.8884226344296        0.011638817038517683     0.012548885447216556
99.94438413698663         225.1201136221219        0.011595486586506372     0.012506851601423922
99.69490029697953         225.08830528768567       0.0116134891984924       0.012524126633804962
103.99999999999999        226.66562968528626       0.011317220406079402     0.012242869758325316
103.38909622249393        226.50643846300915       0.011297695416026569     0.012224291557855978
102.98344886725309        226.47908932403624       0.011358422504631165     0.012282394874122457
101.14730977476124        225.20399970319212       0.011492732623408726     0.012410775975774703
101.3823051529382         225.44855494139355       0.011471793247256239     0.012391698801216799
100.22783215861119        225.16100907539658       0.01157346110403721      0.01248600293949831
100.83200138025204        225.22423154674172       0.011517844766843414     0.012434174351839659
100.53135259609252        225.19878032162714       0.011545858034548826     0.012460200334653003
101.6811732395102         225.69864067257572       0.011461383190014553     0.012382544936483197
101.94997936349509        225.89891323165762       0.011468354974878714     0.012389149235993439
102.41422672404265        225.96835345489694       0.011466001347670828     0.01238622616639477
102.71470631893051        226.28996488714944       0.011412017418306811     0.01233399834039897
102.01596832352034        226.18253264823852       0.011450154148909581     0.012371723124466825
100.05337785796809        225.38470327711843       0.011593728425803305     0.012504522411037762
102.69207136832567        239.01812349347847       0.011815255622905826     0.012724961329922334
102.88623443195324        238.8148244071235        0.011765946865947024     0.012678287557413381
102.21938916172432        239.14824779112715       0.011972392503924935     0.012874754192169458
102.43629622533874        238.98531134397427       0.011895157227961497     0.012800956538704552
103.19834517825088        238.60206850451067       0.011723644572381677     0.012637825321306528
103.56204106971262        238.34940810959972       0.0117113360074301       0.012625829588175097
104                       238.16846289836084       0.011725645645863944     0.012639381161693825
101.46000780488033        239.66597772830437       0.012237184447804049     0.013126543356342923
101.2763970961556         239.99999999999994       0.012280746795235595     0.013168571491380204
101.66844934961621        239.34798739074955       0.012165648596981953     0.013058817683162555
101.8866280091419         239.0611605256021        0.01209301142856768      0.012988397412415946
99.0991919022198          224.5346578210432        0.011660411070340833     0.012570024810592972
99.15354146158283         224.90496121741091       0.011656699748342969     0.012566210927878319
99.02360706024172         224.7339290307896        0.011668714045813012     0.012577972809253423
99.47314207090957         225.07757309878505       0.011630039504343869     0.012540129541544104
99.26895227853755         225.08399638064907       0.011646232644194237     0.012555856066891717
99.77816423988399         225.3213798260061        0.011610123522335586     0.012520310351144674
99.5704925579459          225.2505337926936        0.011623174407787755     0.012533125404978817
99.85948532460999         225.5864125765574        0.011615794860002087     0.012524742692963787
102.70487234751529        226.5879672252061        0.011429030558371559     0.012350336247168678
103.99999999999999        227.2866472640581        0.011351369378690926     0.012275132110668179
103.35670005381692        227.10148736409707       0.01133944339921701      0.01226382086085622
103.00752690673822        226.79856581342594       0.011383124354980999     0.012305857867918492
101.30345091259399        225.78773097874594       0.01143566585918711      0.012358574762965807
101.04088289864288        225.50855883837718       0.011490672409735177     0.012409443972530921
100.35716857382714        225.45573840392973       0.011567214650263481     0.012479680358652654
100.68479912904733        225.51162673048796       0.011537665997211058     0.012452875862742572
101.62325024204273        226.08095494338608       0.011428184955899768     0.012351331664560384
102.29780116809276        226.4768757663515        0.011446724788915315     0.012367861449683838
101.7945841199284         226.4875658449003        0.011422527367261058     0.01234530915535386
100.15920265287775        225.68354449575597       0.011624824948437832     0.012533503189213502
99.95032633245764         225.8513938052319        0.011660038230389646     0.012565428290428556
102.53438957764588        238.7376787647889        0.011871029188496612     0.012778298468514637
102.76240931548932        238.47362500808904       0.011836673212339888     0.012745522671519625
102.16874498852927        238.7772599830286        0.011975306647746617     0.012877333406458942
103.04281116329575        238.10850868271547       0.011790740628082755     0.012701189060342401
102.61219979478511        238.17383005109127       0.011908537895599838     0.01281341878458433
103.54334875364535        237.84146132254114       0.01176563332488164      0.012677276275572092
104                       237.58329599914336       0.011768781868300745     0.012680012947955616
104                       227.973382168677         0.011394490270127192     0.012315843092937618
103.37799470923336        227.72994685409157       0.011402186600780661     0.012323218156368386
101.76111606654023        238.72664139392714       0.01210218314747462      0.012997520961172982
101.02878384084482        239.63622976166246       0.012427918702552679     0.013306973125132257
100.8284653167369         239.99999999999994       0.01252641639051289      0.013400830848580016
101.24194964509356        239.28064847381177       0.012333581994451163     0.013217478288157914
101.49889487898365        238.9750747925578        0.012213213171897871     0.013102169574487682
98.89075031764803         224.5652820933976        0.011681301431446264     0.01259022860762983
99.08474306850162         225.08856032652795       0.011661920341025962     0.012571142995344115
98.95320372824277         224.93351603685073       0.011675159957154681     0.012584133823952693
98.8161764597718          224.76929270310498       0.011689146633010948     0.012597775502077831
99.36728336505074         225.28470223492926       0.011637363728685112     0.012546899810432012
99.17574211277952         225.26105516570223       0.011652210899861319     0.01256148730698167
99.01902564671619         225.24239002917275       0.011665770655968043     0.012574796329164677
99.54634526481374         225.49821039985963       0.01162352399167012      0.012532806747938245
99.67267843880873         225.83942998860195       0.011655781017017518     0.012562235841958747
102.52087847656192        226.8953403350674        0.011431693240037337     0.012352826217415116
102.96727169348732        227.51417926431242       0.011419905330151938     0.01234051793475805
102.84717868694541        227.13685310582179       0.011425190270422634     0.012346055197385403
101.21363346303978        226.0989403042178        0.011446601394621602     0.012368241151613352
100.88087728064319        225.89095761084204       0.011503846212287257     0.012422041193767707
100.46654215098722        225.79153316953204       0.011594670190949861     0.012505946212562563
101.34568965502633        226.3907550136782        0.011485805390400646     0.01240400453830061
101.9196905029108         226.9277751281939        0.011468804585288596     0.012387284149520882
101.476022931059          226.7187059008213        0.011542539890072428     0.01245546468551784
99.85653092982034         226.13575027021957       0.011660587726532059     0.012564678242045184
100.19017310305695        226.0120768537025        0.011691659695894837     0.01259351326576537
102.3312875486599         238.38615457020575       0.011964130722454096     0.012866811478589726
101.9820322076383         238.4751057000629        0.012042011084541651     0.012940847275507922
101.70336250897677        238.3954107831764        0.012128191435166039     0.013022437633625112
102.3347316066525         238.00856658999967       0.011999857828859335     0.012900165643859962
102.62990359082596        237.79914615891735       0.011927536435887053     0.012831371869249805
103.03332204761774        237.52999095081995       0.011847419236033371     0.012755261885275678
103.49577705116205        237.22941212528403       0.011784432672205192     0.012694495226484298
103.99999999999999        236.93617323830506       0.01179043774951844      0.012699936107422096
104                       228.73282236128253       0.011426130702110729     0.012345717708507146
103.35635570250797        228.39319459052305       0.01143659420373972      0.012355329683297125
102.82243608547125        228.00657689519625       0.011471647269935492     0.012388098712152169
100.5654856168976         239.61457011310182       0.012668615986425056     0.013532684534423961
100.34319369612768        239.99999999999994       0.012828234557382056     0.013681383499984016
101.38582552518075        238.55344242051422       0.012218736459339968     0.01310809791527334
100.79067230441586        239.22915005161738       0.01253797932665005      0.013409592931990096
101.05760486305118        238.85375185697825       0.0123540768697762       0.01323485208037757
98.67679778041936         224.59735436451453       0.01170346816345475      0.012611696410565585
98.8875484588473          225.12788482297918       0.011679774680737111     0.01258854702975675
98.75467382616905         224.97934885202062       0.011694522288857832     0.012602958305435119
98.60092513589255         224.81497841620524       0.011711294723633569     0.012619278757763619
98.89074897380546         225.32048777142555       0.01167601202014741      0.012584809728482901
99.26727663375691         225.47693568515038       0.011642698195342487     0.012551845979450854
99.05597251873013         225.41797591689217       0.011658608633996875     0.012567651927999161
99.37726359779951         225.72924452402975       0.011636679305758237     0.012545559087686347
99.43509629005727         225.96649000890076       0.011649242403452614     0.012556206362499855
99.58877911883549         226.08793415992255       0.011644775541865235     0.012550900137575144
99.6215951318131          226.2760855199992        0.01163266830923964      0.012538542291657111
102.354842793081          227.4844506061082        0.011487368983257        0.012403172030522908
101.66274534713996        227.36494269847358       0.011567609679486482     0.012477262601548567
100.92978884415932        226.3430409444676        0.011609347379110986     0.012517427023265748
100.52704356603186        226.19527231006575       0.011680435681496583     0.012582665313981237
101.08518411185234        226.76003856480327       0.011632484650781918     0.012537321342515438
101.41178019315406        227.08599033556075       0.011598035794405812     0.012505485434661014
99.79552379516643         226.46915671908314       0.01163553608101569      0.012540173348019856
100.17983941280508        226.4135006449114        0.011663054594626644     0.012565703679367194
101.94353469298194        238.0853835526483        0.012095543048469649     0.012991197291851695
101.40291667976143        238.0542998819361        0.01225531942374054      0.013142438084738518
103.4368316120272         236.55683547563615       0.011814443090461037     0.012722315978535065
103.99999999999997        236.22053543696947       0.011801091703514352     0.01270941120615815
102.18139740397636        237.64905558231982       0.01203434228315043      0.012932316601357513
102.51580788527279        237.27739226606388       0.011962906730564576     0.012865289827731838
102.9427129255067         236.91084922151276       0.011870454343237928     0.012776065422837381
103.28660902120635        229.16262834696548       0.011421461563898701     0.012341104151787343
103.99999999999997        229.57266966880167       0.011451001461157342     0.012369621151684546
102.6510943411641         228.75381105483203       0.011526004536221211     0.012440091999165391
102.12962553625907        228.28927325066573       0.011608287219859618     0.01251778996470842
100.08917080911546        239.59829708891243       0.01291356954686262      0.013761950442123987
99.85850229084001         239.99999999999997       0.013109402868684917     0.01394456737714546
100.31117123962719        239.18588361146294       0.012772988164114938     0.013631635917910584
100.89989576726956        238.30474917254546       0.012388950141962908     0.013268685610017015
100.56157653810709        238.7518663144318        0.012545413863752434     0.013415155188784231
98.44869511353731         224.63305328276738       0.011727693258593975     0.012635176680567442
98.72647448101202         225.18604790271894       0.011695207996076267     0.012603606847106543
98.73691754855355         225.3703836236296        0.011690418751873747     0.012598941772632533
98.54499032808589         225.04853218838912       0.011716167855806474     0.012624024642146939
98.36625664517058         224.86775890637887       0.011736462614112424     0.012643706407373717
98.87013411338202         225.54279430866177       0.01167059226255224      0.012579530815186046
98.6495578855598          225.51048510228102       0.011696235335707888     0.012604715480068047
99.11290763194069         225.66419254124057       0.01164544429418085      0.012554559329119837
99.19279084286872         225.95153860649702       0.01164911416783137      0.012557806373888423
99.35799480367801         226.2219150118912        0.011627175736015249     0.012534651143858018
99.52543505072438         226.44158646866998       0.011657097871080858     0.012561886253099208
101.67552656193885        227.89702984460428       0.011645092781442774     0.012551765258209351
101.22205192895974        227.54339199492657       0.011669744788230607     0.012574062084113477
100.51621553036856        226.72090105826925       0.011639148910612894     0.012542747512005029
100.86691732719304        227.17545409938955       0.011643359125818395     0.012547485653694833
99.59250101859794         226.66238215696058       0.011753298939485662     0.012653545594911029
99.94455554305982         226.85209798883443       0.011746877031219998     0.012646410852605374
103.3768866722948         235.8083304171856        0.01182431081659046      0.01273131883464422
103.99999999999999        235.4291288607531        0.01178719942741579      0.0126953408510461
100.99846896600853        237.85340382537868       0.012381315589694197     0.013261199673473677
100.61224455228364        237.86005014108346       0.012514181255819384     0.013386666017245448
101.65248913356521        237.56951118739758       0.012175898953854682     0.01306693285144764
101.23699077608484        237.61776809961304       0.01230202188478         0.013185487939159662
102.82692101858423        236.2200666119668        0.011926464744290153     0.012828443063766194
101.9556204843829         237.11766014453246       0.01207881022661849      0.012975638906578641
102.3520003283139         236.65782094895602       0.012031929952803416     0.01292977226559397
101.43247413234677        228.47514772682882       0.011700717469304844     0.012606881381937307
103.30646893544204        234.98134685773965       0.011773004003319465     0.012681174439943951
103.99999999999999        234.55393179116012       0.011766583630528479     0.012674641613363388
103.23601041859271        234.06635281056234       0.011790349758808117     0.012696715790706184
103.99999999999997        233.5880615374885        0.0117202007057415       0.012629489100956367
103.99999999999999        230.50143851419392       0.01151894542487908      0.012434926464321358
103.17835066794636        230.117033191336         0.011507339864394367     0.01242367689296539
103.1644846459018         233.09826899305997       0.011735165187789708     0.012643058576455743
103.99999999999999        232.55691255912754       0.011653257183400654     0.012564152049273023
103.13766616788793        232.0910769009553        0.011626230084497409     0.01253739690504103
103.99999999999999        231.51197625854638       0.011597857516118743     0.012510412466154338
103.15569983992623        231.06036973320184       0.011596285222635243     0.01250898878301363
102.50243742669144        229.59900156844998       0.0116299080631204       0.012541050205850031
101.80910227484857        229.07219167719185       0.011660847017065339     0.012570188606717648
99.61917188905558         239.59535802407723       0.013101829132224628     0.013939949861932753
99.38791303129804         239.99999999999997       0.013272801413114573     0.01409972912797197
99.830561221729           239.18912390666128       0.012969406518799456     0.013817762536817118
100.02948189113349        238.73123318845413       0.012757979886931123     0.013617038448637863
100.28063324649428        238.2064297674956        0.012621324686820114     0.013488362918457742
100.21635610280104        237.64979045857046       0.012636222220145462     0.013501443578374865
98.20009787039702         224.67251696088843       0.01175467519636089      0.01266132704208585
98.5205517597743          225.31965101367547       0.011716110243128063     0.012624042290212885
98.30162396650252         225.1249376545259        0.011743038389912955     0.012650177574944467
98.10789910855878         224.92651648260951       0.01176511132061477      0.012671515209607576
98.44997759898064         225.57557284079508       0.011722085426020505     0.012630074424039557
98.67020840710849         225.7440237246431        0.011689483761498741     0.012598541796250959
98.90716923443992         225.8714162307164        0.011684924563975492     0.01259369987589917
98.99651215627743         226.21868178213163       0.011678341127363573     0.01258598217991383
99.25327079428224         226.59731985099927       0.011815789949484354     0.012714874539656636
101.02969698958073        228.06399163575622       0.011766130763511212     0.012667203358688402
100.65189401944365        227.6776943777353        0.011805300304706577     0.012703476124611294
100.31437817937977        227.2647082650423        0.011801825525667447     0.0126992798997739
99.47661441552275         226.96992369214152       0.011899903723554124     0.012794386494760496
99.79849376039395         227.34812874056072       0.011922069196779038     0.012815191145392103
102.6930994286305         235.4447217463579        0.01192867338045338      0.01283117884279888
100.88386085171786        237.42176351857879       0.012397733738996282     0.01327568355951615
100.49811414305947        237.42443281607325       0.012509306662554334     0.013380514523771588
100.17753080768048        237.21028096888875       0.012606677852227325     0.013472909021946576
101.32230808624615        237.07499494564627       0.012213031966446453     0.01310245251522187
102.1615465482163         235.94427354378732       0.012052375047944033     0.012947490891980452
101.70972006892306        236.47718593681108       0.012177032366892533     0.013067513246747342
101.13620379383293        228.95025120270694       0.011709875832659483     0.01261646066283165
100.81468963762045        228.57814875004775       0.01179091865994601      0.012692016307753141
102.54274176322978        234.5801043256646        0.01192322019229867      0.012823612639674275
102.37570163011826        233.62432115477355       0.011896497196873553     0.012796728205816848
102.25659663607749        230.60922479124946       0.011668025892567862     0.012576276765083829
102.23752965881192        232.66288899545296       0.011856527920768868     0.012759451633129347
102.26786086958207        231.65656357804824       0.011801957583988968     0.012704087564671283
101.71531695265786        229.8830353106755        0.011632399994262022     0.012544452871570877
101.20057658105452        229.52962463991395       0.011662544510788112     0.012572742607232628
101.42873253421698        230.52165730142198       0.01180648441465363      0.0127049495724431
99.38314941392201         239.18591172217353       0.013088011402924033     0.013929610985059628
99.16573456742901         239.59881542671647       0.013244841991331085     0.014077038927568212
98.93931398428114         239.99999999999997       0.013396196596724598     0.014220156163959325
99.57061888365895         238.76938243822656       0.012913961554524856     0.013765855207127227
99.16342087399244         238.81976591618528       0.013013562827560611     0.013859029703138374
99.71447038623653         238.31555916282255       0.012809907686180186     0.013666902839341813
99.82591211782622         237.85089021961164       0.012759877981039348     0.01361943565295771
99.90295040474447         237.44444566576172       0.01268983511634376      0.013551865659939818
97.92762741470915         224.71558928106307       0.01178472603166864      0.012690421264532277
98.24187275054645         225.39298361276238       0.011749515891855036     0.012656630364476033
98.02876146591646         225.19554089966005       0.01177451488737285      0.012680771632660065
97.82462209012985         224.98617163621583       0.011797096123079135     0.012702499638283947
99.75641669071827         237.09296349756457       0.012702417407198215     0.013564567319261646
98.18652276677035         225.67122659607148       0.011757973238052883     0.01266510747787821
98.43115197592988         225.81506701877512       0.011738435987177546     0.012646456470680936
98.61687237741128         226.0790067690171        0.011714439055486572     0.012624159233510093
98.77707241047716         226.524490677538         0.011897630292452875     0.012795866449134566
99.00126377348067         226.96562232506628       0.0119967803355504       0.01288878846684187
100.38051602964426        228.22039230180954       0.011873935731635076     0.012770285747868414
100.09555065851026        227.79994426742059       0.011917441905319494     0.012811133110374578
99.26368794529658         227.39509720887554       0.01202613436064151      0.012916116150259312
99.6119530085881          227.7420820363521        0.011995131775082248     0.012886064341132758
101.94545752320573        235.1363333245346        0.012027803843036639     0.012925655298025003
100.60088538630235        236.9299133881086        0.012442873379048328     0.013318136303152707
100.05072887852074        236.8093676469629        0.012600870944034842     0.013468008964728714
101.02101700370171        236.34355428921737       0.01233602316116675      0.013217295081612264
101.44252024354492        235.73019653788407       0.012182169072100428     0.013070349585932131
100.64175799246584        229.16341971706578       0.011781206159349853     0.01268375825612965
100.2258809009356         228.7740886117112        0.01187235935415751      0.012769180319639696
101.70449034222615        234.23322686057492       0.012071659985224666     0.012964072224597304
101.38343180778664        233.3034416435869        0.012038729038231262     0.012929339396815715
101.55698534042332        231.2189907818389        0.011897245567050801     0.012793285133112923
101.32193067267421        232.2034790988346        0.011919413508846113     0.012818453421369783
101.0145101513533         230.12949528028216       0.011864229453840885     0.012758454311271412
100.48409188569799        229.7517492101521        0.01193069165811802      0.012820509400591916
100.8841221975437         230.8295038580444        0.011973432459041264     0.012863839046328
98.94553002945213         239.21609425600207       0.013239251507717915     0.014074940169991475
98.71782817094476         239.60732698228887       0.013375942292849665     0.01420493983041233
98.49357726520967         240                      0.013525383500330878     0.014349644670974488
98.73547774713947         238.85607591565054       0.013134785478343751     0.013974650077255015
99.30262951494048         238.37470073306264       0.012925689967027297     0.013776619455039501
98.9279623647141          238.54500775160034       0.013063782731548419     0.013906943147379561
99.39026401241091         237.92670927120113       0.012882384783108144     0.013736083489882813
99.53906377051207         237.48230873613332       0.012805723680079291     0.01366219657997581
97.75927890591032         224.48913892024328       0.011802456968084405     0.01270749434639133
97.62940820202596         224.76251867408996       0.011817843338480695     0.012722409465593878
97.96022891650972         225.47674803942306       0.011783935402389522     0.012690136494355015
97.73751112151392         225.26960540200764       0.011808325115075556     0.012713563863476456
97.51726913130214         225.05197997861808       0.011832027509920552     0.012736264639698703
99.29459849556598         237.05167358201393       0.012788292689991864     0.013646028127148343
99.57362778728591         236.55970438562687       0.012719299076951629     0.013580910275418188
97.89820270326688         225.77400898839298       0.01178985454196567      0.012696303115216375
98.2021328575978          226.05259378163115       0.011804755664854354     0.012712509326387454
98.3479957589256          226.45118816001064       0.011947065591753134     0.012845612694157986
98.50606521364972         226.89480578178228       0.012065555186649797     0.012956536982315437
98.7308718616556          227.41209673906104       0.01210971189576557      0.012997635285923648
99.73516241706255         228.32186819355059       0.011964537511579968     0.012857208945519423
99.07629468337751         228.00076540036883       0.01207369528936222      0.01296284967547383
101.1445459070265         234.90876036653108       0.012141747329167405     0.01303337643533993
100.2407018621184         236.2220863348799        0.012550143483570126     0.013419860459456269
100.672258519229          235.57569764390124       0.012369576619678633     0.01324673282994362
99.97655142711673         229.3444622780927        0.01191492599719726      0.0128075480826626
99.6835384434228          228.92580607418418       0.011928678445829118     0.012823126382325084
99.81147254606674         229.9040044705699        0.01191179869686953      0.012803278758456842
100.86585297559803        234.09594252111896       0.012271803985678648     0.013153743757834105
100.53427111917561        233.47698963917674       0.012257717503275532     0.013137376460143213
100.65227949466934        232.82760226787602       0.012160875410310757     0.013043815021128115
100.74851043446957        231.55010153732155       0.012046121311668516     0.01293535060989283
100.52110348418334        232.16909861613476       0.012055559869163738     0.012945354555917757
100.26091116198566        230.4412477478673        0.01199364474368965      0.012881358209953996
100.29963438478691        231.11662686479826       0.012118543294552656     0.013002562080911753
98.50316871703005         239.22670999186775       0.013356293912372258     0.014188667428204698
98.2599850948764          239.59987612091126       0.013483357632564192     0.014310228803328382
98.02715363397388         240                      0.013596225572295046     0.014420392731996386
98.2951808428571          238.83147803118857       0.013273304480628812     0.014110416108408047
98.53502710601934         238.4717114810577        0.013141037848370474     0.01398159502282167
98.14700858893005         238.4985993468053        0.013224924919883144     0.0140619561394696
98.84866903604829         238.0652227276546        0.013035174261609743     0.013881331177236802
99.06423943163425         237.52717047159027       0.012920271721582865     0.013771288501924344
98.85634662812757         237.10993778357613       0.01288017725283366      0.01373437189255688
97.30150747056643         224.81554454783426       0.011854118758273205     0.012757380370393092
97.66724750180269         225.55724032319918       0.011817749168907972     0.012722982101457855
97.42591573038864         225.35198674460074       0.01184492667932003      0.012748968770625256
97.18401534852885         225.12748557258874       0.01186999407639656      0.01277285493894799
97.62182416663363         225.81295500048594       0.011821903460632645     0.012727403879278985
98.94915692107081         236.634814929605         0.012843277279475608     0.013699383484523223
99.154850262677           236.16162570474262       0.012801619904519284     0.013659457249137408
99.57836533912216         235.99592076743423       0.012705561967736426     0.013567482632749813
97.75104826557742         226.0733057601805        0.011859837409656751     0.012765494554563
97.91115892848843         226.39615300250304       0.011981507358482966     0.012880237539497784
98.03621427589599         226.80048160763636       0.012106701151524582     0.012997654246941324
98.15725434903449         227.27175832089043       0.01217231637381161      0.013059175475689784
98.38270471670326         227.864009326429         0.01215237341299451      0.013039722026369093
99.17282848207535         228.7444460148153        0.01201212223081363      0.012904035896101285
98.59300195294603         228.5096519689383        0.012094498856065353     0.012984404594563003
100.28990572080102        234.7733006125443        0.012431172259747035     0.013305226181315527
99.88763517816238         235.47505203881985       0.012547128663911845     0.013415160194091004
99.30726898992376         229.4441652727511        0.011961206764347577     0.012852771273535058
99.62993776145314         230.4023553095991        0.012136050902702361     0.013018103834031496
99.21458317362362         230.10541362804656       0.012135290323751628     0.01301866929084637
100.00840971005812        233.99462655188512       0.01248287664283494      0.013354589638130548
99.8786754324602          233.15297326393807       0.012277940727560712     0.013155608337028805
100.05638746174769        232.48551334612492       0.012196398435587223     0.013077151930420725
99.92273132565097         231.7610705020527        0.012190592915486576     0.013072660934377202
99.73173094606778         230.99127306447042       0.012214503372555198     0.013093929024493982
98.04043824908949         239.1880358728727        0.013439088604373385     0.014269161415444381
97.77795881627532         239.5771363828754        0.01356052456359358      0.014385004590401445
97.52884683186925         240                      0.013655763464682223     0.014478415616859376
97.85422575861827         238.76303632379555       0.013314121165519393     0.01414753640917957
98.25675532374188         238.09410910930387       0.013148517525885431     0.01398922459618633
97.7652086309718          238.278260144278         0.013239903414001483     0.01407637068749682
98.45649464714077         237.5271707289624        0.01304836035991305      0.013894515822129628
98.38418759093076         236.83990567089432       0.012950365709406095     0.013800255548572409
96.94318506695053         224.87431852856196       0.011893094590907198     0.012794813515983024
97.35959317429655         225.6581573618772        0.011858153791043413     0.012762163648084192
97.08985555838494         225.44744780235484       0.011884914293886608     0.012787500880201313
96.8348136062334          225.20589556917528       0.011909437671133364     0.012810725128415046
97.38151819871301         226.0124503387879        0.011902561908751809     0.012806157472277813
98.51056140583447         236.07481038457752       0.012903155448247395     0.013756573706817748
99.11322783432418         235.59139952344717       0.012791962412107708     0.013649182245348652
97.46904417259437         226.3420370813168        0.012007533575000425     0.012906187687951666
97.65836388805481         226.65953840667802       0.012109572994020072     0.013001837470874694
97.63139496526465         227.0719501307026        0.01220539139549749      0.013092226411238651
97.78022117409755         227.66862108333916       0.012232808820454688     0.013118081649905034
97.95858427910845         228.32116244597637       0.012182159496994208     0.013070619082330143
98.63951482886175         229.21117325240394       0.012025596177892008     0.012919469394590597
98.14101548392253         228.88332570589193       0.01210957296789815      0.013000929739661654
99.2854799672189          234.68181974365405       0.012591426537538867     0.013458019845047794
98.61552861865987         229.83960798772904       0.012133916811811958     0.013021408208589812
99.1630299176023          230.75210700634662       0.01230397268528271      0.013179813432409612
98.72294145665346         230.42830809980518       0.012339844169787917     0.013215003707480502
99.1380827409965          233.5003136740304        0.012623677048467336     0.013487734542466516
99.27043611841432         232.47833338482957       0.012241347755266993     0.013121904357960044
99.16632135213638         231.49798825328173       0.01229851571922279      0.013175863208973756
97.25931690763896         239.5449056743084        0.013605930083551146     0.014428068183364047
96.98194728791728         239.99999999999997       0.013695551119395166     0.014515151860056821
97.55211026487977         239.1299783865978        0.013467693792988096     0.014296316771355578
97.38525874518233         238.64046261811015       0.0133599911654249       0.014190886733638568
97.27807901348842         238.09198734943388       0.013290622280732823     0.014123764952549212
97.7894285257586          237.7710049397582        0.013171348316031844     0.014010817314413388
97.79320813136151         237.18748170619833       0.013064747206358295     0.013906392951463726
97.81460309829004         236.52324580365013       0.013004985097715615     0.013851724401207204
97.81792150561272         235.86480233677898       0.012970589774665916     0.013819449533171657
96.54251299217313         224.94616950002245       0.011935017360424292     0.01283494333694528
96.78155147041515         225.50408519273097       0.01192153441080491      0.012822611652628418
96.95717031478316         225.82879124643466       0.011908705738492285     0.012810786213990582
96.46903428038071         225.3374196892362        0.011950713533240566     0.012850268210978217
97.0365941077199          226.2580037466888        0.012004158429655772     0.012904162793790653
98.24808751632385         235.162532364018         0.012868802746866189     0.01372525993225361
97.18367515282156         226.74489503371046       0.0121803988212512       0.013069996716892383
97.1906091562363          227.39118485589478       0.012274016758794472     0.013158093079714875
97.33531257417881         228.12172691073556       0.012247523456446354     0.01313293006863224
97.51924964039912         228.87963993722815       0.012178257592566749     0.013066798111524945
97.94287981133564         229.57445864316543       0.012187822379285156     0.013074016042731142
98.27782770286245         234.0702676547979        0.01281683279849391      0.013674371587169965
98.1014712906998          230.3951524700113        0.012441582041352574     0.013313275936506863
98.52009428268168         231.04925940689247       0.012415302455948693     0.013287314785321342
98.33980221574699         232.99455866333233       0.012563290799195803     0.01343177242285967
98.39105230016156         231.9559159910467        0.012380323454684832     0.01325545113315668
96.69132970816166         239.5068397369166        0.013631010040386986     0.01445074980842051
96.37915738657016         239.99999999999994       0.013715075841769174     0.014533604871976006
97.02371575455093         239.0554784072145        0.013515459423348258     0.014341594653023803
96.83821304858479         238.5240350973411        0.013365668897885258     0.014193834933116893
96.69156965576275         237.97886419554484       0.013324702552162088     0.014153814207917758
97.17274747195948         237.55671269735652       0.013221805692539073     0.014057786571422393
97.08455519574753         236.9328771459293        0.013118717310715537     0.013955864939624888
97.1804839017598          236.21492418281278       0.0130643312809573       0.013906236398216506
97.30182961414324         235.35438104272          0.012981696507148406     0.013828070309771333
96.10100374007871         225.0713747802916        0.011978484774908968     0.012876376498361703
96.50546997063333         225.74000084839076       0.01196609305150015      0.012865624749414445
96.64674405913672         226.09689583762787       0.012007958766615087     0.012907586094268408
96.04885390275062         225.55699224480625       0.011996847201352063     0.01289428318082004
96.58141274827052         226.5229529422548        0.01216143793193263      0.013053257707183545
97.42976458427087         234.5002458621502        0.012919718879701144     0.013769677280136236
96.63175348090152         227.15032046920504       0.01229113460062947      0.01317520835623802
96.71770919610769         227.85132781022196       0.012305737705371396     0.013189017653633778
96.84431777424885         228.62145952743398       0.012276162712748352     0.013160568919039823
97.08157688073915         229.40823986635613       0.012291881296488777     0.013174213326476438
97.27223925136931         230.24665095044767       0.012543993045723732     0.013411736666502477
97.46333987048371         233.48988378378596       0.012926957381329379     0.01377707582278651
97.57575087076157         231.266084046662         0.012549447857007468     0.013416400524694432
97.50642061555561         232.42865540453286       0.01253941132323271      0.013406340425891236
96.0722094474743          239.46420991753124       0.013605060589033826     0.014424853560150113
95.71819689908298         239.99999999999997       0.013709785265430456     0.014528704460144787
96.4316314648183          238.97644442244564       0.0135283422616619       0.014352263635256254
96.27815271166537         238.44162636765174       0.013382645833811614     0.014207729351905047
95.50394018202914         239.49952321197392       0.013604136589462157     0.014421224772792979
96.18048291771721         237.9438590185314        0.013326030353126133     0.014154012754445852
96.39964430963799         237.37806084727492       0.013241937090436527     0.014073481994031481
96.45753319320103         236.65231077624873       0.013136725370049186     0.013972144266167464
96.46943074045817         235.87688614852127       0.013100673553384191     0.013938640284148462
96.5369160466274          234.9598384249765        0.013022257126127876     0.013862346393176449
95.53858435988045         225.19953778981724       0.012026477680868878     0.01292179743982168
96.15077764222184         226.1324322438773        0.012070281366711578     0.012966856305661374
95.5440084240945          225.8577774123993        0.012040177468516699     0.01293503175514957
96.06357399417875         226.7975669919954        0.012265148601999553     0.013151387431610246
96.58717309968888         234.00846764998587       0.013032441378578686     0.013877014808022508
96.11160879065142         227.5304439278189        0.012331170497843        0.013213008861614776
96.19265340042922         228.29283117024346       0.012311708052238392     0.013193722856881774
96.30806603962793         229.09015782031068       0.012275840360323885     0.013159785878607224
96.45198862299998         229.93862148532807       0.01254834301403422      0.013417421260856812
96.58628963208383         230.88264406404028       0.0126585962047381       0.013519545752913765
96.63752513140605         232.97525221033038       0.012822928048875226     0.01367645397906983
96.65269618240434         231.90430716865652       0.012602344883359777     0.01346415391875805
95.72929456358848         238.85871620598888       0.013490612986064717     0.014313290399497523
95.85057613736352         238.21826952845277       0.013354717165960267     0.014179632789490661
95.66212760747379         237.65518297112527       0.013279859672700402     0.014106644687111201
95.91754285396017         237.06554198502224       0.013183121651572084     0.014012228141744451
95.69396253269448         236.42627003493467       0.013134594665544478     0.013966796903208198
95.70243476325814         235.53379984939647       0.013076866508801044     0.013912122566447901
95.7756693661584          234.5587266802299        0.012989326190430183     0.01382900153736969
95.53116763767841         226.494647021498         0.01219989619209125      0.013090192896396432
95.54400543466            227.19926923778192       0.01233516365530663      0.013216952652115909
95.8026497050684          233.5315957419501        0.013060980152403928     0.013901350380246131
95.5783850264025          227.9393972591696        0.012351788011572204     0.01323210004255774
95.62365418957192         228.7175559499918        0.01233772123694727      0.013218157873227802
95.69008064900633         229.55533062784994       0.012455264099929598     0.013326656996811162
95.75677504183811         230.46453633504044       0.012685539659607727     0.01354400005972394
95.80521527360453         231.45505755648855       0.012662781075039315     0.013519691888578572
95.81640536743382         232.4850704127572        0.012661277847208397     0.01351553854025467
103.82086131665709        241.33472462481686       0.010552167155404439     0.011524904500591984
104                       241.50169372558594       0.010376035996744458     0.011357125812456636
103.12067988387578        241.1997286166494        0.010987991630467944     0.011943438361014122
103.35091939881676        241.13660695069515       0.010881164404756633     0.011839354121819802
103.53558599556362        241.17146123428716       0.010777365014385568     0.011739909039088454
103.75268477092149        241.1106694402163        0.010668840828112394     0.011635448386577272
103.99999999999997        241.23876356788148       0.010441132565864307     0.011418394235108454
102.92518873312207        241.2267505718852        0.011091971929930606     0.012050416171588777
103.17245287500802        241.0249485058951        0.0109661078249044       0.011921753468946271
103.31223533934693        240.947423575774         0.01095938825166972      0.011914425833087215
102.98286356802458        241.06917217481805       0.011092809295343358     0.012048570562827965
103.19990403104441        240.87131654471918       0.011045600344915345     0.011998899231360861
103.51333633905878        240.94128603139754       0.010878790793512104     0.011835929917849066
103.34179203652414        240.7756938445953        0.011050440381630026     0.012001772768752016
103.76237331169455        240.79790469323027       0.010814021495816449     0.011772738342980045
103.99999999999999        240.9660870008267        0.01054117211362534      0.01151297555508912
102.72894340941012        241.25236392589545       0.011197364683744526     0.012163687391231205
102.52352152683594        241.27938364662754       0.011321723418037437     0.012292257816186244
102.79909422503373        241.09394307820384       0.011219285811167682     0.012178924865143827
103.04287064467363        240.8880386239063        0.011118450220657187     0.012071899300193355
102.8779398977517         240.9565051320746        0.011198683956201815     0.012154296686418063
103.13516655420337        240.70206382056458       0.01116379025731952      0.012113651225268654
103.54041368759152        240.65453957844792       0.011021162240079386     0.01197124697652767
103.28248824551393        240.5321880586124        0.011180606145544406     0.012126809376164728
103.76267512825062        240.50287984847094       0.010965203994755144     0.01191625915849766
103.99999999999999        240.67294206470126       0.010702776133060109     0.011666154333833502
102.30203413372122        241.31618952512406       0.011489532641560446     0.012457782294905044
102.60338958347877        241.10288102574947       0.0113482005981795       0.012312524799576877
102.3936501515605         241.13086181255605       0.011483623676180497     0.01244826670231647
102.69149347906013        240.916816077254         0.011353064043851504     0.012310052548799718
102.85891192662291        240.72928117377577       0.011306223961858309     0.012256123481499586
103.0164351676378         240.48487491209067       0.011322987416237445     0.0122665525438572
103.15767704234077        240.26199307557923       0.011355757177063934     0.012293990809065411
103.49564021221168        240.3117829885297        0.011184963827465741     0.012127583915355202
103.77124340128553        240.23088035859735       0.01114047712131214      0.012083263078075925
103.99999999999999        240.35336483182778       0.01100950409802203      0.011957823264427047
101.99489966585597        241.55706981292843       0.01176625753815719      0.012727176544432247
101.93777195657432        241.79381544467054       0.011862552577493074     0.012815648771823706
102.07794286390951        241.33881196964228       0.011692193286843173     0.012654934430570535
102.18244415242913        241.16426805748665       0.011634068054145469     0.012596885547296937
102.46807789628757        240.92284172172234       0.011502735207586602     0.012460131660812364
102.28243361661033        240.99960689862618       0.011605171753882747     0.012564208015865993
102.54264554497237        240.69736451603012       0.011527241805894572     0.012475157957127078
102.6855562577735         240.4748682796506        0.01151694163343167      0.012456471477455598
102.84564553115433        240.24306066864736       0.01151472145944718      0.012447662945949551
101.73019441855973        241.60967962504867       0.01206952600767529      0.012994093327884372
101.66381330968028        241.86915223373865       0.012232370613947894     0.013119955935505237
101.82072063691768        241.35489583577643       0.011932577753843392     0.012881324144314407
101.94133885478489        241.12985334584806       0.011812374996210588     0.012776155689576163
102.11509429690739        240.9805701513564        0.011718214833774162     0.012680128581145242
102.24533726844466        240.77327551099282       0.011691522174478315     0.012640384171357112
102.37168745024286        240.48108972532805       0.011698501634419904     0.0126329626912313
102.5262997674549         240.24056009134918       0.011686919911604752     0.012613328024715278
101.43590967804613        241.67017744510144       0.012398455391184657     0.013268435184354983
101.36106709097388        241.95240553574246       0.012617888646274016     0.013444622445706078
101.10940306424921        241.73796126827787       0.012789004364819905     0.013589341154010325
101.52834807493167        241.38686660761053       0.01220583823242964      0.01312088737253298
101.67067308319942        241.10454620597406       0.012001517300974145     0.01295801370490224
101.89831456109616        240.81038875492337       0.011883159132447271     0.012835707882628692
102.04118659160649        240.52436872900412       0.011879253258298113     0.012804417109296246
102.20524263378648        240.2528414675564        0.01187157790892318      0.012787219124703805
101.19164620303566        241.43535006632098       0.01248230340836954      0.01333670255512862
100.86741206559357        241.50654007745888       0.012992427774578397     0.013740743047306396
101.33156806899164        241.157281927256         0.012369879790596327     0.013237621164046328
101.50808599140136        240.85447680393568       0.012109845007094515     0.013047296035150412
101.67281981848812        240.55753466528162       0.012079821834128852     0.012983247906885523
101.85371781758056        240.27108224994274       0.012049494048456441     0.012946274189200352
99.59380647736343         242.2084706271647        0.014054938472907003     0.014823281712672087
99.65365423939502         241.93925476916147       0.013892121628049287     0.014665039277938908
100.53780476490721        241.60636501770327       0.013384998149129223     0.01406453411455571
99.92266726564468         241.82371906133784       0.013777063041203153     0.014541750079984045
100.22241348347032        241.71397456511409       0.013636032797132077     0.014372924650916136
100.6227409603688         241.29529511253753       0.013169566956804329     0.01393137487833617
100.96895400623397        241.1454509025312        0.012730635645615749     0.01352354758505035
101.20945257371667        240.9004234926048        0.012455702228888102     0.013313004849238443
101.27743841839589        240.59875983069435       0.012341712253028362     0.013227006810125142
101.46878179692521        240.29176728177427       0.012205271729182574     0.013093307138129706
99.00302513892433         242.2344257986787        0.014129168357628548     0.01492984515921113
98.8556656247893          242.29222211074162       0.01412411754796929      0.014934190251346213
99.39852009984052         242.05330139874658       0.014005120061164717     0.014789426440212106
99.18288112934754         242.15243498738678       0.014104162821039283     0.014890558534385897
99.4352946868101          241.80608302951322       0.013894798439730988     0.014683882216506463
99.67755787295181         241.61548313474916       0.0138078767633172       0.014582842987790267
100.66040318216855        240.99771968217277       0.0129947043375099       0.013798714609619456
100.2964401631514         241.38400838188883       0.013486574249625268     0.014230152817608416
99.9915109425202          241.49204765827074       0.01365668754155658      0.014429232342609488
100.37707605544598        241.057785542215         0.013287747612001325     0.014075153693884497
100.89937940453683        240.72616626046928       0.012684748311768513     0.013525679349032193
101.05369527885678        240.32467696685615       0.012437441352204924     0.013323111923846763
98.68952182133411         242.26126981285594       0.014092473752787592     0.014909897603478823
99.01851545913595         242.0700412416124        0.014127851724228101     0.01490058953192395
98.83278949464017         242.1074887574321        0.014169626358657898     0.014933490989372255
99.16505636593843         241.9193057005537        0.013977862780187315     0.014775852690320767
99.21923619447782         241.66032356465303       0.014063962555043693     0.014793025713070116
99.42032666441398         241.56137274925482       0.013969650815459719     0.014731869246974122
99.78044932414626         241.3340941879561        0.01366949361351592      0.014457194614289454
99.53180339595066         241.34653995338928       0.013758487532174101     0.014558996239057513
100.47523142212559        240.71634511630097       0.01300343351309567      0.013836049303591903
100.02741609898075        241.15350337061273       0.013665671130023371     0.014420903923800492
100.17226858826501        240.83067016751767       0.013338280226795732     0.01414919413414445
100.60676119056184        240.3673965467427        0.012743218554047267     0.013608300856162553
98.45458964394776         242.22013070101207       0.014168110483097568     0.014984011125100718
98.59745426688171         242.0512108952243        0.014262620415133471     0.015013355499046891
98.20314436032169         242.1816217529922        0.014262213957502145     0.015074841965228665
98.91104645212157         241.89433261429218       0.014140081135792376     0.01493389752224448
98.71616540780177         241.91700181111645       0.014281545729443013     0.01505839355729631
99.02196362365913         241.73570261708275       0.014068805758097352     0.014852140347818833
99.02574734378645         241.54750076851755       0.014189827460694554     0.014947485655647002
99.22821791086987         241.3725821152272        0.014046426582966922     0.014843911123355067
99.67062029727755         241.0588618245891        0.013830851567048733     0.014589767270970234
99.39762216613703         241.12775463695857       0.013906353049679038     0.014667068743785877
100.13640747094621        240.44542897052398       0.01317272175371405      0.014003778965368153
99.84340586407802         240.7760219479409        0.013493273215357775     0.014302064822963404
97.92696025441239         242.15288964020317       0.01421269587631843      0.015023792844264252
98.34379303962973         241.97354191989814       0.01429884887547101      0.01508965256252684
98.53769148349122         241.82225418810822       0.014312435450601896     0.01511250193890964
98.08653096513781         241.91919677980619       0.014200164291742173     0.015009102798453756
98.76602592096611         241.6443180544441        0.014257309822135996     0.015041574990288287
98.5248460042057          241.64730664877547       0.014298302950470037     0.015093939872490428
98.8932930689594          241.32457749118072       0.014151661911447594     0.014936983111842243
99.10913628099546         241.0397875715051        0.013901966577664265     0.01468722209626526
99.41648474916276         240.77440859436433       0.013532827766583561     0.014338727816919309
99.63723797983583         240.3932587600375        0.013343832730290536     0.014163670984258261
97.62785432415126         242.1244702780895        0.014124222822792312     0.014941136333344153
97.79665123129398         241.90051820375396       0.014079026942176361     0.014893198742358936
98.29184055450531         241.67457265797233       0.014259981833397299     0.01505909973652421
97.95809933430216         241.66545847801544       0.014053763054697925     0.01487054973813975
98.51099248916177         241.40506582461083       0.01421623173222358      0.01500654023737705
98.70529155437234         241.02719354296443       0.013947058055196243     0.014743019333939776
98.95753283410875         240.6861660754994        0.0135729036598013       0.014382143149347727
99.17883353701843         240.36279461578772       0.013393670048367787     0.014214952781058913
97.29536575846657         242.0837720028576        0.014004894780388586     0.014828624821777358
97.5021658752719          241.84936227617183       0.013993048162975795     0.014803333398044629
97.69880027238315         241.68187894218957       0.01397463244351046      0.014788285524626077
98.11126163755708         241.3832093727537        0.014187264269333677     0.01497010327495787
97.76386916758923         241.43687556552953       0.01407246431315442      0.014842453543250282
98.2799729756806          241.06053306170625       0.014015674578250823     0.014819193200004436
98.48738238074716         240.696179567402         0.013729478457444775     0.014538430858521927
98.72145763705379         240.3407896940538        0.013508225252250523     0.0143304498849913
97.15296925327537         241.77315834614322       0.014091086946428114     0.01485823707925219
96.9258047394714          242.02697448015508       0.014057970066047117     0.014854546096064689
97.43707721368787         241.53352168589186       0.014028739498467026     0.014854787139408989
97.10723445859756         241.49837082272612       0.014217918612107864     0.015034657551785392
97.86932224582388         241.1218474770409        0.01412991067433529      0.014950101054091378
97.56878139298666         241.26738571635863       0.01418026441994504      0.014967404790966667
97.99558754642126         240.72970258546576       0.013867945884790846     0.014688626784174486
98.24420923229577         240.35834035886197       0.01365804383503263      0.0144807216135666
96.79035329111628         241.64619052643778       0.014256855964532258     0.015061754423729558
96.5326356709585          241.98971971410882       0.014229597846254443     0.015020599376991616
97.23967046543477         241.22943272103035       0.014184203561704615     0.01499580632882659
96.91610206947354         241.30955083412726       0.014218929432808647     0.015031617300103203
97.50412427152652         240.86595449948712       0.013960411080710862     0.014776976659067496
97.7400969303689          240.38337030625036       0.01373341270087996      0.014556307768108916
96.39202905460044         241.68042116427875       0.014228624471883422     0.015043334954462566
96.49105595081343         241.2588303499689        0.014141692876662504     0.014954344472452459
96.09710481781227         241.93342155089073       0.014137091065985152     0.014956007443856558
96.90468343282211         240.90181478737262       0.013978499041624407     0.0147943069516359
97.21062811925589         240.42813800179803       0.013760546191517854     0.014580775788378048
96.02936870121653         241.49280642908624       0.014059354815003006     0.014852632910767008
96.08074060782661         241.1174823863135        0.013993776942244556     0.014810569072553906
96.34688439404253         240.80498315403077       0.013857673650986379     0.01467697877881799
95.93618818571053         240.827704287944         0.013881701351904033     0.014701519314132983
95.52540578785363         241.78621784751374       0.013785682723247416     0.014598605894287287
96.60352948885478         240.4177410925565        0.013744099622706842     0.014562951588223754
95.58931522150452         241.178147068383         0.01406103209585566      0.014877094214107154
95.99787429248109         240.43911089337487       0.013751245550698819     0.014570250641434341
95.59720665552182         240.71950218931002       0.013851882022334136     0.014670859235309844
95.46265557791291         240.3851936290731        0.013738027302360423     0.014556734540004465
