"Points:0","Points:1","Points:2"
0.25,0.5,248.70334
0.25,0.5,248.65335
0.25,0.5,248.60335
0.25,0.5,248.55334
0.25,0.5,248.50334
0.25,0.5,248.45334
0.25,0.5,248.40335
0.25,0.5,248.35335
0.25,0.5,248.30334
0.25,0.5,248.25334
0.25,0.5,248.20334
0.25,0.5,248.15335
0.25,0.5,248.10335
0.25,0.5,248.05334
0.25,0.5,248.00334
0.25,0.5,247.95334
0.25,0.5,247.90335
0.25,0.5,247.85335
0.25,0.5,247.80334
0.25,0.5,247.75334
0.25,0.5,247.70334
0.25,0.5,247.65335
0.25,0.5,247.60335
0.25,0.5,247.55334
0.25,0.5,247.50334
0.25,0.5,247.45334
0.25,0.5,247.40335
0.25,0.5,247.35335
0.25,0.5,247.30334
0.25,0.5,247.25334
0.25,0.5,247.20334
0.25,0.5,247.15335
0.25,0.5,247.10335
0.25,0.5,247.05334
0.25,0.5,247.00334
0.25,0.5,246.95334
0.75,0.5,248.69963
0.75,0.5,248.64963
0.75,0.5,248.59964
0.75,0.5,248.54964
0.75,0.5,248.49963
0.75,0.5,248.44963
0.75,0.5,248.39963
0.75,0.5,248.34964
0.75,0.5,248.29964
0.75,0.5,248.24963
0.75,0.5,248.19963
0.75,0.5,248.14963
0.75,0.5,248.09964
0.75,0.5,248.04964
0.75,0.5,247.99963
0.75,0.5,247.94963
0.75,0.5,247.89963
0.75,0.5,247.84964
0.75,0.5,247.79964
0.75,0.5,247.74963
0.75,0.5,247.69963
0.75,0.5,247.64963
0.75,0.5,247.59964
0.75,0.5,247.54964
0.75,0.5,247.49963
0.75,0.5,247.44963
0.75,0.5,247.39963
0.75,0.5,247.34964
0.75,0.5,247.29964
0.75,0.5,247.24963
0.75,0.5,247.19963
0.75,0.5,247.14963
0.75,0.5,247.09964
0.75,0.5,247.04964
0.75,0.5,246.99963
0.75,0.5,246.94963
1.25,0.5,248.69592
1.25,0.5,248.64592
1.25,0.5,248.59592
1.25,0.5,248.54593
1.25,0.5,248.49593
1.25,0.5,248.44592
1.25,0.5,248.39592
1.25,0.5,248.34592
1.25,0.5,248.29593
1.25,0.5,248.24593
1.25,0.5,248.19592
1.25,0.5,248.14592
1.25,0.5,248.09592
1.25,0.5,248.04593
1.25,0.5,247.99593
1.25,0.5,247.94592
1.25,0.5,247.89592
1.25,0.5,247.84592
1.25,0.5,247.79593
1.25,0.5,247.74593
1.25,0.5,247.69592
1.25,0.5,247.64592
1.25,0.5,247.59592
1.25,0.5,247.54593
1.25,0.5,247.49593
1.25,0.5,247.44592
1.25,0.5,247.39592
1.25,0.5,247.34592
1.25,0.5,247.29593
1.25,0.5,247.24593
1.25,0.5,247.19592
1.25,0.5,247.14592
1.25,0.5,247.09592
1.25,0.5,247.04593
1.25,0.5,246.99593
1.25,0.5,246.94592
1.75,0.5,248.69221
1.75,0.5,248.64221
1.75,0.5,248.59221
1.75,0.5,248.54222
1.75,0.5,248.49222
1.75,0.5,248.44221
1.75,0.5,248.39221
1.75,0.5,248.34221
1.75,0.5,248.29222
1.75,0.5,248.24222
1.75,0.5,248.19221
1.75,0.5,248.14221
1.75,0.5,248.09221
1.75,0.5,248.04222
1.75,0.5,247.99222
1.75,0.5,247.94221
1.75,0.5,247.89221
1.75,0.5,247.84221
1.75,0.5,247.79222
1.75,0.5,247.74222
1.75,0.5,247.69221
1.75,0.5,247.64221
1.75,0.5,247.59221
1.75,0.5,247.54222
1.75,0.5,247.49222
1.75,0.5,247.44221
1.75,0.5,247.39221
1.75,0.5,247.34221
1.75,0.5,247.29222
1.75,0.5,247.24222
1.75,0.5,247.19221
1.75,0.5,247.14221
1.75,0.5,247.09221
1.75,0.5,247.04222
1.75,0.5,246.99222
1.75,0.5,246.94221
0.25,0.5,246.90335
0.25,0.5,246.85335
0.25,0.5,246.80334
0.25,0.5,246.75334
0.25,0.5,246.57834
0.25,0.5,246.02835
0.25,0.5,244.97835
0.25,0.5,243.42834
0.25,0.5,241.37834
0.25,0.5,238.82834
0.25,0.5,235.77835
0.25,0.5,232.22835
0.75,0.5,246.89963
0.75,0.5,246.84964
0.75,0.5,246.79964
0.75,0.5,246.74963
0.75,0.5,246.57463
0.75,0.5,246.02463
0.75,0.5,244.97464
0.75,0.5,243.42464
0.75,0.5,241.37463
0.75,0.5,238.82463
0.75,0.5,235.77463
0.75,0.5,232.22464
1.25,0.5,246.89592
1.25,0.5,246.84592
1.25,0.5,246.79593
1.25,0.5,246.74593
1.25,0.5,246.57092
1.25,0.5,246.02092
1.25,0.5,244.97092
1.25,0.5,243.42093
1.25,0.5,241.37093
1.25,0.5,238.82092
1.25,0.5,235.77092
1.25,0.5,232.22092
1.75,0.5,246.89221
1.75,0.5,246.84221
1.75,0.5,246.79222
1.75,0.5,246.74222
1.75,0.5,246.56721
1.75,0.5,246.01721
1.75,0.5,244.96721
1.75,0.5,243.41722
1.75,0.5,241.36722
1.75,0.5,238.81721
1.75,0.5,235.76721
1.75,0.5,232.21721
2.25,0.5,248.68851
2.25,0.5,248.6385
2.25,0.5,248.5885
2.25,0.5,248.5385
2.25,0.5,248.48851
2.25,0.5,248.43851
2.25,0.5,248.3885
2.25,0.5,248.3385
2.25,0.5,248.2885
2.25,0.5,248.23851
2.25,0.5,248.18851
2.25,0.5,248.1385
2.25,0.5,248.0885
2.25,0.5,248.0385
2.25,0.5,247.98851
2.25,0.5,247.93851
2.25,0.5,247.8885
2.25,0.5,247.8385
2.25,0.5,247.7885
2.25,0.5,247.73851
2.25,0.5,247.68851
2.25,0.5,247.6385
2.25,0.5,247.5885
2.25,0.5,247.5385
2.25,0.5,247.48851
2.25,0.5,247.43851
2.25,0.5,247.3885
2.25,0.5,247.3385
2.25,0.5,247.2885
2.25,0.5,247.23851
2.25,0.5,247.18851
2.25,0.5,247.1385
2.25,0.5,247.0885
2.25,0.5,247.0385
2.25,0.5,246.98851
2.25,0.5,246.93851
2.75,0.5,248.6848
2.75,0.5,248.6348
2.75,0.5,248.58479
2.75,0.5,248.53479
2.75,0.5,248.48479
2.75,0.5,248.4348
2.75,0.5,248.3848
2.75,0.5,248.33479
2.75,0.5,248.28479
2.75,0.5,248.23479
2.75,0.5,248.1848
2.75,0.5,248.1348
2.75,0.5,248.08479
2.75,0.5,248.03479
2.75,0.5,247.98479
2.75,0.5,247.9348
2.75,0.5,247.8848
2.75,0.5,247.83479
2.75,0.5,247.78479
2.75,0.5,247.73479
2.75,0.5,247.6848
2.75,0.5,247.6348
2.75,0.5,247.58479
2.75,0.5,247.53479
2.75,0.5,247.48479
2.75,0.5,247.4348
2.75,0.5,247.3848
2.75,0.5,247.33479
2.75,0.5,247.28479
2.75,0.5,247.23479
2.75,0.5,247.1848
2.75,0.5,247.1348
2.75,0.5,247.08479
2.75,0.5,247.03479
2.75,0.5,246.98479
2.75,0.5,246.9348
3.25,0.5,248.68108
3.25,0.5,248.63108
3.25,0.5,248.58109
3.25,0.5,248.53108
3.25,0.5,248.48108
3.25,0.5,248.43108
3.25,0.5,248.38108
3.25,0.5,248.33109
3.25,0.5,248.28108
3.25,0.5,248.23108
3.25,0.5,248.18108
3.25,0.5,248.13108
3.25,0.5,248.08109
3.25,0.5,248.03108
3.25,0.5,247.98108
3.25,0.5,247.93108
3.25,0.5,247.88108
3.25,0.5,247.83109
3.25,0.5,247.78108
3.25,0.5,247.73108
3.25,0.5,247.68108
3.25,0.5,247.63108
3.25,0.5,247.58109
3.25,0.5,247.53108
3.25,0.5,247.48108
3.25,0.5,247.43108
3.25,0.5,247.38108
3.25,0.5,247.33109
3.25,0.5,247.28108
3.25,0.5,247.23108
3.25,0.5,247.18108
3.25,0.5,247.13108
3.25,0.5,247.08109
3.25,0.5,247.03108
3.25,0.5,246.98108
3.25,0.5,246.93108
3.75,0.5,248.67705
3.75,0.5,248.62705
3.75,0.5,248.57706
3.75,0.5,248.52705
3.75,0.5,248.47705
3.75,0.5,248.42705
3.75,0.5,248.37705
3.75,0.5,248.32706
3.75,0.5,248.27705
3.75,0.5,248.22705
3.75,0.5,248.17705
3.75,0.5,248.12705
3.75,0.5,248.07706
3.75,0.5,248.02705
3.75,0.5,247.97705
3.75,0.5,247.92705
3.75,0.5,247.87705
3.75,0.5,247.82706
3.75,0.5,247.77705
3.75,0.5,247.72705
3.75,0.5,247.67705
3.75,0.5,247.62705
3.75,0.5,247.57706
3.75,0.5,247.52705
3.75,0.5,247.47705
3.75,0.5,247.42705
3.75,0.5,247.37705
3.75,0.5,247.32706
3.75,0.5,247.27705
3.75,0.5,247.22705
3.75,0.5,247.17705
3.75,0.5,247.12705
3.75,0.5,247.07706
3.75,0.5,247.02705
3.75,0.5,246.97705
3.75,0.5,246.92705
2.25,0.5,246.8885
2.25,0.5,246.8385
2.25,0.5,246.7885
2.25,0.5,246.73851
2.25,0.5,246.56351
2.25,0.5,246.0135
2.25,0.5,244.9635
2.25,0.5,243.4135
2.25,0.5,241.36351
2.25,0.5,238.81351
2.25,0.5,235.7635
2.25,0.5,232.2135
2.75,0.5,246.8848
2.75,0.5,246.83479
2.75,0.5,246.78479
2.75,0.5,246.73479
2.75,0.5,246.5598
2.75,0.5,246.0098
2.75,0.5,244.95979
2.75,0.5,243.40979
2.75,0.5,241.35979
2.75,0.5,238.8098
2.75,0.5,235.7598
2.75,0.5,232.20979
3.25,0.5,246.88108
3.25,0.5,246.83109
3.25,0.5,246.78108
3.25,0.5,246.73108
3.25,0.5,246.55608
3.25,0.5,246.00608
3.25,0.5,244.95609
3.25,0.5,243.40608
3.25,0.5,241.35608
3.25,0.5,238.80608
3.25,0.5,235.75608
3.25,0.5,232.20609
3.75,0.5,246.87705
3.75,0.5,246.82706
3.75,0.5,246.77705
3.75,0.5,246.72705
3.75,0.5,246.55205
3.75,0.5,246.00205
3.75,0.5,244.95206
3.75,0.5,243.40205
3.75,0.5,241.35205
3.75,0.5,238.80205
3.75,0.5,235.75205
3.75,0.5,232.20206
4.25,0.5,248.67128
4.25,0.5,248.62128
4.25,0.5,248.57129
4.25,0.5,248.52129
4.25,0.5,248.47128
4.25,0.5,248.42128
4.25,0.5,248.37128
4.25,0.5,248.32129
4.25,0.5,248.27129
4.25,0.5,248.22128
4.25,0.5,248.17128
4.25,0.5,248.12128
4.25,0.5,248.07129
4.25,0.5,248.02129
4.25,0.5,247.97128
4.25,0.5,247.92128
4.25,0.5,247.87128
4.25,0.5,247.82129
4.25,0.5,247.77129
4.25,0.5,247.72128
4.25,0.5,247.67128
4.25,0.5,247.62128
4.25,0.5,247.57129
4.25,0.5,247.52129
4.25,0.5,247.47128
4.25,0.5,247.42128
4.25,0.5,247.37128
4.25,0.5,247.32129
4.25,0.5,247.27129
4.25,0.5,247.22128
4.25,0.5,247.17128
4.25,0.5,247.12128
4.25,0.5,247.07129
4.25,0.5,247.02129
4.25,0.5,246.97128
4.25,0.5,246.92128
4.75,0.5,248.66409
4.75,0.5,248.61409
4.75,0.5,248.56409
4.75,0.5,248.5141
4.75,0.5,248.4641
4.75,0.5,248.41409
4.75,0.5,248.36409
4.75,0.5,248.31409
4.75,0.5,248.2641
4.75,0.5,248.2141
4.75,0.5,248.16409
4.75,0.5,248.11409
4.75,0.5,248.06409
4.75,0.5,248.0141
4.75,0.5,247.9641
4.75,0.5,247.91409
4.75,0.5,247.86409
4.75,0.5,247.81409
4.75,0.5,247.7641
4.75,0.5,247.7141
4.75,0.5,247.66409
4.75,0.5,247.61409
4.75,0.5,247.56409
4.75,0.5,247.5141
4.75,0.5,247.4641
4.75,0.5,247.41409
4.75,0.5,247.36409
4.75,0.5,247.31409
4.75,0.5,247.2641
4.75,0.5,247.2141
4.75,0.5,247.16409
4.75,0.5,247.11409
4.75,0.5,247.06409
4.75,0.5,247.0141
4.75,0.5,246.9641
4.75,0.5,246.91409
5.25,0.5,248.65691
5.25,0.5,248.6069
5.25,0.5,248.5569
5.25,0.5,248.5069
5.25,0.5,248.45691
5.25,0.5,248.40691
5.25,0.5,248.3569
5.25,0.5,248.3069
5.25,0.5,248.2569
5.25,0.5,248.20691
5.25,0.5,248.15691
5.25,0.5,248.1069
5.25,0.5,248.0569
5.25,0.5,248.0069
5.25,0.5,247.95691
5.25,0.5,247.90691
5.25,0.5,247.8569
5.25,0.5,247.8069
5.25,0.5,247.7569
5.25,0.5,247.70691
5.25,0.5,247.65691
5.25,0.5,247.6069
5.25,0.5,247.5569
5.25,0.5,247.5069
5.25,0.5,247.45691
5.25,0.5,247.40691
5.25,0.5,247.3569
5.25,0.5,247.3069
5.25,0.5,247.2569
5.25,0.5,247.20691
5.25,0.5,247.15691
5.25,0.5,247.1069
5.25,0.5,247.0569
5.25,0.5,247.0069
5.25,0.5,246.95691
5.25,0.5,246.90691
5.75,0.5,248.64971
5.75,0.5,248.59971
5.75,0.5,248.54971
5.75,0.5,248.49971
5.75,0.5,248.44971
5.75,0.5,248.39971
5.75,0.5,248.34971
5.75,0.5,248.29971
5.75,0.5,248.24971
5.75,0.5,248.19971
5.75,0.5,248.14971
5.75,0.5,248.09971
5.75,0.5,248.04971
5.75,0.5,247.99971
5.75,0.5,247.94971
5.75,0.5,247.89971
5.75,0.5,247.84971
5.75,0.5,247.79971
5.75,0.5,247.74971
5.75,0.5,247.69971
5.75,0.5,247.64971
5.75,0.5,247.59971
5.75,0.5,247.54971
5.75,0.5,247.49971
5.75,0.5,247.44971
5.75,0.5,247.39971
5.75,0.5,247.34971
5.75,0.5,247.29971
5.75,0.5,247.24971
5.75,0.5,247.19971
5.75,0.5,247.14971
5.75,0.5,247.09971
5.75,0.5,247.04971
5.75,0.5,246.99971
5.75,0.5,246.94971
5.75,0.5,246.89971
4.25,0.5,246.87128
4.25,0.5,246.82129
4.25,0.5,246.77129
4.25,0.5,246.72128
4.25,0.5,246.54628
4.25,0.5,245.99628
4.25,0.5,244.94629
4.25,0.5,243.39629
4.25,0.5,241.34628
4.25,0.5,238.79628
4.25,0.5,235.74628
4.25,0.5,232.19629
4.75,0.5,246.86409
4.75,0.5,246.81409
4.75,0.5,246.7641
4.75,0.5,246.7141
4.75,0.5,246.53909
4.75,0.5,245.98909
4.75,0.5,244.93909
4.75,0.5,243.3891
4.75,0.5,241.3391
4.75,0.5,238.78909
4.75,0.5,235.73909
4.75,0.5,232.18909
5.25,0.5,246.8569
5.25,0.5,246.8069
5.25,0.5,246.7569
5.25,0.5,246.70691
5.25,0.5,246.53191
5.25,0.5,245.9819
5.25,0.5,244.9319
5.25,0.5,243.3819
5.25,0.5,241.33191
5.25,0.5,238.78191
5.25,0.5,235.7319
5.25,0.5,232.1819
5.75,0.5,246.84971
5.75,0.5,246.79971
5.75,0.5,246.74971
5.75,0.5,246.69971
5.75,0.5,246.52471
5.75,0.5,245.97471
5.75,0.5,244.92471
5.75,0.5,243.37471
5.75,0.5,241.32471
5.75,0.5,238.77471
5.75,0.5,235.72471
5.75,0.5,232.17471
6.25,0.5,248.64252
6.25,0.5,248.59252
6.25,0.5,248.54252
6.25,0.5,248.49252
6.25,0.5,248.44252
6.25,0.5,248.39252
6.25,0.5,248.34252
6.25,0.5,248.29252
6.25,0.5,248.24252
6.25,0.5,248.19252
6.25,0.5,248.14252
6.25,0.5,248.09252
6.25,0.5,248.04252
6.25,0.5,247.99252
6.25,0.5,247.94252
6.25,0.5,247.89252
6.25,0.5,247.84252
6.25,0.5,247.79252
6.25,0.5,247.74252
6.25,0.5,247.69252
6.25,0.5,247.64252
6.25,0.5,247.59252
6.25,0.5,247.54252
6.25,0.5,247.49252
6.25,0.5,247.44252
6.25,0.5,247.39252
6.25,0.5,247.34252
6.25,0.5,247.29252
6.25,0.5,247.24252
6.25,0.5,247.19252
6.25,0.5,247.14252
6.25,0.5,247.09252
6.25,0.5,247.04252
6.25,0.5,246.99252
6.25,0.5,246.94252
6.25,0.5,246.89252
6.75,0.5,248.63533
6.75,0.5,248.58533
6.75,0.5,248.53533
6.75,0.5,248.48533
6.75,0.5,248.43533
6.75,0.5,248.38533
6.75,0.5,248.33533
6.75,0.5,248.28533
6.75,0.5,248.23533
6.75,0.5,248.18533
6.75,0.5,248.13533
6.75,0.5,248.08533
6.75,0.5,248.03533
6.75,0.5,247.98533
6.75,0.5,247.93533
6.75,0.5,247.88533
6.75,0.5,247.83533
6.75,0.5,247.78533
6.75,0.5,247.73533
6.75,0.5,247.68533
6.75,0.5,247.63533
6.75,0.5,247.58533
6.75,0.5,247.53533
6.75,0.5,247.48533
6.75,0.5,247.43533
6.75,0.5,247.38533
6.75,0.5,247.33533
6.75,0.5,247.28533
6.75,0.5,247.23533
6.75,0.5,247.18533
6.75,0.5,247.13533
6.75,0.5,247.08533
6.75,0.5,247.03533
6.75,0.5,246.98533
6.75,0.5,246.93533
6.75,0.5,246.88533
7.25,0.5,248.62814
7.25,0.5,248.57814
7.25,0.5,248.52814
7.25,0.5,248.47814
7.25,0.5,248.42814
7.25,0.5,248.37814
7.25,0.5,248.32814
7.25,0.5,248.27814
7.25,0.5,248.22814
7.25,0.5,248.17814
7.25,0.5,248.12814
7.25,0.5,248.07814
7.25,0.5,248.02814
7.25,0.5,247.97814
7.25,0.5,247.92814
7.25,0.5,247.87814
7.25,0.5,247.82814
7.25,0.5,247.77814
7.25,0.5,247.72814
7.25,0.5,247.67814
7.25,0.5,247.62814
7.25,0.5,247.57814
7.25,0.5,247.52814
7.25,0.5,247.47814
7.25,0.5,247.42814
7.25,0.5,247.37814
7.25,0.5,247.32814
7.25,0.5,247.27814
7.25,0.5,247.22814
7.25,0.5,247.17814
7.25,0.5,247.12814
7.25,0.5,247.07814
7.25,0.5,247.02814
7.25,0.5,246.97814
7.25,0.5,246.92814
7.25,0.5,246.87814
7.75,0.5,248.62022
7.75,0.5,248.57022
7.75,0.5,248.52022
7.75,0.5,248.47022
7.75,0.5,248.42022
7.75,0.5,248.37022
7.75,0.5,248.32022
7.75,0.5,248.27022
7.75,0.5,248.22022
7.75,0.5,248.17022
7.75,0.5,248.12022
7.75,0.5,248.07022
7.75,0.5,248.02022
7.75,0.5,247.97022
7.75,0.5,247.92022
7.75,0.5,247.87022
7.75,0.5,247.82022
7.75,0.5,247.77022
7.75,0.5,247.72022
7.75,0.5,247.67022
7.75,0.5,247.62022
7.75,0.5,247.57022
7.75,0.5,247.52022
7.75,0.5,247.47022
7.75,0.5,247.42022
7.75,0.5,247.37022
7.75,0.5,247.32022
7.75,0.5,247.27022
7.75,0.5,247.22022
7.75,0.5,247.17022
7.75,0.5,247.12022
7.75,0.5,247.07022
7.75,0.5,247.02022
7.75,0.5,246.97022
7.75,0.5,246.92022
7.75,0.5,246.87022
8.25,0.5,248.61033
8.25,0.5,248.56033
8.25,0.5,248.51033
8.25,0.5,248.46033
8.25,0.5,248.41033
8.25,0.5,248.36033
8.25,0.5,248.31033
8.25,0.5,248.26033
8.25,0.5,248.21033
8.25,0.5,248.16033
8.25,0.5,248.11033
8.25,0.5,248.06033
8.25,0.5,248.01033
8.25,0.5,247.96033
8.25,0.5,247.91033
8.25,0.5,247.86033
8.25,0.5,247.81033
8.25,0.5,247.76033
8.25,0.5,247.71033
8.25,0.5,247.66033
8.25,0.5,247.61033
8.25,0.5,247.56033
8.25,0.5,247.51033
8.25,0.5,247.46033
8.25,0.5,247.41033
8.25,0.5,247.36033
8.25,0.5,247.31033
8.25,0.5,247.26033
8.25,0.5,247.21033
8.25,0.5,247.16033
8.25,0.5,247.11033
8.25,0.5,247.06033
8.25,0.5,247.01033
8.25,0.5,246.96033
8.25,0.5,246.91033
8.25,0.5,246.86033
6.25,0.5,246.84252
6.25,0.5,246.79252
6.25,0.5,246.74252
6.25,0.5,246.69252
6.25,0.5,246.51752
6.25,0.5,245.96752
6.25,0.5,244.91752
6.25,0.5,243.36752
6.25,0.5,241.31752
6.25,0.5,238.76752
6.25,0.5,235.71752
6.25,0.5,232.16752
6.75,0.5,246.83533
6.75,0.5,246.78533
6.75,0.5,246.73533
6.75,0.5,246.68533
6.75,0.5,246.51033
6.75,0.5,245.96033
6.75,0.5,244.91033
6.75,0.5,243.36033
6.75,0.5,241.31033
6.75,0.5,238.76033
6.75,0.5,235.71033
6.75,0.5,232.16033
7.25,0.5,246.82814
7.25,0.5,246.77814
7.25,0.5,246.72814
7.25,0.5,246.67814
7.25,0.5,246.50314
7.25,0.5,245.95314
7.25,0.5,244.90314
7.25,0.5,243.35314
7.25,0.5,241.30314
7.25,0.5,238.75314
7.25,0.5,235.70314
7.25,0.5,232.15314
7.75,0.5,246.82022
7.75,0.5,246.77022
7.75,0.5,246.72022
7.75,0.5,246.67022
7.75,0.5,246.49522
7.75,0.5,245.94522
7.75,0.5,244.89522
7.75,0.5,243.34522
7.75,0.5,241.29522
7.75,0.5,238.74522
7.75,0.5,235.69522
7.75,0.5,232.14522
8.25,0.5,246.81033
8.25,0.5,246.76033
8.25,0.5,246.71033
8.25,0.5,246.66033
8.25,0.5,246.48533
8.25,0.5,245.93533
8.25,0.5,244.88533
8.25,0.5,243.33533
8.25,0.5,241.28533
8.25,0.5,238.73533
8.25,0.5,235.68533
8.25,0.5,232.13533
8.75,0.5,248.59919
8.75,0.5,248.54919
8.75,0.5,248.49918
8.75,0.5,248.44918
8.75,0.5,248.39919
8.75,0.5,248.34919
8.75,0.5,248.29919
8.75,0.5,248.24918
8.75,0.5,248.19918
8.75,0.5,248.14919
8.75,0.5,248.09919
8.75,0.5,248.04919
8.75,0.5,247.99918
8.75,0.5,247.94918
8.75,0.5,247.89919
8.75,0.5,247.84919
8.75,0.5,247.79919
8.75,0.5,247.74918
8.75,0.5,247.69918
8.75,0.5,247.64919
8.75,0.5,247.59919
8.75,0.5,247.54919
8.75,0.5,247.49918
8.75,0.5,247.44918
8.75,0.5,247.39919
8.75,0.5,247.34919
8.75,0.5,247.29919
8.75,0.5,247.24918
8.75,0.5,247.19918
8.75,0.5,247.14919
8.75,0.5,247.09919
8.75,0.5,247.04919
8.75,0.5,246.99918
8.75,0.5,246.94918
8.75,0.5,246.89919
8.75,0.5,246.84919
9.25,0.5,248.58804
9.25,0.5,248.53804
9.25,0.5,248.48804
9.25,0.5,248.43804
9.25,0.5,248.38804
9.25,0.5,248.33804
9.25,0.5,248.28804
9.25,0.5,248.23804
9.25,0.5,248.18804
9.25,0.5,248.13804
9.25,0.5,248.08804
9.25,0.5,248.03804
9.25,0.5,247.98804
9.25,0.5,247.93804
9.25,0.5,247.88804
9.25,0.5,247.83804
9.25,0.5,247.78804
9.25,0.5,247.73804
9.25,0.5,247.68804
9.25,0.5,247.63804
9.25,0.5,247.58804
9.25,0.5,247.53804
9.25,0.5,247.48804
9.25,0.5,247.43804
9.25,0.5,247.38804
9.25,0.5,247.33804
9.25,0.5,247.28804
9.25,0.5,247.23804
9.25,0.5,247.18804
9.25,0.5,247.13804
9.25,0.5,247.08804
9.25,0.5,247.03804
9.25,0.5,246.98804
9.25,0.5,246.93804
9.25,0.5,246.88804
9.25,0.5,246.83804
9.75,0.5,248.5769
9.75,0.5,248.5269
9.75,0.5,248.4769
9.75,0.5,248.4269
9.75,0.5,248.3769
9.75,0.5,248.3269
9.75,0.5,248.2769
9.75,0.5,248.2269
9.75,0.5,248.1769
9.75,0.5,248.1269
9.75,0.5,248.0769
9.75,0.5,248.0269
9.75,0.5,247.9769
9.75,0.5,247.9269
9.75,0.5,247.8769
9.75,0.5,247.8269
9.75,0.5,247.7769
9.75,0.5,247.7269
9.75,0.5,247.6769
9.75,0.5,247.6269
9.75,0.5,247.5769
9.75,0.5,247.5269
9.75,0.5,247.4769
9.75,0.5,247.4269
9.75,0.5,247.3769
9.75,0.5,247.3269
9.75,0.5,247.2769
9.75,0.5,247.2269
9.75,0.5,247.1769
9.75,0.5,247.1269
9.75,0.5,247.0769
9.75,0.5,247.0269
9.75,0.5,246.9769
9.75,0.5,246.9269
9.75,0.5,246.8769
9.75,0.5,246.8269
10.25,0.5,248.56576
10.25,0.5,248.51575
10.25,0.5,248.46575
10.25,0.5,248.41575
10.25,0.5,248.36576
10.25,0.5,248.31576
10.25,0.5,248.26575
10.25,0.5,248.21575
10.25,0.5,248.16575
10.25,0.5,248.11576
10.25,0.5,248.06576
10.25,0.5,248.01575
10.25,0.5,247.96575
10.25,0.5,247.91575
10.25,0.5,247.86576
10.25,0.5,247.81576
10.25,0.5,247.76575
10.25,0.5,247.71575
10.25,0.5,247.66575
10.25,0.5,247.61576
10.25,0.5,247.56576
10.25,0.5,247.51575
10.25,0.5,247.46575
10.25,0.5,247.41575
10.25,0.5,247.36576
10.25,0.5,247.31576
10.25,0.5,247.26575
10.25,0.5,247.21575
10.25,0.5,247.16575
10.25,0.5,247.11576
10.25,0.5,247.06576
10.25,0.5,247.01575
10.25,0.5,246.96575
10.25,0.5,246.91575
10.25,0.5,246.86576
10.25,0.5,246.81576
8.75,0.5,246.79919
8.75,0.5,246.74918
8.75,0.5,246.69918
8.75,0.5,246.64919
8.75,0.5,246.47419
8.75,0.5,245.92419
8.75,0.5,244.87418
8.75,0.5,243.32418
8.75,0.5,241.27419
8.75,0.5,238.72419
8.75,0.5,235.67419
8.75,0.5,232.12418
9.25,0.5,246.78804
9.25,0.5,246.73804
9.25,0.5,246.68804
9.25,0.5,246.63804
9.25,0.5,246.46304
9.25,0.5,245.91304
9.25,0.5,244.86304
9.25,0.5,243.31304
9.25,0.5,241.26304
9.25,0.5,238.71304
9.25,0.5,235.66304
9.25,0.5,232.11304
9.75,0.5,246.7769
9.75,0.5,246.7269
9.75,0.5,246.6769
9.75,0.5,246.6269
9.75,0.5,246.4519
9.75,0.5,245.9019
9.75,0.5,244.8519
9.75,0.5,243.3019
9.75,0.5,241.2519
9.75,0.5,238.7019
9.75,0.5,235.6519
9.75,0.5,232.1019
10.25,0.5,246.76575
10.25,0.5,246.71575
10.25,0.5,246.66575
10.25,0.5,246.61576
10.25,0.5,246.44076
10.25,0.5,245.89075
10.25,0.5,244.84075
10.25,0.5,243.29075
10.25,0.5,241.24076
10.25,0.5,238.69076
10.25,0.5,235.64075
10.25,0.5,232.09075
10.75,0.5,248.55461
10.75,0.5,248.50461
10.75,0.5,248.45461
10.75,0.5,248.40461
10.75,0.5,248.35461
10.75,0.5,248.30461
10.75,0.5,248.25461
10.75,0.5,248.20461
10.75,0.5,248.15461
10.75,0.5,248.10461
10.75,0.5,248.05461
10.75,0.5,248.00461
10.75,0.5,247.95461
10.75,0.5,247.90461
10.75,0.5,247.85461
10.75,0.5,247.80461
10.75,0.5,247.75461
10.75,0.5,247.70461
10.75,0.5,247.65461
10.75,0.5,247.60461
10.75,0.5,247.55461
10.75,0.5,247.50461
10.75,0.5,247.45461
10.75,0.5,247.40461
10.75,0.5,247.35461
10.75,0.5,247.30461
10.75,0.5,247.25461
10.75,0.5,247.20461
10.75,0.5,247.15461
10.75,0.5,247.10461
10.75,0.5,247.05461
10.75,0.5,247.00461
10.75,0.5,246.95461
10.75,0.5,246.90461
10.75,0.5,246.85461
10.75,0.5,246.80461
11.25,0.5,248.54346
11.25,0.5,248.49347
11.25,0.5,248.44347
11.25,0.5,248.39347
11.25,0.5,248.34347
11.25,0.5,248.29346
11.25,0.5,248.24347
11.25,0.5,248.19347
11.25,0.5,248.14347
11.25,0.5,248.09347
11.25,0.5,248.04346
11.25,0.5,247.99347
11.25,0.5,247.94347
11.25,0.5,247.89347
11.25,0.5,247.84347
11.25,0.5,247.79346
11.25,0.5,247.74347
11.25,0.5,247.69347
11.25,0.5,247.64347
11.25,0.5,247.59347
11.25,0.5,247.54346
11.25,0.5,247.49347
11.25,0.5,247.44347
11.25,0.5,247.39347
11.25,0.5,247.34347
11.25,0.5,247.29346
11.25,0.5,247.24347
11.25,0.5,247.19347
11.25,0.5,247.14347
11.25,0.5,247.09347
11.25,0.5,247.04346
11.25,0.5,246.99347
11.25,0.5,246.94347
11.25,0.5,246.89347
11.25,0.5,246.84347
11.25,0.5,246.79346
11.75,0.5,248.53154
11.75,0.5,248.48154
11.75,0.5,248.43154
11.75,0.5,248.38154
11.75,0.5,248.33154
11.75,0.5,248.28154
11.75,0.5,248.23154
11.75,0.5,248.18154
11.75,0.5,248.13154
11.75,0.5,248.08154
11.75,0.5,248.03154
11.75,0.5,247.98154
11.75,0.5,247.93154
11.75,0.5,247.88154
11.75,0.5,247.83154
11.75,0.5,247.78154
11.75,0.5,247.73154
11.75,0.5,247.68154
11.75,0.5,247.63154
11.75,0.5,247.58154
11.75,0.5,247.53154
11.75,0.5,247.48154
11.75,0.5,247.43154
11.75,0.5,247.38154
11.75,0.5,247.33154
11.75,0.5,247.28154
11.75,0.5,247.23154
11.75,0.5,247.18154
11.75,0.5,247.13154
11.75,0.5,247.08154
11.75,0.5,247.03154
11.75,0.5,246.98154
11.75,0.5,246.93154
11.75,0.5,246.88154
11.75,0.5,246.83154
11.75,0.5,246.78154
12.25,0.5,248.51818
12.25,0.5,248.46818
12.25,0.5,248.41818
12.25,0.5,248.36818
12.25,0.5,248.31818
12.25,0.5,248.26818
12.25,0.5,248.21818
12.25,0.5,248.16818
12.25,0.5,248.11818
12.25,0.5,248.06818
12.25,0.5,248.01818
12.25,0.5,247.96818
12.25,0.5,247.91818
12.25,0.5,247.86818
12.25,0.5,247.81818
12.25,0.5,247.76818
12.25,0.5,247.71818
12.25,0.5,247.66818
12.25,0.5,247.61818
12.25,0.5,247.56818
12.25,0.5,247.51818
12.25,0.5,247.46818
12.25,0.5,247.41818
12.25,0.5,247.36818
12.25,0.5,247.31818
12.25,0.5,247.26818
12.25,0.5,247.21818
12.25,0.5,247.16818
12.25,0.5,247.11818
12.25,0.5,247.06818
12.25,0.5,247.01818
12.25,0.5,246.96818
12.25,0.5,246.91818
12.25,0.5,246.86818
12.25,0.5,246.81818
12.25,0.5,246.76818
10.75,0.5,246.75461
10.75,0.5,246.70461
10.75,0.5,246.65461
10.75,0.5,246.60461
10.75,0.5,246.42961
10.75,0.5,245.87961
10.75,0.5,244.82961
10.75,0.5,243.27961
10.75,0.5,241.22961
10.75,0.5,238.67961
10.75,0.5,235.62961
10.75,0.5,232.07961
11.25,0.5,246.74347
11.25,0.5,246.69347
11.25,0.5,246.64347
11.25,0.5,246.59347
11.25,0.5,246.41846
11.25,0.5,245.86847
11.25,0.5,244.81847
11.25,0.5,243.26847
11.25,0.5,241.21847
11.25,0.5,238.66846
11.25,0.5,235.61847
11.25,0.5,232.06847
11.75,0.5,246.73154
11.75,0.5,246.68154
11.75,0.5,246.63154
11.75,0.5,246.58154
11.75,0.5,246.40654
11.75,0.5,245.85654
11.75,0.5,244.80654
11.75,0.5,243.25654
11.75,0.5,241.20654
11.75,0.5,238.65654
11.75,0.5,235.60654
11.75,0.5,232.05654
12.25,0.5,246.71818
12.25,0.5,246.66818
12.25,0.5,246.61818
12.25,0.5,246.56818
12.25,0.5,246.39318
12.25,0.5,245.84318
12.25,0.5,244.79318
12.25,0.5,243.24318
12.25,0.5,241.19318
12.25,0.5,238.64318
12.25,0.5,235.59318
12.25,0.5,232.04318
12.75,0.5,248.50418
12.75,0.5,248.45418
12.75,0.5,248.40418
12.75,0.5,248.35418
12.75,0.5,248.30418
12.75,0.5,248.25418
12.75,0.5,248.20418
12.75,0.5,248.15418
12.75,0.5,248.10418
12.75,0.5,248.05418
12.75,0.5,248.00418
12.75,0.5,247.95418
12.75,0.5,247.90418
12.75,0.5,247.85418
12.75,0.5,247.80418
12.75,0.5,247.75418
12.75,0.5,247.70418
12.75,0.5,247.65418
12.75,0.5,247.60418
12.75,0.5,247.55418
12.75,0.5,247.50418
12.75,0.5,247.45418
12.75,0.5,247.40418
12.75,0.5,247.35418
12.75,0.5,247.30418
12.75,0.5,247.25418
12.75,0.5,247.20418
12.75,0.5,247.15418
12.75,0.5,247.10418
12.75,0.5,247.05418
12.75,0.5,247.00418
12.75,0.5,246.95418
12.75,0.5,246.90418
12.75,0.5,246.85418
12.75,0.5,246.80418
12.75,0.5,246.75418
13.25,0.5,248.49019
13.25,0.5,248.44019
13.25,0.5,248.39018
13.25,0.5,248.34018
13.25,0.5,248.29019
13.25,0.5,248.24019
13.25,0.5,248.19019
13.25,0.5,248.14018
13.25,0.5,248.09018
13.25,0.5,248.04019
13.25,0.5,247.99019
13.25,0.5,247.94019
13.25,0.5,247.89018
13.25,0.5,247.84018
13.25,0.5,247.79019
13.25,0.5,247.74019
13.25,0.5,247.69019
13.25,0.5,247.64018
13.25,0.5,247.59018
13.25,0.5,247.54019
13.25,0.5,247.49019
13.25,0.5,247.44019
13.25,0.5,247.39018
13.25,0.5,247.34018
13.25,0.5,247.29019
13.25,0.5,247.24019
13.25,0.5,247.19019
13.25,0.5,247.14018
13.25,0.5,247.09018
13.25,0.5,247.04019
13.25,0.5,246.99019
13.25,0.5,246.94019
13.25,0.5,246.89018
13.25,0.5,246.84018
13.25,0.5,246.79019
13.25,0.5,246.74019
13.75,0.5,248.47619
13.75,0.5,248.42619
13.75,0.5,248.37619
13.75,0.5,248.32619
13.75,0.5,248.27619
13.75,0.5,248.22619
13.75,0.5,248.17619
13.75,0.5,248.12619
13.75,0.5,248.07619
13.75,0.5,248.02619
13.75,0.5,247.97619
13.75,0.5,247.92619
13.75,0.5,247.87619
13.75,0.5,247.82619
13.75,0.5,247.77619
13.75,0.5,247.72619
13.75,0.5,247.67619
13.75,0.5,247.62619
13.75,0.5,247.57619
13.75,0.5,247.52619
13.75,0.5,247.47619
13.75,0.5,247.42619
13.75,0.5,247.37619
13.75,0.5,247.32619
13.75,0.5,247.27619
13.75,0.5,247.22619
13.75,0.5,247.17619
13.75,0.5,247.12619
13.75,0.5,247.07619
13.75,0.5,247.02619
13.75,0.5,246.97619
13.75,0.5,246.92619
13.75,0.5,246.87619
13.75,0.5,246.82619
13.75,0.5,246.77619
13.75,0.5,246.72619
14.25,0.5,248.46219
14.25,0.5,248.41219
14.25,0.5,248.36219
14.25,0.5,248.31219
14.25,0.5,248.26219
14.25,0.5,248.21219
14.25,0.5,248.16219
14.25,0.5,248.11219
14.25,0.5,248.06219
14.25,0.5,248.01219
14.25,0.5,247.96219
14.25,0.5,247.91219
14.25,0.5,247.86219
14.25,0.5,247.81219
14.25,0.5,247.76219
14.25,0.5,247.71219
14.25,0.5,247.66219
14.25,0.5,247.61219
14.25,0.5,247.56219
14.25,0.5,247.51219
14.25,0.5,247.46219
14.25,0.5,247.41219
14.25,0.5,247.36219
14.25,0.5,247.31219
14.25,0.5,247.26219
14.25,0.5,247.21219
14.25,0.5,247.16219
14.25,0.5,247.11219
14.25,0.5,247.06219
14.25,0.5,247.01219
14.25,0.5,246.96219
14.25,0.5,246.91219
14.25,0.5,246.86219
14.25,0.5,246.81219
14.25,0.5,246.76219
14.25,0.5,246.71219
12.75,0.5,246.70418
12.75,0.5,246.65418
12.75,0.5,246.60418
12.75,0.5,246.55418
12.75,0.5,246.37918
12.75,0.5,245.82918
12.75,0.5,244.77918
12.75,0.5,243.22918
12.75,0.5,241.17918
12.75,0.5,238.62918
12.75,0.5,235.57918
12.75,0.5,232.02918
13.25,0.5,246.69019
13.25,0.5,246.64018
13.25,0.5,246.59018
13.25,0.5,246.54019
13.25,0.5,246.36519
13.25,0.5,245.81519
13.25,0.5,244.76518
13.25,0.5,243.21518
13.25,0.5,241.16519
13.25,0.5,238.61519
13.25,0.5,235.56519
13.25,0.5,232.01518
13.75,0.5,246.67619
13.75,0.5,246.62619
13.75,0.5,246.57619
13.75,0.5,246.52619
13.75,0.5,246.35119
13.75,0.5,245.80119
13.75,0.5,244.75119
13.75,0.5,243.20119
13.75,0.5,241.15119
13.75,0.5,238.60119
13.75,0.5,235.55119
13.75,0.5,232.00119
14.25,0.5,246.66219
14.25,0.5,246.61219
14.25,0.5,246.56219
14.25,0.5,246.51219
14.25,0.5,246.33719
14.25,0.5,245.78719
14.25,0.5,244.73719
14.25,0.5,243.18719
14.25,0.5,241.13719
14.25,0.5,238.58719
14.25,0.5,235.53719
14.25,0.5,231.98719
14.75,0.5,248.4482
14.75,0.5,248.39819
14.75,0.5,248.34819
14.75,0.5,248.29819
14.75,0.5,248.2482
14.75,0.5,248.1982
14.75,0.5,248.14819
14.75,0.5,248.09819
14.75,0.5,248.04819
14.75,0.5,247.9982
14.75,0.5,247.9482
14.75,0.5,247.89819
14.75,0.5,247.84819
14.75,0.5,247.79819
14.75,0.5,247.7482
14.75,0.5,247.6982
14.75,0.5,247.64819
14.75,0.5,247.59819
14.75,0.5,247.54819
14.75,0.5,247.4982
14.75,0.5,247.4482
14.75,0.5,247.39819
14.75,0.5,247.34819
14.75,0.5,247.29819
14.75,0.5,247.2482
14.75,0.5,247.1982
14.75,0.5,247.14819
14.75,0.5,247.09819
14.75,0.5,247.04819
14.75,0.5,246.9982
14.75,0.5,246.9482
14.75,0.5,246.89819
14.75,0.5,246.84819
14.75,0.5,246.79819
14.75,0.5,246.7482
14.75,0.5,246.6982
15.25,0.5,248.4342
15.25,0.5,248.3842
15.25,0.5,248.3342
15.25,0.5,248.28419
15.25,0.5,248.2342
15.25,0.5,248.1842
15.25,0.5,248.1342
15.25,0.5,248.0842
15.25,0.5,248.03419
15.25,0.5,247.9842
15.25,0.5,247.9342
15.25,0.5,247.8842
15.25,0.5,247.8342
15.25,0.5,247.78419
15.25,0.5,247.7342
15.25,0.5,247.6842
15.25,0.5,247.6342
15.25,0.5,247.5842
15.25,0.5,247.53419
15.25,0.5,247.4842
15.25,0.5,247.4342
15.25,0.5,247.3842
15.25,0.5,247.3342
15.25,0.5,247.28419
15.25,0.5,247.2342
15.25,0.5,247.1842
15.25,0.5,247.1342
15.25,0.5,247.0842
15.25,0.5,247.03419
15.25,0.5,246.9842
15.25,0.5,246.9342
15.25,0.5,246.8842
15.25,0.5,246.8342
15.25,0.5,246.78419
15.25,0.5,246.7342
15.25,0.5,246.6842
15.75,0.5,248.42098
15.75,0.5,248.37098
15.75,0.5,248.32098
15.75,0.5,248.27098
15.75,0.5,248.22098
15.75,0.5,248.17098
15.75,0.5,248.12098
15.75,0.5,248.07098
15.75,0.5,248.02098
15.75,0.5,247.97098
15.75,0.5,247.92098
15.75,0.5,247.87098
15.75,0.5,247.82098
15.75,0.5,247.77098
15.75,0.5,247.72098
15.75,0.5,247.67098
15.75,0.5,247.62098
15.75,0.5,247.57098
15.75,0.5,247.52098
15.75,0.5,247.47098
15.75,0.5,247.42098
15.75,0.5,247.37098
15.75,0.5,247.32098
15.75,0.5,247.27098
15.75,0.5,247.22098
15.75,0.5,247.17098
15.75,0.5,247.12098
15.75,0.5,247.07098
15.75,0.5,247.02098
15.75,0.5,246.97098
15.75,0.5,246.92098
15.75,0.5,246.87098
15.75,0.5,246.82098
15.75,0.5,246.77098
15.75,0.5,246.72098
15.75,0.5,246.67098
16.25,0.5,248.40881
16.25,0.5,248.35881
16.25,0.5,248.30881
16.25,0.5,248.25881
16.25,0.5,248.20882
16.25,0.5,248.15881
16.25,0.5,248.10881
16.25,0.5,248.05881
16.25,0.5,248.00881
16.25,0.5,247.95882
16.25,0.5,247.90881
16.25,0.5,247.85881
16.25,0.5,247.80881
16.25,0.5,247.75881
16.25,0.5,247.70882
16.25,0.5,247.65881
16.25,0.5,247.60881
16.25,0.5,247.55881
16.25,0.5,247.50881
16.25,0.5,247.45882
16.25,0.5,247.40881
16.25,0.5,247.35881
16.25,0.5,247.30881
16.25,0.5,247.25881
16.25,0.5,247.20882
16.25,0.5,247.15881
16.25,0.5,247.10881
16.25,0.5,247.05881
16.25,0.5,247.00881
16.25,0.5,246.95882
16.25,0.5,246.90881
16.25,0.5,246.85881
16.25,0.5,246.80881
16.25,0.5,246.75881
16.25,0.5,246.70882
16.25,0.5,246.65881
14.75,0.5,246.64819
14.75,0.5,246.59819
14.75,0.5,246.54819
14.75,0.5,246.4982
14.75,0.5,246.3232
14.75,0.5,245.77319
14.75,0.5,244.72319
14.75,0.5,243.17319
14.75,0.5,241.1232
14.75,0.5,238.5732
14.75,0.5,235.52319
14.75,0.5,231.97319
15.25,0.5,246.6342
15.25,0.5,246.5842
15.25,0.5,246.53419
15.25,0.5,246.4842
15.25,0.5,246.3092
15.25,0.5,245.7592
15.25,0.5,244.7092
15.25,0.5,243.15919
15.25,0.5,241.1092
15.25,0.5,238.5592
15.25,0.5,235.5092
15.25,0.5,231.9592
15.75,0.5,246.62098
15.75,0.5,246.57098
15.75,0.5,246.52098
15.75,0.5,246.47098
15.75,0.5,246.29598
15.75,0.5,245.74598
15.75,0.5,244.69598
15.75,0.5,243.14598
15.75,0.5,241.09598
15.75,0.5,238.54598
15.75,0.5,235.49598
15.75,0.5,231.94598
16.25,0.5,246.60881
16.25,0.5,246.55881
16.25,0.5,246.50881
16.25,0.5,246.45882
16.25,0.5,246.28381
16.25,0.5,245.73381
16.25,0.5,244.68381
16.25,0.5,243.13381
16.25,0.5,241.08382
16.25,0.5,238.53381
16.25,0.5,235.48381
16.25,0.5,231.93381
16.75,0.5,248.39693
16.75,0.5,248.34692
16.75,0.5,248.29692
16.75,0.5,248.24693
16.75,0.5,248.19693
16.75,0.5,248.14693
16.75,0.5,248.09692
16.75,0.5,248.04692
16.75,0.5,247.99693
16.75,0.5,247.94693
16.75,0.5,247.89693
16.75,0.5,247.84692
16.75,0.5,247.79692
16.75,0.5,247.74693
16.75,0.5,247.69693
16.75,0.5,247.64693
16.75,0.5,247.59692
16.75,0.5,247.54692
16.75,0.5,247.49693
16.75,0.5,247.44693
16.75,0.5,247.39693
16.75,0.5,247.34692
16.75,0.5,247.29692
16.75,0.5,247.24693
16.75,0.5,247.19693
16.75,0.5,247.14693
16.75,0.5,247.09692
16.75,0.5,247.04692
16.75,0.5,246.99693
16.75,0.5,246.94693
16.75,0.5,246.89693
16.75,0.5,246.84692
16.75,0.5,246.79692
16.75,0.5,246.74693
16.75,0.5,246.69693
16.75,0.5,246.64693
17.25,0.5,248.38504
17.25,0.5,248.33504
17.25,0.5,248.28504
17.25,0.5,248.23504
17.25,0.5,248.18504
17.25,0.5,248.13504
17.25,0.5,248.08504
17.25,0.5,248.03504
17.25,0.5,247.98504
17.25,0.5,247.93504
17.25,0.5,247.88504
17.25,0.5,247.83504
17.25,0.5,247.78504
17.25,0.5,247.73504
17.25,0.5,247.68504
17.25,0.5,247.63504
17.25,0.5,247.58504
17.25,0.5,247.53504
17.25,0.5,247.48504
17.25,0.5,247.43504
17.25,0.5,247.38504
17.25,0.5,247.33504
17.25,0.5,247.28504
17.25,0.5,247.23504
17.25,0.5,247.18504
17.25,0.5,247.13504
17.25,0.5,247.08504
17.25,0.5,247.03504
17.25,0.5,246.98504
17.25,0.5,246.93504
17.25,0.5,246.88504
17.25,0.5,246.83504
17.25,0.5,246.78504
17.25,0.5,246.73504
17.25,0.5,246.68504
17.25,0.5,246.63504
17.75,0.5,248.37315
17.75,0.5,248.32315
17.75,0.5,248.27316
17.75,0.5,248.22316
17.75,0.5,248.17316
17.75,0.5,248.12315
17.75,0.5,248.07315
17.75,0.5,248.02316
17.75,0.5,247.97316
17.75,0.5,247.92316
17.75,0.5,247.87315
17.75,0.5,247.82315
17.75,0.5,247.77316
17.75,0.5,247.72316
17.75,0.5,247.67316
17.75,0.5,247.62315
17.75,0.5,247.57315
17.75,0.5,247.52316
17.75,0.5,247.47316
17.75,0.5,247.42316
17.75,0.5,247.37315
17.75,0.5,247.32315
17.75,0.5,247.27316
17.75,0.5,247.22316
17.75,0.5,247.17316
17.75,0.5,247.12315
17.75,0.5,247.07315
17.75,0.5,247.02316
17.75,0.5,246.97316
17.75,0.5,246.92316
17.75,0.5,246.87315
17.75,0.5,246.82315
17.75,0.5,246.77316
17.75,0.5,246.72316
17.75,0.5,246.67316
17.75,0.5,246.62315
18.25,0.5,248.36127
18.25,0.5,248.31126
18.25,0.5,248.26127
18.25,0.5,248.21127
18.25,0.5,248.16127
18.25,0.5,248.11127
18.25,0.5,248.06126
18.25,0.5,248.01127
18.25,0.5,247.96127
18.25,0.5,247.91127
18.25,0.5,247.86127
18.25,0.5,247.81126
18.25,0.5,247.76127
18.25,0.5,247.71127
18.25,0.5,247.66127
18.25,0.5,247.61127
18.25,0.5,247.56126
18.25,0.5,247.51127
18.25,0.5,247.46127
18.25,0.5,247.41127
18.25,0.5,247.36127
18.25,0.5,247.31126
18.25,0.5,247.26127
18.25,0.5,247.21127
18.25,0.5,247.16127
18.25,0.5,247.11127
18.25,0.5,247.06126
18.25,0.5,247.01127
18.25,0.5,246.96127
18.25,0.5,246.91127
18.25,0.5,246.86127
18.25,0.5,246.81126
18.25,0.5,246.76127
18.25,0.5,246.71127
18.25,0.5,246.66127
18.25,0.5,246.61127
16.75,0.5,246.59692
16.75,0.5,246.54692
16.75,0.5,246.49693
16.75,0.5,246.44693
16.75,0.5,246.27193
16.75,0.5,245.72192
16.75,0.5,244.67192
16.75,0.5,243.12193
16.75,0.5,241.07193
16.75,0.5,238.52193
16.75,0.5,235.47192
16.75,0.5,231.92192
17.25,0.5,246.58504
17.25,0.5,246.53504
17.25,0.5,246.48504
17.25,0.5,246.43504
17.25,0.5,246.26004
17.25,0.5,245.71004
17.25,0.5,244.66004
17.25,0.5,243.11004
17.25,0.5,241.06004
17.25,0.5,238.51004
17.25,0.5,235.46004
17.25,0.5,231.91004
17.75,0.5,246.57315
17.75,0.5,246.52316
17.75,0.5,246.47316
17.75,0.5,246.42316
17.75,0.5,246.24815
17.75,0.5,245.69815
17.75,0.5,244.64816
17.75,0.5,243.09816
17.75,0.5,241.04816
17.75,0.5,238.49815
17.75,0.5,235.44815
17.75,0.5,231.89816
18.25,0.5,246.56126
18.25,0.5,246.51127
18.25,0.5,246.46127
18.25,0.5,246.41127
18.25,0.5,246.23627
18.25,0.5,245.68626
18.25,0.5,244.63627
18.25,0.5,243.08627
18.25,0.5,241.03627
18.25,0.5,238.48627
18.25,0.5,235.43626
18.25,0.5,231.88627
18.75,0.5,248.34938
18.75,0.5,248.29938
18.75,0.5,248.24938
18.75,0.5,248.19939
18.75,0.5,248.14938
18.75,0.5,248.09938
18.75,0.5,248.04938
18.75,0.5,247.99938
18.75,0.5,247.94939
18.75,0.5,247.89938
18.75,0.5,247.84938
18.75,0.5,247.79938
18.75,0.5,247.74938
18.75,0.5,247.69939
18.75,0.5,247.64938
18.75,0.5,247.59938
18.75,0.5,247.54938
18.75,0.5,247.49938
18.75,0.5,247.44939
18.75,0.5,247.39938
18.75,0.5,247.34938
18.75,0.5,247.29938
18.75,0.5,247.24938
18.75,0.5,247.19939
18.75,0.5,247.14938
18.75,0.5,247.09938
18.75,0.5,247.04938
18.75,0.5,246.99938
18.75,0.5,246.94939
18.75,0.5,246.89938
18.75,0.5,246.84938
18.75,0.5,246.79938
18.75,0.5,246.74938
18.75,0.5,246.69939
18.75,0.5,246.64938
18.75,0.5,246.59938
19.25,0.5,248.33749
19.25,0.5,248.28749
19.25,0.5,248.2375
19.25,0.5,248.1875
19.25,0.5,248.1375
19.25,0.5,248.08749
19.25,0.5,248.03749
19.25,0.5,247.9875
19.25,0.5,247.9375
19.25,0.5,247.8875
19.25,0.5,247.83749
19.25,0.5,247.78749
19.25,0.5,247.7375
19.25,0.5,247.6875
19.25,0.5,247.6375
19.25,0.5,247.58749
19.25,0.5,247.53749
19.25,0.5,247.4875
19.25,0.5,247.4375
19.25,0.5,247.3875
19.25,0.5,247.33749
19.25,0.5,247.28749
19.25,0.5,247.2375
19.25,0.5,247.1875
19.25,0.5,247.1375
19.25,0.5,247.08749
19.25,0.5,247.03749
19.25,0.5,246.9875
19.25,0.5,246.9375
19.25,0.5,246.8875
19.25,0.5,246.83749
19.25,0.5,246.78749
19.25,0.5,246.7375
19.25,0.5,246.6875
19.25,0.5,246.6375
19.25,0.5,246.58749
19.75,0.5,248.32551
19.75,0.5,248.27551
19.75,0.5,248.22551
19.75,0.5,248.17551
19.75,0.5,248.12551
19.75,0.5,248.07551
19.75,0.5,248.02551
19.75,0.5,247.97551
19.75,0.5,247.92551
19.75,0.5,247.87551
19.75,0.5,247.82551
19.75,0.5,247.77551
19.75,0.5,247.72551
19.75,0.5,247.67551
19.75,0.5,247.62551
19.75,0.5,247.57551
19.75,0.5,247.52551
19.75,0.5,247.47551
19.75,0.5,247.42551
19.75,0.5,247.37551
19.75,0.5,247.32551
19.75,0.5,247.27551
19.75,0.5,247.22551
19.75,0.5,247.17551
19.75,0.5,247.12551
19.75,0.5,247.07551
19.75,0.5,247.02551
19.75,0.5,246.97551
19.75,0.5,246.92551
19.75,0.5,246.87551
19.75,0.5,246.82551
19.75,0.5,246.77551
19.75,0.5,246.72551
19.75,0.5,246.67551
19.75,0.5,246.62551
19.75,0.5,246.57551
20.25,0.5,248.31342
20.25,0.5,248.26341
20.25,0.5,248.21342
20.25,0.5,248.16342
20.25,0.5,248.11342
20.25,0.5,248.06342
20.25,0.5,248.01341
20.25,0.5,247.96342
20.25,0.5,247.91342
20.25,0.5,247.86342
20.25,0.5,247.81342
20.25,0.5,247.76341
20.25,0.5,247.71342
20.25,0.5,247.66342
20.25,0.5,247.61342
20.25,0.5,247.56342
20.25,0.5,247.51341
20.25,0.5,247.46342
20.25,0.5,247.41342
20.25,0.5,247.36342
20.25,0.5,247.31342
20.25,0.5,247.26341
20.25,0.5,247.21342
20.25,0.5,247.16342
20.25,0.5,247.11342
20.25,0.5,247.06342
20.25,0.5,247.01341
20.25,0.5,246.96342
20.25,0.5,246.91342
20.25,0.5,246.86342
20.25,0.5,246.81342
20.25,0.5,246.76341
20.25,0.5,246.71342
20.25,0.5,246.66342
20.25,0.5,246.61342
20.25,0.5,246.56342
18.75,0.5,246.54938
18.75,0.5,246.49938
18.75,0.5,246.44939
18.75,0.5,246.39938
18.75,0.5,246.22438
18.75,0.5,245.67438
18.75,0.5,244.62438
18.75,0.5,243.07439
18.75,0.5,241.02438
18.75,0.5,238.47438
18.75,0.5,235.42438
18.75,0.5,231.87438
19.25,0.5,246.53749
19.25,0.5,246.4875
19.25,0.5,246.4375
19.25,0.5,246.3875
19.25,0.5,246.21249
19.25,0.5,245.66249
19.25,0.5,244.6125
19.25,0.5,243.0625
19.25,0.5,241.0125
19.25,0.5,238.46249
19.25,0.5,235.41249
19.25,0.5,231.8625
19.75,0.5,246.52551
19.75,0.5,246.47551
19.75,0.5,246.42551
19.75,0.5,246.37551
19.75,0.5,246.20051
19.75,0.5,245.65051
19.75,0.5,244.60051
19.75,0.5,243.05051
19.75,0.5,241.00051
19.75,0.5,238.45051
19.75,0.5,235.40051
19.75,0.5,231.85051
20.25,0.5,246.51341
20.25,0.5,246.46342
20.25,0.5,246.41342
20.25,0.5,246.36342
20.25,0.5,246.18842
20.25,0.5,245.63841
20.25,0.5,244.58842
20.25,0.5,243.03842
20.25,0.5,240.98842
20.25,0.5,238.43842
20.25,0.5,235.38841
20.25,0.5,231.83842
20.75,0.5,248.30132
20.75,0.5,248.25131
20.75,0.5,248.20131
20.75,0.5,248.15132
20.75,0.5,248.10132
20.75,0.5,248.05132
20.75,0.5,248.00131
20.75,0.5,247.95131
20.75,0.5,247.90132
20.75,0.5,247.85132
20.75,0.5,247.80132
20.75,0.5,247.75131
20.75,0.5,247.70131
20.75,0.5,247.65132
20.75,0.5,247.60132
20.75,0.5,247.55132
20.75,0.5,247.50131
20.75,0.5,247.45131
20.75,0.5,247.40132
20.75,0.5,247.35132
20.75,0.5,247.30132
20.75,0.5,247.25131
20.75,0.5,247.20131
20.75,0.5,247.15132
20.75,0.5,247.10132
20.75,0.5,247.05132
20.75,0.5,247.00131
20.75,0.5,246.95131
20.75,0.5,246.90132
20.75,0.5,246.85132
20.75,0.5,246.80132
20.75,0.5,246.75131
20.75,0.5,246.70131
20.75,0.5,246.65132
20.75,0.5,246.60132
20.75,0.5,246.55132
21.25,0.5,248.28922
21.25,0.5,248.23921
21.25,0.5,248.18921
21.25,0.5,248.13921
21.25,0.5,248.08921
21.25,0.5,248.03922
21.25,0.5,247.98921
21.25,0.5,247.93921
21.25,0.5,247.88921
21.25,0.5,247.83921
21.25,0.5,247.78922
21.25,0.5,247.73921
21.25,0.5,247.68921
21.25,0.5,247.63921
21.25,0.5,247.58921
21.25,0.5,247.53922
21.25,0.5,247.48921
21.25,0.5,247.43921
21.25,0.5,247.38921
21.25,0.5,247.33921
21.25,0.5,247.28922
21.25,0.5,247.23921
21.25,0.5,247.18921
21.25,0.5,247.13921
21.25,0.5,247.08921
21.25,0.5,247.03922
21.25,0.5,246.98921
21.25,0.5,246.93921
21.25,0.5,246.88921
21.25,0.5,246.83921
21.25,0.5,246.78922
21.25,0.5,246.73921
21.25,0.5,246.68921
21.25,0.5,246.63921
21.25,0.5,246.58921
21.25,0.5,246.53922
21.75,0.5,248.27711
21.75,0.5,248.22711
21.75,0.5,248.17711
21.75,0.5,248.12711
21.75,0.5,248.07711
21.75,0.5,248.02711
21.75,0.5,247.97711
21.75,0.5,247.92711
21.75,0.5,247.87711
21.75,0.5,247.82711
21.75,0.5,247.77711
21.75,0.5,247.72711
21.75,0.5,247.67711
21.75,0.5,247.62711
21.75,0.5,247.57711
21.75,0.5,247.52711
21.75,0.5,247.47711
21.75,0.5,247.42711
21.75,0.5,247.37711
21.75,0.5,247.32711
21.75,0.5,247.27711
21.75,0.5,247.22711
21.75,0.5,247.17711
21.75,0.5,247.12711
21.75,0.5,247.07711
21.75,0.5,247.02711
21.75,0.5,246.97711
21.75,0.5,246.92711
21.75,0.5,246.87711
21.75,0.5,246.82711
21.75,0.5,246.77711
21.75,0.5,246.72711
21.75,0.5,246.67711
21.75,0.5,246.62711
21.75,0.5,246.57711
21.75,0.5,246.52711
22.25,0.5,248.265
22.25,0.5,248.21501
22.25,0.5,248.16501
22.25,0.5,248.11501
22.25,0.5,248.065
22.25,0.5,248.015
22.25,0.5,247.96501
22.25,0.5,247.91501
22.25,0.5,247.86501
22.25,0.5,247.815
22.25,0.5,247.765
22.25,0.5,247.71501
22.25,0.5,247.66501
22.25,0.5,247.61501
22.25,0.5,247.565
22.25,0.5,247.515
22.25,0.5,247.46501
22.25,0.5,247.41501
22.25,0.5,247.36501
22.25,0.5,247.315
22.25,0.5,247.265
22.25,0.5,247.21501
22.25,0.5,247.16501
22.25,0.5,247.11501
22.25,0.5,247.065
22.25,0.5,247.015
22.25,0.5,246.96501
22.25,0.5,246.91501
22.25,0.5,246.86501
22.25,0.5,246.815
22.25,0.5,246.765
22.25,0.5,246.71501
22.25,0.5,246.66501
22.25,0.5,246.61501
22.25,0.5,246.565
22.25,0.5,246.515
20.75,0.5,246.50131
20.75,0.5,246.45131
20.75,0.5,246.40132
20.75,0.5,246.35132
20.75,0.5,246.17632
20.75,0.5,245.62631
20.75,0.5,244.57631
20.75,0.5,243.02632
20.75,0.5,240.97632
20.75,0.5,238.42632
20.75,0.5,235.37631
20.75,0.5,231.82631
21.25,0.5,246.48921
21.25,0.5,246.43921
21.25,0.5,246.38921
21.25,0.5,246.33921
21.25,0.5,246.16422
21.25,0.5,245.61421
21.25,0.5,244.56421
21.25,0.5,243.01421
21.25,0.5,240.96421
21.25,0.5,238.41422
21.25,0.5,235.36421
21.25,0.5,231.81421
21.75,0.5,246.47711
21.75,0.5,246.42711
21.75,0.5,246.37711
21.75,0.5,246.32711
21.75,0.5,246.15211
21.75,0.5,245.60211
21.75,0.5,244.55211
21.75,0.5,243.00211
21.75,0.5,240.95211
21.75,0.5,238.40211
21.75,0.5,235.35211
21.75,0.5,231.80211
22.25,0.5,246.46501
22.25,0.5,246.41501
22.25,0.5,246.36501
22.25,0.5,246.315
22.25,0.5,246.14
22.25,0.5,245.59001
22.25,0.5,244.54001
22.25,0.5,242.99001
22.25,0.5,240.94
22.25,0.5,238.39
22.25,0.5,235.34001
22.25,0.5,231.79001
22.75,0.5,248.2529
22.75,0.5,248.2029
22.75,0.5,248.1529
22.75,0.5,248.10291
22.75,0.5,248.0529
22.75,0.5,248.0029
22.75,0.5,247.9529
22.75,0.5,247.9029
22.75,0.5,247.85291
22.75,0.5,247.8029
22.75,0.5,247.7529
22.75,0.5,247.7029
22.75,0.5,247.6529
22.75,0.5,247.60291
22.75,0.5,247.5529
22.75,0.5,247.5029
22.75,0.5,247.4529
22.75,0.5,247.4029
22.75,0.5,247.35291
22.75,0.5,247.3029
22.75,0.5,247.2529
22.75,0.5,247.2029
22.75,0.5,247.1529
22.75,0.5,247.10291
22.75,0.5,247.0529
22.75,0.5,247.0029
22.75,0.5,246.9529
22.75,0.5,246.9029
22.75,0.5,246.85291
22.75,0.5,246.8029
22.75,0.5,246.7529
22.75,0.5,246.7029
22.75,0.5,246.6529
22.75,0.5,246.60291
22.75,0.5,246.5529
22.75,0.5,246.5029
23.25,0.5,248.24075
23.25,0.5,248.19075
23.25,0.5,248.14075
23.25,0.5,248.09075
23.25,0.5,248.04075
23.25,0.5,247.99075
23.25,0.5,247.94075
23.25,0.5,247.89075
23.25,0.5,247.84075
23.25,0.5,247.79075
23.25,0.5,247.74075
23.25,0.5,247.69075
23.25,0.5,247.64075
23.25,0.5,247.59075
23.25,0.5,247.54075
23.25,0.5,247.49075
23.25,0.5,247.44075
23.25,0.5,247.39075
23.25,0.5,247.34075
23.25,0.5,247.29075
23.25,0.5,247.24075
23.25,0.5,247.19075
23.25,0.5,247.14075
23.25,0.5,247.09075
23.25,0.5,247.04075
23.25,0.5,246.99075
23.25,0.5,246.94075
23.25,0.5,246.89075
23.25,0.5,246.84075
23.25,0.5,246.79075
23.25,0.5,246.74075
23.25,0.5,246.69075
23.25,0.5,246.64075
23.25,0.5,246.59075
23.25,0.5,246.54075
23.25,0.5,246.49075
23.75,0.5,248.22814
23.75,0.5,248.17814
23.75,0.5,248.12814
23.75,0.5,248.07814
23.75,0.5,248.02814
23.75,0.5,247.97814
23.75,0.5,247.92814
23.75,0.5,247.87814
23.75,0.5,247.82814
23.75,0.5,247.77814
23.75,0.5,247.72814
23.75,0.5,247.67814
23.75,0.5,247.62814
23.75,0.5,247.57814
23.75,0.5,247.52814
23.75,0.5,247.47814
23.75,0.5,247.42814
23.75,0.5,247.37814
23.75,0.5,247.32814
23.75,0.5,247.27814
23.75,0.5,247.22814
23.75,0.5,247.17814
23.75,0.5,247.12814
23.75,0.5,247.07814
23.75,0.5,247.02814
23.75,0.5,246.97814
23.75,0.5,246.92814
23.75,0.5,246.87814
23.75,0.5,246.82814
23.75,0.5,246.77814
23.75,0.5,246.72814
23.75,0.5,246.67814
23.75,0.5,246.62814
23.75,0.5,246.57814
23.75,0.5,246.52814
23.75,0.5,246.47814
24.25,0.5,248.21511
24.25,0.5,248.16512
24.25,0.5,248.11512
24.25,0.5,248.06512
24.25,0.5,248.01511
24.25,0.5,247.96511
24.25,0.5,247.91512
24.25,0.5,247.86512
24.25,0.5,247.81512
24.25,0.5,247.76511
24.25,0.5,247.71511
24.25,0.5,247.66512
24.25,0.5,247.61512
24.25,0.5,247.56512
24.25,0.5,247.51511
24.25,0.5,247.46511
24.25,0.5,247.41512
24.25,0.5,247.36512
24.25,0.5,247.31512
24.25,0.5,247.26511
24.25,0.5,247.21511
24.25,0.5,247.16512
24.25,0.5,247.11512
24.25,0.5,247.06512
24.25,0.5,247.01511
24.25,0.5,246.96511
24.25,0.5,246.91512
24.25,0.5,246.86512
24.25,0.5,246.81512
24.25,0.5,246.76511
24.25,0.5,246.71511
24.25,0.5,246.66512
24.25,0.5,246.61512
24.25,0.5,246.56512
24.25,0.5,246.51511
24.25,0.5,246.46511
24.75,0.5,248.20209
24.75,0.5,248.15209
24.75,0.5,248.10209
24.75,0.5,248.05209
24.75,0.5,248.00209
24.75,0.5,247.95209
24.75,0.5,247.90209
24.75,0.5,247.85209
24.75,0.5,247.80209
24.75,0.5,247.75209
24.75,0.5,247.70209
24.75,0.5,247.65209
24.75,0.5,247.60209
24.75,0.5,247.55209
24.75,0.5,247.50209
24.75,0.5,247.45209
24.75,0.5,247.40209
24.75,0.5,247.35209
24.75,0.5,247.30209
24.75,0.5,247.25209
24.75,0.5,247.20209
24.75,0.5,247.15209
24.75,0.5,247.10209
24.75,0.5,247.05209
24.75,0.5,247.00209
24.75,0.5,246.95209
24.75,0.5,246.90209
24.75,0.5,246.85209
24.75,0.5,246.80209
24.75,0.5,246.75209
24.75,0.5,246.70209
24.75,0.5,246.65209
24.75,0.5,246.60209
24.75,0.5,246.55209
24.75,0.5,246.50209
24.75,0.5,246.45209
22.75,0.5,246.4529
22.75,0.5,246.4029
22.75,0.5,246.35291
22.75,0.5,246.3029
22.75,0.5,246.1279
22.75,0.5,245.5779
22.75,0.5,244.5279
22.75,0.5,242.97791
22.75,0.5,240.9279
22.75,0.5,238.3779
22.75,0.5,235.3279
22.75,0.5,231.7779
23.25,0.5,246.44075
23.25,0.5,246.39075
23.25,0.5,246.34075
23.25,0.5,246.29075
23.25,0.5,246.11575
23.25,0.5,245.56575
23.25,0.5,244.51575
23.25,0.5,242.96575
23.25,0.5,240.91575
23.25,0.5,238.36575
23.25,0.5,235.31575
23.25,0.5,231.76575
23.75,0.5,246.42814
23.75,0.5,246.37814
23.75,0.5,246.32814
23.75,0.5,246.27814
23.75,0.5,246.10314
23.75,0.5,245.55314
23.75,0.5,244.50314
23.75,0.5,242.95314
23.75,0.5,240.90314
23.75,0.5,238.35314
23.75,0.5,235.30314
23.75,0.5,231.75314
24.25,0.5,246.41512
24.25,0.5,246.36512
24.25,0.5,246.31512
24.25,0.5,246.26511
24.25,0.5,246.09011
24.25,0.5,245.54012
24.25,0.5,244.49012
24.25,0.5,242.94012
24.25,0.5,240.89011
24.25,0.5,238.34011
24.25,0.5,235.29012
24.25,0.5,231.74012
24.75,0.5,246.40209
24.75,0.5,246.35209
24.75,0.5,246.30209
24.75,0.5,246.25209
24.75,0.5,246.07709
24.75,0.5,245.52709
24.75,0.5,244.47709
24.75,0.5,242.92709
24.75,0.5,240.87709
24.75,0.5,238.32709
24.75,0.5,235.27709
24.75,0.5,231.72709
25.25,0.5,248.18906
25.25,0.5,248.13906
25.25,0.5,248.08907
25.25,0.5,248.03907
25.25,0.5,247.98907
25.25,0.5,247.93906
25.25,0.5,247.88906
25.25,0.5,247.83907
25.25,0.5,247.78907
25.25,0.5,247.73907
25.25,0.5,247.68906
25.25,0.5,247.63906
25.25,0.5,247.58907
25.25,0.5,247.53907
25.25,0.5,247.48907
25.25,0.5,247.43906
25.25,0.5,247.38906
25.25,0.5,247.33907
25.25,0.5,247.28907
25.25,0.5,247.23907
25.25,0.5,247.18906
25.25,0.5,247.13906
25.25,0.5,247.08907
25.25,0.5,247.03907
25.25,0.5,246.98907
25.25,0.5,246.93906
25.25,0.5,246.88906
25.25,0.5,246.83907
25.25,0.5,246.78907
25.25,0.5,246.73907
25.25,0.5,246.68906
25.25,0.5,246.63906
25.25,0.5,246.58907
25.25,0.5,246.53907
25.25,0.5,246.48907
25.25,0.5,246.43906
25.75,0.5,248.17604
25.75,0.5,248.12604
25.75,0.5,248.07604
25.75,0.5,248.02604
25.75,0.5,247.97604
25.75,0.5,247.92604
25.75,0.5,247.87604
25.75,0.5,247.82604
25.75,0.5,247.77604
25.75,0.5,247.72604
25.75,0.5,247.67604
25.75,0.5,247.62604
25.75,0.5,247.57604
25.75,0.5,247.52604
25.75,0.5,247.47604
25.75,0.5,247.42604
25.75,0.5,247.37604
25.75,0.5,247.32604
25.75,0.5,247.27604
25.75,0.5,247.22604
25.75,0.5,247.17604
25.75,0.5,247.12604
25.75,0.5,247.07604
25.75,0.5,247.02604
25.75,0.5,246.97604
25.75,0.5,246.92604
25.75,0.5,246.87604
25.75,0.5,246.82604
25.75,0.5,246.77604
25.75,0.5,246.72604
25.75,0.5,246.67604
25.75,0.5,246.62604
25.75,0.5,246.57604
25.75,0.5,246.52604
25.75,0.5,246.47604
25.75,0.5,246.42604
26.25,0.5,248.16302
26.25,0.5,248.11301
26.25,0.5,248.06301
26.25,0.5,248.01302
26.25,0.5,247.96302
26.25,0.5,247.91302
26.25,0.5,247.86301
26.25,0.5,247.81301
26.25,0.5,247.76302
26.25,0.5,247.71302
26.25,0.5,247.66302
26.25,0.5,247.61301
26.25,0.5,247.56301
26.25,0.5,247.51302
26.25,0.5,247.46302
26.25,0.5,247.41302
26.25,0.5,247.36301
26.25,0.5,247.31301
26.25,0.5,247.26302
26.25,0.5,247.21302
26.25,0.5,247.16302
26.25,0.5,247.11301
26.25,0.5,247.06301
26.25,0.5,247.01302
26.25,0.5,246.96302
26.25,0.5,246.91302
26.25,0.5,246.86301
26.25,0.5,246.81301
26.25,0.5,246.76302
26.25,0.5,246.71302
26.25,0.5,246.66302
26.25,0.5,246.61301
26.25,0.5,246.56301
26.25,0.5,246.51302
26.25,0.5,246.46302
26.25,0.5,246.41302
26.75,0.5,248.14999
26.75,0.5,248.09999
26.75,0.5,248.04999
26.75,0.5,247.99999
26.75,0.5,247.94999
26.75,0.5,247.89999
26.75,0.5,247.84999
26.75,0.5,247.79999
26.75,0.5,247.74999
26.75,0.5,247.69999
26.75,0.5,247.64999
26.75,0.5,247.59999
26.75,0.5,247.54999
26.75,0.5,247.49999
26.75,0.5,247.44999
26.75,0.5,247.39999
26.75,0.5,247.34999
26.75,0.5,247.29999
26.75,0.5,247.24999
26.75,0.5,247.19999
26.75,0.5,247.14999
26.75,0.5,247.09999
26.75,0.5,247.04999
26.75,0.5,246.99999
26.75,0.5,246.94999
26.75,0.5,246.89999
26.75,0.5,246.84999
26.75,0.5,246.79999
26.75,0.5,246.74999
26.75,0.5,246.69999
26.75,0.5,246.64999
26.75,0.5,246.59999
26.75,0.5,246.54999
26.75,0.5,246.49999
26.75,0.5,246.44999
26.75,0.5,246.39999
25.25,0.5,246.38906
25.25,0.5,246.33907
25.25,0.5,246.28907
25.25,0.5,246.23907
25.25,0.5,246.06406
25.25,0.5,245.51406
25.25,0.5,244.46407
25.25,0.5,242.91407
25.25,0.5,240.86407
25.25,0.5,238.31406
25.25,0.5,235.26406
25.25,0.5,231.71407
25.75,0.5,246.37604
25.75,0.5,246.32604
25.75,0.5,246.27604
25.75,0.5,246.22604
25.75,0.5,246.05104
25.75,0.5,245.50104
25.75,0.5,244.45104
25.75,0.5,242.90104
25.75,0.5,240.85104
25.75,0.5,238.30104
25.75,0.5,235.25104
25.75,0.5,231.70104
26.25,0.5,246.36301
26.25,0.5,246.31301
26.25,0.5,246.26302
26.25,0.5,246.21302
26.25,0.5,246.03802
26.25,0.5,245.48801
26.25,0.5,244.43801
26.25,0.5,242.88802
26.25,0.5,240.83802
26.25,0.5,238.28802
26.25,0.5,235.23801
26.25,0.5,231.68801
26.75,0.5,246.34999
26.75,0.5,246.29999
26.75,0.5,246.24999
26.75,0.5,246.19999
26.75,0.5,246.02499
26.75,0.5,245.47499
26.75,0.5,244.42499
26.75,0.5,242.87499
26.75,0.5,240.82499
26.75,0.5,238.27499
26.75,0.5,235.22499
26.75,0.5,231.67499
27.25,0.5,248.13649
27.25,0.5,248.08649
27.25,0.5,248.03648
27.25,0.5,247.98648
27.25,0.5,247.93648
27.25,0.5,247.88649
27.25,0.5,247.83649
27.25,0.5,247.78648
27.25,0.5,247.73648
27.25,0.5,247.68648
27.25,0.5,247.63649
27.25,0.5,247.58649
27.25,0.5,247.53648
27.25,0.5,247.48648
27.25,0.5,247.43648
27.25,0.5,247.38649
27.25,0.5,247.33649
27.25,0.5,247.28648
27.25,0.5,247.23648
27.25,0.5,247.18648
27.25,0.5,247.13649
27.25,0.5,247.08649
27.25,0.5,247.03648
27.25,0.5,246.98648
27.25,0.5,246.93648
27.25,0.5,246.88649
27.25,0.5,246.83649
27.25,0.5,246.78648
27.25,0.5,246.73648
27.25,0.5,246.68648
27.25,0.5,246.63649
27.25,0.5,246.58649
27.25,0.5,246.53648
27.25,0.5,246.48648
27.25,0.5,246.43648
27.25,0.5,246.38649
27.75,0.5,248.1213
27.75,0.5,248.0713
27.75,0.5,248.0213
27.75,0.5,247.9713
27.75,0.5,247.9213
27.75,0.5,247.8713
27.75,0.5,247.8213
27.75,0.5,247.7713
27.75,0.5,247.7213
27.75,0.5,247.6713
27.75,0.5,247.6213
27.75,0.5,247.5713
27.75,0.5,247.5213
27.75,0.5,247.4713
27.75,0.5,247.4213
27.75,0.5,247.3713
27.75,0.5,247.3213
27.75,0.5,247.2713
27.75,0.5,247.2213
27.75,0.5,247.1713
27.75,0.5,247.1213
27.75,0.5,247.0713
27.75,0.5,247.0213
27.75,0.5,246.9713
27.75,0.5,246.9213
27.75,0.5,246.8713
27.75,0.5,246.8213
27.75,0.5,246.7713
27.75,0.5,246.7213
27.75,0.5,246.6713
27.75,0.5,246.6213
27.75,0.5,246.5713
27.75,0.5,246.5213
27.75,0.5,246.4713
27.75,0.5,246.4213
27.75,0.5,246.3713
28.25,0.5,248.10492
28.25,0.5,248.05493
28.25,0.5,248.00493
28.25,0.5,247.95493
28.25,0.5,247.90492
28.25,0.5,247.85492
28.25,0.5,247.80493
28.25,0.5,247.75493
28.25,0.5,247.70493
28.25,0.5,247.65492
28.25,0.5,247.60492
28.25,0.5,247.55493
28.25,0.5,247.50493
28.25,0.5,247.45493
28.25,0.5,247.40492
28.25,0.5,247.35492
28.25,0.5,247.30493
28.25,0.5,247.25493
28.25,0.5,247.20493
28.25,0.5,247.15492
28.25,0.5,247.10492
28.25,0.5,247.05493
28.25,0.5,247.00493
28.25,0.5,246.95493
28.25,0.5,246.90492
28.25,0.5,246.85492
28.25,0.5,246.80493
28.25,0.5,246.75493
28.25,0.5,246.70493
28.25,0.5,246.65492
28.25,0.5,246.60492
28.25,0.5,246.55493
28.25,0.5,246.50493
28.25,0.5,246.45493
28.25,0.5,246.40492
28.25,0.5,246.35492
28.75,0.5,248.08855
28.75,0.5,248.03855
28.75,0.5,247.98855
28.75,0.5,247.93855
28.75,0.5,247.88855
28.75,0.5,247.83855
28.75,0.5,247.78855
28.75,0.5,247.73855
28.75,0.5,247.68855
28.75,0.5,247.63855
28.75,0.5,247.58855
28.75,0.5,247.53855
28.75,0.5,247.48855
28.75,0.5,247.43855
28.75,0.5,247.38855
28.75,0.5,247.33855
28.75,0.5,247.28855
28.75,0.5,247.23855
28.75,0.5,247.18855
28.75,0.5,247.13855
28.75,0.5,247.08855
28.75,0.5,247.03855
28.75,0.5,246.98855
28.75,0.5,246.93855
28.75,0.5,246.88855
28.75,0.5,246.83855
28.75,0.5,246.78855
28.75,0.5,246.73855
28.75,0.5,246.68855
28.75,0.5,246.63855
28.75,0.5,246.58855
28.75,0.5,246.53855
28.75,0.5,246.48855
28.75,0.5,246.43855
28.75,0.5,246.38855
28.75,0.5,246.33855
27.25,0.5,246.33649
27.25,0.5,246.28648
27.25,0.5,246.23648
27.25,0.5,246.18648
27.25,0.5,246.01149
27.25,0.5,245.46149
27.25,0.5,244.41148
27.25,0.5,242.86148
27.25,0.5,240.81148
27.25,0.5,238.26149
27.25,0.5,235.21149
27.25,0.5,231.66148
27.75,0.5,246.3213
27.75,0.5,246.2713
27.75,0.5,246.2213
27.75,0.5,246.1713
27.75,0.5,245.9963
27.75,0.5,245.4463
27.75,0.5,244.3963
27.75,0.5,242.8463
27.75,0.5,240.7963
27.75,0.5,238.2463
27.75,0.5,235.1963
27.75,0.5,231.6463
28.25,0.5,246.30493
28.25,0.5,246.25493
28.25,0.5,246.20493
28.25,0.5,246.15492
28.25,0.5,245.97992
28.25,0.5,245.42993
28.25,0.5,244.37993
28.25,0.5,242.82993
28.25,0.5,240.77992
28.25,0.5,238.22992
28.25,0.5,235.17993
28.25,0.5,231.62993
28.75,0.5,246.28855
28.75,0.5,246.23855
28.75,0.5,246.18855
28.75,0.5,246.13855
28.75,0.5,245.96355
28.75,0.5,245.41355
28.75,0.5,244.36355
28.75,0.5,242.81355
28.75,0.5,240.76355
28.75,0.5,238.21355
28.75,0.5,235.16355
28.75,0.5,231.61355
29.25,0.5,248.07217
29.25,0.5,248.02217
29.25,0.5,247.97217
29.25,0.5,247.92218
29.25,0.5,247.87218
29.25,0.5,247.82217
29.25,0.5,247.77217
29.25,0.5,247.72217
29.25,0.5,247.67218
29.25,0.5,247.62218
29.25,0.5,247.57217
29.25,0.5,247.52217
29.25,0.5,247.47217
29.25,0.5,247.42218
29.25,0.5,247.37218
29.25,0.5,247.32217
29.25,0.5,247.27217
29.25,0.5,247.22217
29.25,0.5,247.17218
29.25,0.5,247.12218
29.25,0.5,247.07217
29.25,0.5,247.02217
29.25,0.5,246.97217
29.25,0.5,246.92218
29.25,0.5,246.87218
29.25,0.5,246.82217
29.25,0.5,246.77217
29.25,0.5,246.72217
29.25,0.5,246.67218
29.25,0.5,246.62218
29.25,0.5,246.57217
29.25,0.5,246.52217
29.25,0.5,246.47217
29.25,0.5,246.42218
29.25,0.5,246.37218
29.25,0.5,246.32217
29.75,0.5,248.0558
29.75,0.5,248.0058
29.75,0.5,247.9558
29.75,0.5,247.9058
29.75,0.5,247.8558
29.75,0.5,247.8058
29.75,0.5,247.7558
29.75,0.5,247.7058
29.75,0.5,247.6558
29.75,0.5,247.6058
29.75,0.5,247.5558
29.75,0.5,247.5058
29.75,0.5,247.4558
29.75,0.5,247.4058
29.75,0.5,247.3558
29.75,0.5,247.3058
29.75,0.5,247.2558
29.75,0.5,247.2058
29.75,0.5,247.1558
29.75,0.5,247.1058
29.75,0.5,247.0558
29.75,0.5,247.0058
29.75,0.5,246.9558
29.75,0.5,246.9058
29.75,0.5,246.8558
29.75,0.5,246.8058
29.75,0.5,246.7558
29.75,0.5,246.7058
29.75,0.5,246.6558
29.75,0.5,246.6058
29.75,0.5,246.5558
29.75,0.5,246.5058
29.75,0.5,246.4558
29.75,0.5,246.4058
29.75,0.5,246.3558
29.75,0.5,246.3058
30.25,0.5,248.03942
30.25,0.5,247.98943
30.25,0.5,247.93942
30.25,0.5,247.88942
30.25,0.5,247.83942
30.25,0.5,247.78942
30.25,0.5,247.73943
30.25,0.5,247.68942
30.25,0.5,247.63942
30.25,0.5,247.58942
30.25,0.5,247.53942
30.25,0.5,247.48943
30.25,0.5,247.43942
30.25,0.5,247.38942
30.25,0.5,247.33942
30.25,0.5,247.28942
30.25,0.5,247.23943
30.25,0.5,247.18942
30.25,0.5,247.13942
30.25,0.5,247.08942
30.25,0.5,247.03942
30.25,0.5,246.98943
30.25,0.5,246.93942
30.25,0.5,246.88942
30.25,0.5,246.83942
30.25,0.5,246.78942
30.25,0.5,246.73943
30.25,0.5,246.68942
30.25,0.5,246.63942
30.25,0.5,246.58942
30.25,0.5,246.53942
30.25,0.5,246.48943
30.25,0.5,246.43942
30.25,0.5,246.38942
30.25,0.5,246.33942
30.25,0.5,246.28942
30.75,0.5,248.02304
30.75,0.5,247.97305
30.75,0.5,247.92305
30.75,0.5,247.87305
30.75,0.5,247.82304
30.75,0.5,247.77304
30.75,0.5,247.72305
30.75,0.5,247.67305
30.75,0.5,247.62305
30.75,0.5,247.57304
30.75,0.5,247.52304
30.75,0.5,247.47305
30.75,0.5,247.42305
30.75,0.5,247.37305
30.75,0.5,247.32304
30.75,0.5,247.27304
30.75,0.5,247.22305
30.75,0.5,247.17305
30.75,0.5,247.12305
30.75,0.5,247.07304
30.75,0.5,247.02304
30.75,0.5,246.97305
30.75,0.5,246.92305
30.75,0.5,246.87305
30.75,0.5,246.82304
30.75,0.5,246.77304
30.75,0.5,246.72305
30.75,0.5,246.67305
30.75,0.5,246.62305
30.75,0.5,246.57304
30.75,0.5,246.52304
30.75,0.5,246.47305
30.75,0.5,246.42305
30.75,0.5,246.37305
30.75,0.5,246.32304
30.75,0.5,246.27304
29.25,0.5,246.27217
29.25,0.5,246.22217
29.25,0.5,246.17218
29.25,0.5,246.12218
29.25,0.5,245.94717
29.25,0.5,245.39717
29.25,0.5,244.34717
29.25,0.5,242.79718
29.25,0.5,240.74718
29.25,0.5,238.19717
29.25,0.5,235.14717
29.25,0.5,231.59717
29.75,0.5,246.2558
29.75,0.5,246.2058
29.75,0.5,246.1558
29.75,0.5,246.1058
29.75,0.5,245.9308
29.75,0.5,245.3808
29.75,0.5,244.3308
29.75,0.5,242.7808
29.75,0.5,240.7308
29.75,0.5,238.1808
29.75,0.5,235.1308
29.75,0.5,231.5808
30.25,0.5,246.23943
30.25,0.5,246.18942
30.25,0.5,246.13942
30.25,0.5,246.08942
30.25,0.5,245.91442
30.25,0.5,245.36443
30.25,0.5,244.31442
30.25,0.5,242.76442
30.25,0.5,240.71442
30.25,0.5,238.16442
30.25,0.5,235.11443
30.25,0.5,231.56442
30.75,0.5,246.22305
30.75,0.5,246.17305
30.75,0.5,246.12305
30.75,0.5,246.07304
30.75,0.5,245.89804
30.75,0.5,245.34805
30.75,0.5,244.29805
30.75,0.5,242.74805
30.75,0.5,240.69804
30.75,0.5,238.14804
30.75,0.5,235.09805
30.75,0.5,231.54805
31.25,0.5,248.00517
31.25,0.5,247.95517
31.25,0.5,247.90517
31.25,0.5,247.85517
31.25,0.5,247.80517
31.25,0.5,247.75517
31.25,0.5,247.70517
31.25,0.5,247.65517
31.25,0.5,247.60517
31.25,0.5,247.55517
31.25,0.5,247.50517
31.25,0.5,247.45517
31.25,0.5,247.40517
31.25,0.5,247.35517
31.25,0.5,247.30517
31.25,0.5,247.25517
31.25,0.5,247.20517
31.25,0.5,247.15517
31.25,0.5,247.10517
31.25,0.5,247.05517
31.25,0.5,247.00517
31.25,0.5,246.95517
31.25,0.5,246.90517
31.25,0.5,246.85517
31.25,0.5,246.80517
31.25,0.5,246.75517
31.25,0.5,246.70517
31.25,0.5,246.65517
31.25,0.5,246.60517
31.25,0.5,246.55517
31.25,0.5,246.50517
31.25,0.5,246.45517
31.25,0.5,246.40517
31.25,0.5,246.35517
31.25,0.5,246.30517
31.25,0.5,246.25517
31.75,0.5,247.98409
31.75,0.5,247.93409
31.75,0.5,247.88409
31.75,0.5,247.8341
31.75,0.5,247.7841
31.75,0.5,247.73409
31.75,0.5,247.68409
31.75,0.5,247.63409
31.75,0.5,247.5841
31.75,0.5,247.5341
31.75,0.5,247.48409
31.75,0.5,247.43409
31.75,0.5,247.38409
31.75,0.5,247.3341
31.75,0.5,247.2841
31.75,0.5,247.23409
31.75,0.5,247.18409
31.75,0.5,247.13409
31.75,0.5,247.0841
31.75,0.5,247.0341
31.75,0.5,246.98409
31.75,0.5,246.93409
31.75,0.5,246.88409
31.75,0.5,246.8341
31.75,0.5,246.7841
31.75,0.5,246.73409
31.75,0.5,246.68409
31.75,0.5,246.63409
31.75,0.5,246.5841
31.75,0.5,246.5341
31.75,0.5,246.48409
31.75,0.5,246.43409
31.75,0.5,246.38409
31.75,0.5,246.3341
31.75,0.5,246.2841
31.75,0.5,246.23409
32.25,0.5,247.96133
32.25,0.5,247.91133
32.25,0.5,247.86133
32.25,0.5,247.81133
32.25,0.5,247.76133
32.25,0.5,247.71133
32.25,0.5,247.66133
32.25,0.5,247.61133
32.25,0.5,247.56133
32.25,0.5,247.51133
32.25,0.5,247.46133
32.25,0.5,247.41133
32.25,0.5,247.36133
32.25,0.5,247.31133
32.25,0.5,247.26133
32.25,0.5,247.21133
32.25,0.5,247.16133
32.25,0.5,247.11133
32.25,0.5,247.06133
32.25,0.5,247.01133
32.25,0.5,246.96133
32.25,0.5,246.91133
32.25,0.5,246.86133
32.25,0.5,246.81133
32.25,0.5,246.76133
32.25,0.5,246.71133
32.25,0.5,246.66133
32.25,0.5,246.61133
32.25,0.5,246.56133
32.25,0.5,246.51133
32.25,0.5,246.46133
32.25,0.5,246.41133
32.25,0.5,246.36133
32.25,0.5,246.31133
32.25,0.5,246.26133
32.25,0.5,246.21133
32.75,0.5,247.93857
32.75,0.5,247.88857
32.75,0.5,247.83857
32.75,0.5,247.78857
32.75,0.5,247.73857
32.75,0.5,247.68857
32.75,0.5,247.63857
32.75,0.5,247.58857
32.75,0.5,247.53857
32.75,0.5,247.48857
32.75,0.5,247.43857
32.75,0.5,247.38857
32.75,0.5,247.33857
32.75,0.5,247.28857
32.75,0.5,247.23857
32.75,0.5,247.18857
32.75,0.5,247.13857
32.75,0.5,247.08857
32.75,0.5,247.03857
32.75,0.5,246.98857
32.75,0.5,246.93857
32.75,0.5,246.88857
32.75,0.5,246.83857
32.75,0.5,246.78857
32.75,0.5,246.73857
32.75,0.5,246.68857
32.75,0.5,246.63857
32.75,0.5,246.58857
32.75,0.5,246.53857
32.75,0.5,246.48857
32.75,0.5,246.43857
32.75,0.5,246.38857
32.75,0.5,246.33857
32.75,0.5,246.28857
32.75,0.5,246.23857
32.75,0.5,246.18857
31.25,0.5,246.20517
31.25,0.5,246.15517
31.25,0.5,246.10517
31.25,0.5,246.05517
31.25,0.5,245.88017
31.25,0.5,245.33017
31.25,0.5,244.28017
31.25,0.5,242.73017
31.25,0.5,240.68017
31.25,0.5,238.13017
31.25,0.5,235.08017
31.25,0.5,231.53017
31.75,0.5,246.18409
31.75,0.5,246.13409
31.75,0.5,246.0841
31.75,0.5,246.0341
31.75,0.5,245.85909
31.75,0.5,245.30909
31.75,0.5,244.25909
31.75,0.5,242.7091
31.75,0.5,240.6591
31.75,0.5,238.10909
31.75,0.5,235.05909
31.75,0.5,231.50909
32.25,0.5,246.16133
32.25,0.5,246.11133
32.25,0.5,246.06133
32.25,0.5,246.01133
32.25,0.5,245.83633
32.25,0.5,245.28633
32.25,0.5,244.23633
32.25,0.5,242.68633
32.25,0.5,240.63633
32.25,0.5,238.08633
32.25,0.5,235.03633
32.25,0.5,231.48633
32.75,0.5,246.13857
32.75,0.5,246.08857
32.75,0.5,246.03857
32.75,0.5,245.98857
32.75,0.5,245.81357
32.75,0.5,245.26357
32.75,0.5,244.21357
32.75,0.5,242.66357
32.75,0.5,240.61357
32.75,0.5,238.06357
32.75,0.5,235.01357
32.75,0.5,231.46357
33.25,0.5,247.91581
33.25,0.5,247.86581
33.25,0.5,247.81581
33.25,0.5,247.76581
33.25,0.5,247.71581
33.25,0.5,247.66581
33.25,0.5,247.61581
33.25,0.5,247.56581
33.25,0.5,247.51581
33.25,0.5,247.46581
33.25,0.5,247.41581
33.25,0.5,247.36581
33.25,0.5,247.31581
33.25,0.5,247.26581
33.25,0.5,247.21581
33.25,0.5,247.16581
33.25,0.5,247.11581
33.25,0.5,247.06581
33.25,0.5,247.01581
33.25,0.5,246.96581
33.25,0.5,246.91581
33.25,0.5,246.86581
33.25,0.5,246.81581
33.25,0.5,246.76581
33.25,0.5,246.71581
33.25,0.5,246.66581
33.25,0.5,246.61581
33.25,0.5,246.56581
33.25,0.5,246.51581
33.25,0.5,246.46581
33.25,0.5,246.41581
33.25,0.5,246.36581
33.25,0.5,246.31581
33.25,0.5,246.26581
33.25,0.5,246.21581
33.25,0.5,246.16581
33.75,0.5,247.89305
33.75,0.5,247.84305
33.75,0.5,247.79305
33.75,0.5,247.74305
33.75,0.5,247.69305
33.75,0.5,247.64305
33.75,0.5,247.59305
33.75,0.5,247.54305
33.75,0.5,247.49305
33.75,0.5,247.44305
33.75,0.5,247.39305
33.75,0.5,247.34305
33.75,0.5,247.29305
33.75,0.5,247.24305
33.75,0.5,247.19305
33.75,0.5,247.14305
33.75,0.5,247.09305
33.75,0.5,247.04305
33.75,0.5,246.99305
33.75,0.5,246.94305
33.75,0.5,246.89305
33.75,0.5,246.84305
33.75,0.5,246.79305
33.75,0.5,246.74305
33.75,0.5,246.69305
33.75,0.5,246.64305
33.75,0.5,246.59305
33.75,0.5,246.54305
33.75,0.5,246.49305
33.75,0.5,246.44305
33.75,0.5,246.39305
33.75,0.5,246.34305
33.75,0.5,246.29305
33.75,0.5,246.24305
33.75,0.5,246.19305
33.75,0.5,246.14305
34.25,0.5,247.87029
34.25,0.5,247.82029
34.25,0.5,247.77029
34.25,0.5,247.72029
34.25,0.5,247.67029
34.25,0.5,247.62029
34.25,0.5,247.57029
34.25,0.5,247.52029
34.25,0.5,247.47029
34.25,0.5,247.42029
34.25,0.5,247.37029
34.25,0.5,247.32029
34.25,0.5,247.27029
34.25,0.5,247.22029
34.25,0.5,247.17029
34.25,0.5,247.12029
34.25,0.5,247.07029
34.25,0.5,247.02029
34.25,0.5,246.97029
34.25,0.5,246.92029
34.25,0.5,246.87029
34.25,0.5,246.82029
34.25,0.5,246.77029
34.25,0.5,246.72029
34.25,0.5,246.67029
34.25,0.5,246.62029
34.25,0.5,246.57029
34.25,0.5,246.52029
34.25,0.5,246.47029
34.25,0.5,246.42029
34.25,0.5,246.37029
34.25,0.5,246.32029
34.25,0.5,246.27029
34.25,0.5,246.22029
34.25,0.5,246.17029
34.25,0.5,246.12029
34.75,0.5,247.84753
34.75,0.5,247.79753
34.75,0.5,247.74753
34.75,0.5,247.69753
34.75,0.5,247.64753
34.75,0.5,247.59753
34.75,0.5,247.54753
34.75,0.5,247.49753
34.75,0.5,247.44753
34.75,0.5,247.39753
34.75,0.5,247.34753
34.75,0.5,247.29753
34.75,0.5,247.24753
34.75,0.5,247.19753
34.75,0.5,247.14753
34.75,0.5,247.09753
34.75,0.5,247.04753
34.75,0.5,246.99753
34.75,0.5,246.94753
34.75,0.5,246.89753
34.75,0.5,246.84753
34.75,0.5,246.79753
34.75,0.5,246.74753
34.75,0.5,246.69753
34.75,0.5,246.64753
34.75,0.5,246.59753
34.75,0.5,246.54753
34.75,0.5,246.49753
34.75,0.5,246.44753
34.75,0.5,246.39753
34.75,0.5,246.34753
34.75,0.5,246.29753
34.75,0.5,246.24753
34.75,0.5,246.19753
34.75,0.5,246.14753
34.75,0.5,246.09753
33.25,0.5,246.11581
33.25,0.5,246.06581
33.25,0.5,246.01581
33.25,0.5,245.96581
33.25,0.5,245.79081
33.25,0.5,245.24081
33.25,0.5,244.19081
33.25,0.5,242.64081
33.25,0.5,240.59081
33.25,0.5,238.04081
33.25,0.5,234.99081
33.25,0.5,231.44081
33.75,0.5,246.09305
33.75,0.5,246.04305
33.75,0.5,245.99305
33.75,0.5,245.94305
33.75,0.5,245.76805
33.75,0.5,245.21805
33.75,0.5,244.16805
33.75,0.5,242.61805
33.75,0.5,240.56805
33.75,0.5,238.01805
33.75,0.5,234.96805
33.75,0.5,231.41805
34.25,0.5,246.07029
34.25,0.5,246.02029
34.25,0.5,245.97029
34.25,0.5,245.92029
34.25,0.5,245.74529
34.25,0.5,245.19529
34.25,0.5,244.14529
34.25,0.5,242.59529
34.25,0.5,240.54529
34.25,0.5,237.99529
34.25,0.5,234.94529
34.25,0.5,231.39529
34.75,0.5,246.04753
34.75,0.5,245.99753
34.75,0.5,245.94753
34.75,0.5,245.89753
34.75,0.5,245.72253
34.75,0.5,245.17253
34.75,0.5,244.12253
34.75,0.5,242.57253
34.75,0.5,240.52253
34.75,0.5,237.97253
34.75,0.5,234.92253
34.75,0.5,231.37253
35.25,0.5,247.82453
35.25,0.5,247.77453
35.25,0.5,247.72453
35.25,0.5,247.67453
35.25,0.5,247.62453
35.25,0.5,247.57453
35.25,0.5,247.52453
35.25,0.5,247.47453
35.25,0.5,247.42453
35.25,0.5,247.37453
35.25,0.5,247.32453
35.25,0.5,247.27453
35.25,0.5,247.22453
35.25,0.5,247.17453
35.25,0.5,247.12453
35.25,0.5,247.07453
35.25,0.5,247.02453
35.25,0.5,246.97453
35.25,0.5,246.92453
35.25,0.5,246.87453
35.25,0.5,246.82453
35.25,0.5,246.77453
35.25,0.5,246.72453
35.25,0.5,246.67453
35.25,0.5,246.62453
35.25,0.5,246.57453
35.25,0.5,246.52453
35.25,0.5,246.47453
35.25,0.5,246.42453
35.25,0.5,246.37453
35.25,0.5,246.32453
35.25,0.5,246.27453
35.25,0.5,246.22453
35.25,0.5,246.17453
35.25,0.5,246.12453
35.25,0.5,246.07453
35.75,0.5,247.80118
35.75,0.5,247.75118
35.75,0.5,247.70118
35.75,0.5,247.65118
35.75,0.5,247.60118
35.75,0.5,247.55118
35.75,0.5,247.50118
35.75,0.5,247.45118
35.75,0.5,247.40118
35.75,0.5,247.35118
35.75,0.5,247.30118
35.75,0.5,247.25118
35.75,0.5,247.20118
35.75,0.5,247.15118
35.75,0.5,247.10118
35.75,0.5,247.05118
35.75,0.5,247.00118
35.75,0.5,246.95118
35.75,0.5,246.90118
35.75,0.5,246.85118
35.75,0.5,246.80118
35.75,0.5,246.75118
35.75,0.5,246.70118
35.75,0.5,246.65118
35.75,0.5,246.60118
35.75,0.5,246.55118
35.75,0.5,246.50118
35.75,0.5,246.45118
35.75,0.5,246.40118
35.75,0.5,246.35118
35.75,0.5,246.30118
35.75,0.5,246.25118
35.75,0.5,246.20118
35.75,0.5,246.15118
35.75,0.5,246.10118
35.75,0.5,246.05118
36.25,0.5,247.7777
36.25,0.5,247.7277
36.25,0.5,247.6777
36.25,0.5,247.6277
36.25,0.5,247.5777
36.25,0.5,247.5277
36.25,0.5,247.4777
36.25,0.5,247.4277
36.25,0.5,247.3777
36.25,0.5,247.3277
36.25,0.5,247.2777
36.25,0.5,247.2277
36.25,0.5,247.1777
36.25,0.5,247.1277
36.25,0.5,247.0777
36.25,0.5,247.0277
36.25,0.5,246.9777
36.25,0.5,246.9277
36.25,0.5,246.8777
36.25,0.5,246.8277
36.25,0.5,246.7777
36.25,0.5,246.7277
36.25,0.5,246.6777
36.25,0.5,246.6277
36.25,0.5,246.5777
36.25,0.5,246.5277
36.25,0.5,246.4777
36.25,0.5,246.4277
36.25,0.5,246.3777
36.25,0.5,246.3277
36.25,0.5,246.2777
36.25,0.5,246.2277
36.25,0.5,246.1777
36.25,0.5,246.1277
36.25,0.5,246.0777
36.25,0.5,246.0277
36.75,0.5,247.75423
36.75,0.5,247.70422
36.75,0.5,247.65422
36.75,0.5,247.60423
36.75,0.5,247.55423
36.75,0.5,247.50423
36.75,0.5,247.45422
36.75,0.5,247.40422
36.75,0.5,247.35423
36.75,0.5,247.30423
36.75,0.5,247.25423
36.75,0.5,247.20422
36.75,0.5,247.15422
36.75,0.5,247.10423
36.75,0.5,247.05423
36.75,0.5,247.00423
36.75,0.5,246.95422
36.75,0.5,246.90422
36.75,0.5,246.85423
36.75,0.5,246.80423
36.75,0.5,246.75423
36.75,0.5,246.70422
36.75,0.5,246.65422
36.75,0.5,246.60423
36.75,0.5,246.55423
36.75,0.5,246.50423
36.75,0.5,246.45422
36.75,0.5,246.40422
36.75,0.5,246.35423
36.75,0.5,246.30423
36.75,0.5,246.25423
36.75,0.5,246.20422
36.75,0.5,246.15422
36.75,0.5,246.10423
36.75,0.5,246.05423
36.75,0.5,246.00423
37.25,0.5,247.73075
37.25,0.5,247.68075
37.25,0.5,247.63075
37.25,0.5,247.58075
37.25,0.5,247.53075
37.25,0.5,247.48075
37.25,0.5,247.43075
37.25,0.5,247.38075
37.25,0.5,247.33075
37.25,0.5,247.28075
37.25,0.5,247.23075
37.25,0.5,247.18075
37.25,0.5,247.13075
37.25,0.5,247.08075
37.25,0.5,247.03075
37.25,0.5,246.98075
37.25,0.5,246.93075
37.25,0.5,246.88075
37.25,0.5,246.83075
37.25,0.5,246.78075
37.25,0.5,246.73075
37.25,0.5,246.68075
37.25,0.5,246.63075
37.25,0.5,246.58075
37.25,0.5,246.53075
37.25,0.5,246.48075
37.25,0.5,246.43075
37.25,0.5,246.38075
37.25,0.5,246.33075
37.25,0.5,246.28075
37.25,0.5,246.23075
37.25,0.5,246.18075
37.25,0.5,246.13075
37.25,0.5,246.08075
37.25,0.5,246.03075
37.25,0.5,245.98075
35.25,0.5,246.02453
35.25,0.5,245.97453
35.25,0.5,245.92453
35.25,0.5,245.87453
35.25,0.5,245.69953
35.25,0.5,245.14953
35.25,0.5,244.09953
35.25,0.5,242.54953
35.25,0.5,240.49953
35.25,0.5,237.94953
35.25,0.5,234.89953
35.25,0.5,231.34953
35.75,0.5,246.00118
35.75,0.5,245.95118
35.75,0.5,245.90118
35.75,0.5,245.85118
35.75,0.5,245.67618
35.75,0.5,245.12618
35.75,0.5,244.07618
35.75,0.5,242.52618
35.75,0.5,240.47618
35.75,0.5,237.92618
35.75,0.5,234.87618
35.75,0.5,231.32618
36.25,0.5,245.9777
36.25,0.5,245.9277
36.25,0.5,245.8777
36.25,0.5,245.8277
36.25,0.5,245.6527
36.25,0.5,245.1027
36.25,0.5,244.0527
36.25,0.5,242.5027
36.25,0.5,240.4527
36.25,0.5,237.9027
36.25,0.5,234.8527
36.25,0.5,231.3027
36.75,0.5,245.95422
36.75,0.5,245.90422
36.75,0.5,245.85423
36.75,0.5,245.80423
36.75,0.5,245.62923
36.75,0.5,245.07922
36.75,0.5,244.02922
36.75,0.5,242.47923
36.75,0.5,240.42923
36.75,0.5,237.87923
36.75,0.5,234.82922
36.75,0.5,231.27922
37.25,0.5,245.93075
37.25,0.5,245.88075
37.25,0.5,245.83075
37.25,0.5,245.78075
37.25,0.5,245.60575
37.25,0.5,245.05575
37.25,0.5,244.00575
37.25,0.5,242.45575
37.25,0.5,240.40575
37.25,0.5,237.85575
37.25,0.5,234.80575
37.25,0.5,231.25575
37.75,0.5,247.70727
37.75,0.5,247.65727
37.75,0.5,247.60727
37.75,0.5,247.55727
37.75,0.5,247.50727
37.75,0.5,247.45727
37.75,0.5,247.40727
37.75,0.5,247.35727
37.75,0.5,247.30727
37.75,0.5,247.25727
37.75,0.5,247.20727
37.75,0.5,247.15727
37.75,0.5,247.10727
37.75,0.5,247.05727
37.75,0.5,247.00727
37.75,0.5,246.95727
37.75,0.5,246.90727
37.75,0.5,246.85727
37.75,0.5,246.80727
37.75,0.5,246.75727
37.75,0.5,246.70727
37.75,0.5,246.65727
37.75,0.5,246.60727
37.75,0.5,246.55727
37.75,0.5,246.50727
37.75,0.5,246.45727
37.75,0.5,246.40727
37.75,0.5,246.35727
37.75,0.5,246.30727
37.75,0.5,246.25727
37.75,0.5,246.20727
37.75,0.5,246.15727
37.75,0.5,246.10727
37.75,0.5,246.05727
37.75,0.5,246.00727
37.75,0.5,245.95727
38.25,0.5,247.68379
38.25,0.5,247.63379
38.25,0.5,247.58379
38.25,0.5,247.53379
38.25,0.5,247.4838
38.25,0.5,247.43379
38.25,0.5,247.38379
38.25,0.5,247.33379
38.25,0.5,247.28379
38.25,0.5,247.2338
38.25,0.5,247.18379
38.25,0.5,247.13379
38.25,0.5,247.08379
38.25,0.5,247.03379
38.25,0.5,246.9838
38.25,0.5,246.93379
38.25,0.5,246.88379
38.25,0.5,246.83379
38.25,0.5,246.78379
38.25,0.5,246.7338
38.25,0.5,246.68379
38.25,0.5,246.63379
38.25,0.5,246.58379
38.25,0.5,246.53379
38.25,0.5,246.4838
38.25,0.5,246.43379
38.25,0.5,246.38379
38.25,0.5,246.33379
38.25,0.5,246.28379
38.25,0.5,246.2338
38.25,0.5,246.18379
38.25,0.5,246.13379
38.25,0.5,246.08379
38.25,0.5,246.03379
38.25,0.5,245.9838
38.25,0.5,245.93379
38.75,0.5,247.66032
38.75,0.5,247.61032
38.75,0.5,247.56032
38.75,0.5,247.51031
38.75,0.5,247.46032
38.75,0.5,247.41032
38.75,0.5,247.36032
38.75,0.5,247.31032
38.75,0.5,247.26031
38.75,0.5,247.21032
38.75,0.5,247.16032
38.75,0.5,247.11032
38.75,0.5,247.06032
38.75,0.5,247.01031
38.75,0.5,246.96032
38.75,0.5,246.91032
38.75,0.5,246.86032
38.75,0.5,246.81032
38.75,0.5,246.76031
38.75,0.5,246.71032
38.75,0.5,246.66032
38.75,0.5,246.61032
38.75,0.5,246.56032
38.75,0.5,246.51031
38.75,0.5,246.46032
38.75,0.5,246.41032
38.75,0.5,246.36032
38.75,0.5,246.31032
38.75,0.5,246.26031
38.75,0.5,246.21032
38.75,0.5,246.16032
38.75,0.5,246.11032
38.75,0.5,246.06032
38.75,0.5,246.01031
38.75,0.5,245.96032
38.75,0.5,245.91032
39.25,0.5,247.63745
39.25,0.5,247.58745
39.25,0.5,247.53745
39.25,0.5,247.48744
39.25,0.5,247.43745
39.25,0.5,247.38745
39.25,0.5,247.33745
39.25,0.5,247.28745
39.25,0.5,247.23744
39.25,0.5,247.18745
39.25,0.5,247.13745
39.25,0.5,247.08745
39.25,0.5,247.03745
39.25,0.5,246.98744
39.25,0.5,246.93745
39.25,0.5,246.88745
39.25,0.5,246.83745
39.25,0.5,246.78745
39.25,0.5,246.73744
39.25,0.5,246.68745
39.25,0.5,246.63745
39.25,0.5,246.58745
39.25,0.5,246.53745
39.25,0.5,246.48744
39.25,0.5,246.43745
39.25,0.5,246.38745
39.25,0.5,246.33745
39.25,0.5,246.28745
39.25,0.5,246.23744
39.25,0.5,246.18745
39.25,0.5,246.13745
39.25,0.5,246.08745
39.25,0.5,246.03745
39.25,0.5,245.98744
39.25,0.5,245.93745
39.25,0.5,245.88745
37.75,0.5,245.90727
37.75,0.5,245.85727
37.75,0.5,245.80727
37.75,0.5,245.75727
37.75,0.5,245.58227
37.75,0.5,245.03227
37.75,0.5,243.98227
37.75,0.5,242.43227
37.75,0.5,240.38227
37.75,0.5,237.83227
37.75,0.5,234.78227
37.75,0.5,231.23227
38.25,0.5,245.88379
38.25,0.5,245.83379
38.25,0.5,245.78379
38.25,0.5,245.7338
38.25,0.5,245.55879
38.25,0.5,245.00879
38.25,0.5,243.95879
38.25,0.5,242.40879
38.25,0.5,240.3588
38.25,0.5,237.80879
38.25,0.5,234.75879
38.25,0.5,231.20879
38.75,0.5,245.86032
38.75,0.5,245.81032
38.75,0.5,245.76031
38.75,0.5,245.71032
38.75,0.5,245.53532
38.75,0.5,244.98532
38.75,0.5,243.93532
38.75,0.5,242.38531
38.75,0.5,240.33532
38.75,0.5,237.78532
38.75,0.5,234.73532
38.75,0.5,231.18532
39.25,0.5,245.83745
39.25,0.5,245.78745
39.25,0.5,245.73744
39.25,0.5,245.68745
39.25,0.5,245.51245
39.25,0.5,244.96245
39.25,0.5,243.91245
39.25,0.5,242.36244
39.25,0.5,240.31245
39.25,0.5,237.76245
39.25,0.5,234.71245
39.25,0.5,231.16245
39.75,0.5,247.6153
39.75,0.5,247.5653
39.75,0.5,247.5153
39.75,0.5,247.46529
39.75,0.5,247.4153
39.75,0.5,247.3653
39.75,0.5,247.3153
39.75,0.5,247.2653
39.75,0.5,247.21529
39.75,0.5,247.1653
39.75,0.5,247.1153
39.75,0.5,247.0653
39.75,0.5,247.0153
39.75,0.5,246.96529
39.75,0.5,246.9153
39.75,0.5,246.8653
39.75,0.5,246.8153
39.75,0.5,246.7653
39.75,0.5,246.71529
39.75,0.5,246.6653
39.75,0.5,246.6153
39.75,0.5,246.5653
39.75,0.5,246.5153
39.75,0.5,246.46529
39.75,0.5,246.4153
39.75,0.5,246.3653
39.75,0.5,246.3153
39.75,0.5,246.2653
39.75,0.5,246.21529
39.75,0.5,246.1653
39.75,0.5,246.1153
39.75,0.5,246.0653
39.75,0.5,246.0153
39.75,0.5,245.96529
39.75,0.5,245.9153
39.75,0.5,245.8653
40.25,0.5,247.59327
40.25,0.5,247.54327
40.25,0.5,247.49326
40.25,0.5,247.44326
40.25,0.5,247.39327
40.25,0.5,247.34327
40.25,0.5,247.29327
40.25,0.5,247.24326
40.25,0.5,247.19326
40.25,0.5,247.14327
40.25,0.5,247.09327
40.25,0.5,247.04327
40.25,0.5,246.99326
40.25,0.5,246.94326
40.25,0.5,246.89327
40.25,0.5,246.84327
40.25,0.5,246.79327
40.25,0.5,246.74326
40.25,0.5,246.69326
40.25,0.5,246.64327
40.25,0.5,246.59327
40.25,0.5,246.54327
40.25,0.5,246.49326
40.25,0.5,246.44326
40.25,0.5,246.39327
40.25,0.5,246.34327
40.25,0.5,246.29327
40.25,0.5,246.24326
40.25,0.5,246.19326
40.25,0.5,246.14327
40.25,0.5,246.09327
40.25,0.5,246.04327
40.25,0.5,245.99326
40.25,0.5,245.94326
40.25,0.5,245.89327
40.25,0.5,245.84327
40.75,0.5,247.57124
40.75,0.5,247.52123
40.75,0.5,247.47123
40.75,0.5,247.42124
40.75,0.5,247.37124
40.75,0.5,247.32124
40.75,0.5,247.27123
40.75,0.5,247.22123
40.75,0.5,247.17124
40.75,0.5,247.12124
40.75,0.5,247.07124
40.75,0.5,247.02123
40.75,0.5,246.97123
40.75,0.5,246.92124
40.75,0.5,246.87124
40.75,0.5,246.82124
40.75,0.5,246.77123
40.75,0.5,246.72123
40.75,0.5,246.67124
40.75,0.5,246.62124
40.75,0.5,246.57124
40.75,0.5,246.52123
40.75,0.5,246.47123
40.75,0.5,246.42124
40.75,0.5,246.37124
40.75,0.5,246.32124
40.75,0.5,246.27123
40.75,0.5,246.22123
40.75,0.5,246.17124
40.75,0.5,246.12124
40.75,0.5,246.07124
40.75,0.5,246.02123
40.75,0.5,245.97123
40.75,0.5,245.92124
40.75,0.5,245.87124
40.75,0.5,245.82124
41.25,0.5,247.5492
41.25,0.5,247.4992
41.25,0.5,247.4492
41.25,0.5,247.39921
41.25,0.5,247.34921
41.25,0.5,247.2992
41.25,0.5,247.2492
41.25,0.5,247.1992
41.25,0.5,247.14921
41.25,0.5,247.09921
41.25,0.5,247.0492
41.25,0.5,246.9992
41.25,0.5,246.9492
41.25,0.5,246.89921
41.25,0.5,246.84921
41.25,0.5,246.7992
41.25,0.5,246.7492
41.25,0.5,246.6992
41.25,0.5,246.64921
41.25,0.5,246.59921
41.25,0.5,246.5492
41.25,0.5,246.4992
41.25,0.5,246.4492
41.25,0.5,246.39921
41.25,0.5,246.34921
41.25,0.5,246.2992
41.25,0.5,246.2492
41.25,0.5,246.1992
41.25,0.5,246.14921
41.25,0.5,246.09921
41.25,0.5,246.0492
41.25,0.5,245.9992
41.25,0.5,245.9492
41.25,0.5,245.89921
41.25,0.5,245.84921
41.25,0.5,245.7992
39.75,0.5,245.8153
39.75,0.5,245.7653
39.75,0.5,245.71529
39.75,0.5,245.6653
39.75,0.5,245.4903
39.75,0.5,244.9403
39.75,0.5,243.8903
39.75,0.5,242.34029
39.75,0.5,240.2903
39.75,0.5,237.7403
39.75,0.5,234.6903
39.75,0.5,231.1403
40.25,0.5,245.79327
40.25,0.5,245.74326
40.25,0.5,245.69326
40.25,0.5,245.64327
40.25,0.5,245.46827
40.25,0.5,244.91827
40.25,0.5,243.86826
40.25,0.5,242.31826
40.25,0.5,240.26827
40.25,0.5,237.71827
40.25,0.5,234.66827
40.25,0.5,231.11826
40.75,0.5,245.77123
40.75,0.5,245.72123
40.75,0.5,245.67124
40.75,0.5,245.62124
40.75,0.5,245.44624
40.75,0.5,244.89623
40.75,0.5,243.84623
40.75,0.5,242.29624
40.75,0.5,240.24624
40.75,0.5,237.69624
40.75,0.5,234.64623
40.75,0.5,231.09623
41.25,0.5,245.7492
41.25,0.5,245.6992
41.25,0.5,245.64921
41.25,0.5,245.59921
41.25,0.5,245.4242
41.25,0.5,244.8742
41.25,0.5,243.8242
41.25,0.5,242.27421
41.25,0.5,240.22421
41.25,0.5,237.6742
41.25,0.5,234.6242
41.25,0.5,231.0742
41.75,0.5,247.52717
41.75,0.5,247.47717
41.75,0.5,247.42717
41.75,0.5,247.37717
41.75,0.5,247.32717
41.75,0.5,247.27717
41.75,0.5,247.22717
41.75,0.5,247.17717
41.75,0.5,247.12717
41.75,0.5,247.07717
41.75,0.5,247.02717
41.75,0.5,246.97717
41.75,0.5,246.92717
41.75,0.5,246.87717
41.75,0.5,246.82717
41.75,0.5,246.77717
41.75,0.5,246.72717
41.75,0.5,246.67717
41.75,0.5,246.62717
41.75,0.5,246.57717
41.75,0.5,246.52717
41.75,0.5,246.47717
41.75,0.5,246.42717
41.75,0.5,246.37717
41.75,0.5,246.32717
41.75,0.5,246.27717
41.75,0.5,246.22717
41.75,0.5,246.17717
41.75,0.5,246.12717
41.75,0.5,246.07717
41.75,0.5,246.02717
41.75,0.5,245.97717
41.75,0.5,245.92717
41.75,0.5,245.87717
41.75,0.5,245.82717
41.75,0.5,245.77717
42.25,0.5,247.50514
42.25,0.5,247.45514
42.25,0.5,247.40514
42.25,0.5,247.35514
42.25,0.5,247.30514
42.25,0.5,247.25514
42.25,0.5,247.20514
42.25,0.5,247.15514
42.25,0.5,247.10514
42.25,0.5,247.05514
42.25,0.5,247.00514
42.25,0.5,246.95514
42.25,0.5,246.90514
42.25,0.5,246.85514
42.25,0.5,246.80514
42.25,0.5,246.75514
42.25,0.5,246.70514
42.25,0.5,246.65514
42.25,0.5,246.60514
42.25,0.5,246.55514
42.25,0.5,246.50514
42.25,0.5,246.45514
42.25,0.5,246.40514
42.25,0.5,246.35514
42.25,0.5,246.30514
42.25,0.5,246.25514
42.25,0.5,246.20514
42.25,0.5,246.15514
42.25,0.5,246.10514
42.25,0.5,246.05514
42.25,0.5,246.00514
42.25,0.5,245.95514
42.25,0.5,245.90514
42.25,0.5,245.85514
42.25,0.5,245.80514
42.25,0.5,245.75514
42.75,0.5,247.48319
42.75,0.5,247.43319
42.75,0.5,247.38319
42.75,0.5,247.33319
42.75,0.5,247.28319
42.75,0.5,247.23319
42.75,0.5,247.18319
42.75,0.5,247.13319
42.75,0.5,247.08319
42.75,0.5,247.03319
42.75,0.5,246.98319
42.75,0.5,246.93319
42.75,0.5,246.88319
42.75,0.5,246.83319
42.75,0.5,246.78319
42.75,0.5,246.73319
42.75,0.5,246.68319
42.75,0.5,246.63319
42.75,0.5,246.58319
42.75,0.5,246.53319
42.75,0.5,246.48319
42.75,0.5,246.43319
42.75,0.5,246.38319
42.75,0.5,246.33319
42.75,0.5,246.28319
42.75,0.5,246.23319
42.75,0.5,246.18319
42.75,0.5,246.13319
42.75,0.5,246.08319
42.75,0.5,246.03319
42.75,0.5,245.98319
42.75,0.5,245.93319
42.75,0.5,245.88319
42.75,0.5,245.83319
42.75,0.5,245.78319
42.75,0.5,245.73319
43.25,0.5,247.46466
43.25,0.5,247.41467
43.25,0.5,247.36466
43.25,0.5,247.31466
43.25,0.5,247.26466
43.25,0.5,247.21466
43.25,0.5,247.16467
43.25,0.5,247.11466
43.25,0.5,247.06466
43.25,0.5,247.01466
43.25,0.5,246.96466
43.25,0.5,246.91467
43.25,0.5,246.86466
43.25,0.5,246.81466
43.25,0.5,246.76466
43.25,0.5,246.71466
43.25,0.5,246.66467
43.25,0.5,246.61466
43.25,0.5,246.56466
43.25,0.5,246.51466
43.25,0.5,246.46466
43.25,0.5,246.41467
43.25,0.5,246.36466
43.25,0.5,246.31466
43.25,0.5,246.26466
43.25,0.5,246.21466
43.25,0.5,246.16467
43.25,0.5,246.11466
43.25,0.5,246.06466
43.25,0.5,246.01466
43.25,0.5,245.96466
43.25,0.5,245.91467
43.25,0.5,245.86466
43.25,0.5,245.81466
43.25,0.5,245.76466
43.25,0.5,245.71466
41.75,0.5,245.72717
41.75,0.5,245.67717
41.75,0.5,245.62717
41.75,0.5,245.57717
41.75,0.5,245.40217
41.75,0.5,244.85217
41.75,0.5,243.80217
41.75,0.5,242.25217
41.75,0.5,240.20217
41.75,0.5,237.65217
41.75,0.5,234.60217
41.75,0.5,231.05217
42.25,0.5,245.70514
42.25,0.5,245.65514
42.25,0.5,245.60514
42.25,0.5,245.55514
42.25,0.5,245.38014
42.25,0.5,244.83014
42.25,0.5,243.78014
42.25,0.5,242.23014
42.25,0.5,240.18014
42.25,0.5,237.63014
42.25,0.5,234.58014
42.25,0.5,231.03014
42.75,0.5,245.68319
42.75,0.5,245.63319
42.75,0.5,245.58319
42.75,0.5,245.53319
42.75,0.5,245.35819
42.75,0.5,244.80819
42.75,0.5,243.75819
42.75,0.5,242.20819
42.75,0.5,240.15819
42.75,0.5,237.60819
42.75,0.5,234.55819
42.75,0.5,231.00819
43.25,0.5,245.66467
43.25,0.5,245.61466
43.25,0.5,245.56466
43.25,0.5,245.51466
43.25,0.5,245.33966
43.25,0.5,244.78967
43.25,0.5,243.73966
43.25,0.5,242.18966
43.25,0.5,240.13966
43.25,0.5,237.58966
43.25,0.5,234.53967
43.25,0.5,230.98966
43.75,0.5,247.44949
43.75,0.5,247.39949
43.75,0.5,247.34949
43.75,0.5,247.29949
43.75,0.5,247.24949
43.75,0.5,247.19949
43.75,0.5,247.14949
43.75,0.5,247.09949
43.75,0.5,247.04949
43.75,0.5,246.99949
43.75,0.5,246.94949
43.75,0.5,246.89949
43.75,0.5,246.84949
43.75,0.5,246.79949
43.75,0.5,246.74949
43.75,0.5,246.69949
43.75,0.5,246.64949
43.75,0.5,246.59949
43.75,0.5,246.54949
43.75,0.5,246.49949
43.75,0.5,246.44949
43.75,0.5,246.39949
43.75,0.5,246.34949
43.75,0.5,246.29949
43.75,0.5,246.24949
43.75,0.5,246.19949
43.75,0.5,246.14949
43.75,0.5,246.09949
43.75,0.5,246.04949
43.75,0.5,245.99949
43.75,0.5,245.94949
43.75,0.5,245.89949
43.75,0.5,245.84949
43.75,0.5,245.79949
43.75,0.5,245.74949
43.75,0.5,245.69949
44.25,0.5,247.43432
44.25,0.5,247.38432
44.25,0.5,247.33432
44.25,0.5,247.28432
44.25,0.5,247.23432
44.25,0.5,247.18432
44.25,0.5,247.13432
44.25,0.5,247.08432
44.25,0.5,247.03432
44.25,0.5,246.98432
44.25,0.5,246.93432
44.25,0.5,246.88432
44.25,0.5,246.83432
44.25,0.5,246.78432
44.25,0.5,246.73432
44.25,0.5,246.68432
44.25,0.5,246.63432
44.25,0.5,246.58432
44.25,0.5,246.53432
44.25,0.5,246.48432
44.25,0.5,246.43432
44.25,0.5,246.38432
44.25,0.5,246.33432
44.25,0.5,246.28432
44.25,0.5,246.23432
44.25,0.5,246.18432
44.25,0.5,246.13432
44.25,0.5,246.08432
44.25,0.5,246.03432
44.25,0.5,245.98432
44.25,0.5,245.93432
44.25,0.5,245.88432
44.25,0.5,245.83432
44.25,0.5,245.78432
44.25,0.5,245.73432
44.25,0.5,245.68432
44.75,0.5,247.41914
44.75,0.5,247.36914
44.75,0.5,247.31914
44.75,0.5,247.26914
44.75,0.5,247.21914
44.75,0.5,247.16914
44.75,0.5,247.11914
44.75,0.5,247.06914
44.75,0.5,247.01914
44.75,0.5,246.96914
44.75,0.5,246.91914
44.75,0.5,246.86914
44.75,0.5,246.81914
44.75,0.5,246.76914
44.75,0.5,246.71914
44.75,0.5,246.66914
44.75,0.5,246.61914
44.75,0.5,246.56914
44.75,0.5,246.51914
44.75,0.5,246.46914
44.75,0.5,246.41914
44.75,0.5,246.36914
44.75,0.5,246.31914
44.75,0.5,246.26914
44.75,0.5,246.21914
44.75,0.5,246.16914
44.75,0.5,246.11914
44.75,0.5,246.06914
44.75,0.5,246.01914
44.75,0.5,245.96914
44.75,0.5,245.91914
44.75,0.5,245.86914
44.75,0.5,245.81914
44.75,0.5,245.76914
44.75,0.5,245.71914
44.75,0.5,245.66914
45.25,0.5,247.40397
45.25,0.5,247.35397
45.25,0.5,247.30397
45.25,0.5,247.25397
45.25,0.5,247.20397
45.25,0.5,247.15397
45.25,0.5,247.10397
45.25,0.5,247.05397
45.25,0.5,247.00397
45.25,0.5,246.95397
45.25,0.5,246.90397
45.25,0.5,246.85397
45.25,0.5,246.80397
45.25,0.5,246.75397
45.25,0.5,246.70397
45.25,0.5,246.65397
45.25,0.5,246.60397
45.25,0.5,246.55397
45.25,0.5,246.50397
45.25,0.5,246.45397
45.25,0.5,246.40397
45.25,0.5,246.35397
45.25,0.5,246.30397
45.25,0.5,246.25397
45.25,0.5,246.20397
45.25,0.5,246.15397
45.25,0.5,246.10397
45.25,0.5,246.05397
45.25,0.5,246.00397
45.25,0.5,245.95397
45.25,0.5,245.90397
45.25,0.5,245.85397
45.25,0.5,245.80397
45.25,0.5,245.75397
45.25,0.5,245.70397
45.25,0.5,245.65397
43.75,0.5,245.64949
43.75,0.5,245.59949
43.75,0.5,245.54949
43.75,0.5,245.49949
43.75,0.5,245.32449
43.75,0.5,244.77449
43.75,0.5,243.72449
43.75,0.5,242.17449
43.75,0.5,240.12449
43.75,0.5,237.57449
43.75,0.5,234.52449
43.75,0.5,230.97449
44.25,0.5,245.63432
44.25,0.5,245.58432
44.25,0.5,245.53432
44.25,0.5,245.48432
44.25,0.5,245.30932
44.25,0.5,244.75932
44.25,0.5,243.70932
44.25,0.5,242.15932
44.25,0.5,240.10932
44.25,0.5,237.55932
44.25,0.5,234.50932
44.25,0.5,230.95932
44.75,0.5,245.61914
44.75,0.5,245.56914
44.75,0.5,245.51914
44.75,0.5,245.46914
44.75,0.5,245.29414
44.75,0.5,244.74414
44.75,0.5,243.69414
44.75,0.5,242.14414
44.75,0.5,240.09414
44.75,0.5,237.54414
44.75,0.5,234.49414
44.75,0.5,230.94414
45.25,0.5,245.60397
45.25,0.5,245.55397
45.25,0.5,245.50397
45.25,0.5,245.45397
45.25,0.5,245.27897
45.25,0.5,244.72897
45.25,0.5,243.67897
45.25,0.5,242.12897
45.25,0.5,240.07897
45.25,0.5,237.52897
45.25,0.5,234.47897
45.25,0.5,230.92897
45.75,0.5,247.38879
45.75,0.5,247.33879
45.75,0.5,247.2888
45.75,0.5,247.23879
45.75,0.5,247.18879
45.75,0.5,247.13879
45.75,0.5,247.08879
45.75,0.5,247.0388
45.75,0.5,246.98879
45.75,0.5,246.93879
45.75,0.5,246.88879
45.75,0.5,246.83879
45.75,0.5,246.7888
45.75,0.5,246.73879
45.75,0.5,246.68879
45.75,0.5,246.63879
45.75,0.5,246.58879
45.75,0.5,246.5388
45.75,0.5,246.48879
45.75,0.5,246.43879
45.75,0.5,246.38879
45.75,0.5,246.33879
45.75,0.5,246.2888
45.75,0.5,246.23879
45.75,0.5,246.18879
45.75,0.5,246.13879
45.75,0.5,246.08879
45.75,0.5,246.0388
45.75,0.5,245.98879
45.75,0.5,245.93879
45.75,0.5,245.88879
45.75,0.5,245.83879
45.75,0.5,245.7888
45.75,0.5,245.73879
45.75,0.5,245.68879
45.75,0.5,245.63879
46.25,0.5,247.37362
46.25,0.5,247.32362
46.25,0.5,247.27362
46.25,0.5,247.22362
46.25,0.5,247.17362
46.25,0.5,247.12362
46.25,0.5,247.07362
46.25,0.5,247.02362
46.25,0.5,246.97362
46.25,0.5,246.92362
46.25,0.5,246.87362
46.25,0.5,246.82362
46.25,0.5,246.77362
46.25,0.5,246.72362
46.25,0.5,246.67362
46.25,0.5,246.62362
46.25,0.5,246.57362
46.25,0.5,246.52362
46.25,0.5,246.47362
46.25,0.5,246.42362
46.25,0.5,246.37362
46.25,0.5,246.32362
46.25,0.5,246.27362
46.25,0.5,246.22362
46.25,0.5,246.17362
46.25,0.5,246.12362
46.25,0.5,246.07362
46.25,0.5,246.02362
46.25,0.5,245.97362
46.25,0.5,245.92362
46.25,0.5,245.87362
46.25,0.5,245.82362
46.25,0.5,245.77362
46.25,0.5,245.72362
46.25,0.5,245.67362
46.25,0.5,245.62362
46.75,0.5,247.35773
46.75,0.5,247.30773
46.75,0.5,247.25773
46.75,0.5,247.20773
46.75,0.5,247.15774
46.75,0.5,247.10773
46.75,0.5,247.05773
46.75,0.5,247.00773
46.75,0.5,246.95773
46.75,0.5,246.90774
46.75,0.5,246.85773
46.75,0.5,246.80773
46.75,0.5,246.75773
46.75,0.5,246.70773
46.75,0.5,246.65774
46.75,0.5,246.60773
46.75,0.5,246.55773
46.75,0.5,246.50773
46.75,0.5,246.45773
46.75,0.5,246.40774
46.75,0.5,246.35773
46.75,0.5,246.30773
46.75,0.5,246.25773
46.75,0.5,246.20773
46.75,0.5,246.15774
46.75,0.5,246.10773
46.75,0.5,246.05773
46.75,0.5,246.00773
46.75,0.5,245.95773
46.75,0.5,245.90774
46.75,0.5,245.85773
46.75,0.5,245.80773
46.75,0.5,245.75773
46.75,0.5,245.70773
46.75,0.5,245.65774
46.75,0.5,245.60773
47.25,0.5,247.33839
47.25,0.5,247.28839
47.25,0.5,247.23839
47.25,0.5,247.18839
47.25,0.5,247.13839
47.25,0.5,247.08839
47.25,0.5,247.03839
47.25,0.5,246.98839
47.25,0.5,246.93839
47.25,0.5,246.88839
47.25,0.5,246.83839
47.25,0.5,246.78839
47.25,0.5,246.73839
47.25,0.5,246.68839
47.25,0.5,246.63839
47.25,0.5,246.58839
47.25,0.5,246.53839
47.25,0.5,246.48839
47.25,0.5,246.43839
47.25,0.5,246.38839
47.25,0.5,246.33839
47.25,0.5,246.28839
47.25,0.5,246.23839
47.25,0.5,246.18839
47.25,0.5,246.13839
47.25,0.5,246.08839
47.25,0.5,246.03839
47.25,0.5,245.98839
47.25,0.5,245.93839
47.25,0.5,245.88839
47.25,0.5,245.83839
47.25,0.5,245.78839
47.25,0.5,245.73839
47.25,0.5,245.68839
47.25,0.5,245.63839
47.25,0.5,245.58839
45.75,0.5,245.58879
45.75,0.5,245.5388
45.75,0.5,245.48879
45.75,0.5,245.43879
45.75,0.5,245.26379
45.75,0.5,244.71379
45.75,0.5,243.6638
45.75,0.5,242.11379
45.75,0.5,240.06379
45.75,0.5,237.51379
45.75,0.5,234.46379
45.75,0.5,230.9138
46.25,0.5,245.57362
46.25,0.5,245.52362
46.25,0.5,245.47362
46.25,0.5,245.42362
46.25,0.5,245.24862
46.25,0.5,244.69862
46.25,0.5,243.64862
46.25,0.5,242.09862
46.25,0.5,240.04862
46.25,0.5,237.49862
46.25,0.5,234.44862
46.25,0.5,230.89862
46.75,0.5,245.55773
46.75,0.5,245.50773
46.75,0.5,245.45773
46.75,0.5,245.40774
46.75,0.5,245.23273
46.75,0.5,244.68273
46.75,0.5,243.63273
46.75,0.5,242.08273
46.75,0.5,240.03274
46.75,0.5,237.48273
46.75,0.5,234.43273
46.75,0.5,230.88273
47.25,0.5,245.53839
47.25,0.5,245.48839
47.25,0.5,245.43839
47.25,0.5,245.38839
47.25,0.5,245.21339
47.25,0.5,244.66339
47.25,0.5,243.61339
47.25,0.5,242.06339
47.25,0.5,240.01339
47.25,0.5,237.46339
47.25,0.5,234.41339
47.25,0.5,230.86339
47.75,0.5,247.3163
47.75,0.5,247.26631
47.75,0.5,247.21631
47.75,0.5,247.16631
47.75,0.5,247.1163
47.75,0.5,247.0663
47.75,0.5,247.01631
47.75,0.5,246.96631
47.75,0.5,246.91631
47.75,0.5,246.8663
47.75,0.5,246.8163
47.75,0.5,246.76631
47.75,0.5,246.71631
47.75,0.5,246.66631
47.75,0.5,246.6163
47.75,0.5,246.5663
47.75,0.5,246.51631
47.75,0.5,246.46631
47.75,0.5,246.41631
47.75,0.5,246.3663
47.75,0.5,246.3163
47.75,0.5,246.26631
47.75,0.5,246.21631
47.75,0.5,246.16631
47.75,0.5,246.1163
47.75,0.5,246.0663
47.75,0.5,246.01631
47.75,0.5,245.96631
47.75,0.5,245.91631
47.75,0.5,245.8663
47.75,0.5,245.8163
47.75,0.5,245.76631
47.75,0.5,245.71631
47.75,0.5,245.66631
47.75,0.5,245.6163
47.75,0.5,245.5663
48.25,0.5,247.29422
48.25,0.5,247.24422
48.25,0.5,247.19423
48.25,0.5,247.14423
48.25,0.5,247.09422
48.25,0.5,247.04422
48.25,0.5,246.99422
48.25,0.5,246.94423
48.25,0.5,246.89423
48.25,0.5,246.84422
48.25,0.5,246.79422
48.25,0.5,246.74422
48.25,0.5,246.69423
48.25,0.5,246.64423
48.25,0.5,246.59422
48.25,0.5,246.54422
48.25,0.5,246.49422
48.25,0.5,246.44423
48.25,0.5,246.39423
48.25,0.5,246.34422
48.25,0.5,246.29422
48.25,0.5,246.24422
48.25,0.5,246.19423
48.25,0.5,246.14423
48.25,0.5,246.09422
48.25,0.5,246.04422
48.25,0.5,245.99422
48.25,0.5,245.94423
48.25,0.5,245.89423
48.25,0.5,245.84422
48.25,0.5,245.79422
48.25,0.5,245.74422
48.25,0.5,245.69423
48.25,0.5,245.64423
48.25,0.5,245.59422
48.25,0.5,245.54422
48.75,0.5,247.27214
48.75,0.5,247.22214
48.75,0.5,247.17214
48.75,0.5,247.12214
48.75,0.5,247.07214
48.75,0.5,247.02214
48.75,0.5,246.97214
48.75,0.5,246.92214
48.75,0.5,246.87214
48.75,0.5,246.82214
48.75,0.5,246.77214
48.75,0.5,246.72214
48.75,0.5,246.67214
48.75,0.5,246.62214
48.75,0.5,246.57214
48.75,0.5,246.52214
48.75,0.5,246.47214
48.75,0.5,246.42214
48.75,0.5,246.37214
48.75,0.5,246.32214
48.75,0.5,246.27214
48.75,0.5,246.22214
48.75,0.5,246.17214
48.75,0.5,246.12214
48.75,0.5,246.07214
48.75,0.5,246.02214
48.75,0.5,245.97214
48.75,0.5,245.92214
48.75,0.5,245.87214
48.75,0.5,245.82214
48.75,0.5,245.77214
48.75,0.5,245.72214
48.75,0.5,245.67214
48.75,0.5,245.62214
48.75,0.5,245.57214
48.75,0.5,245.52214
49.25,0.5,247.25006
49.25,0.5,247.20006
49.25,0.5,247.15005
49.25,0.5,247.10006
49.25,0.5,247.05006
49.25,0.5,247.00006
49.25,0.5,246.95006
49.25,0.5,246.90005
49.25,0.5,246.85006
49.25,0.5,246.80006
49.25,0.5,246.75006
49.25,0.5,246.70006
49.25,0.5,246.65005
49.25,0.5,246.60006
49.25,0.5,246.55006
49.25,0.5,246.50006
49.25,0.5,246.45006
49.25,0.5,246.40005
49.25,0.5,246.35006
49.25,0.5,246.30006
49.25,0.5,246.25006
49.25,0.5,246.20006
49.25,0.5,246.15005
49.25,0.5,246.10006
49.25,0.5,246.05006
49.25,0.5,246.00006
49.25,0.5,245.95006
49.25,0.5,245.90005
49.25,0.5,245.85006
49.25,0.5,245.80006
49.25,0.5,245.75006
49.25,0.5,245.70006
49.25,0.5,245.65005
49.25,0.5,245.60006
49.25,0.5,245.55006
49.25,0.5,245.50006
49.75,0.5,247.22798
49.75,0.5,247.17798
49.75,0.5,247.12798
49.75,0.5,247.07797
49.75,0.5,247.02797
49.75,0.5,246.97798
49.75,0.5,246.92798
49.75,0.5,246.87798
49.75,0.5,246.82797
49.75,0.5,246.77797
49.75,0.5,246.72798
49.75,0.5,246.67798
49.75,0.5,246.62798
49.75,0.5,246.57797
49.75,0.5,246.52797
49.75,0.5,246.47798
49.75,0.5,246.42798
49.75,0.5,246.37798
49.75,0.5,246.32797
49.75,0.5,246.27797
49.75,0.5,246.22798
49.75,0.5,246.17798
49.75,0.5,246.12798
49.75,0.5,246.07797
49.75,0.5,246.02797
49.75,0.5,245.97798
49.75,0.5,245.92798
49.75,0.5,245.87798
49.75,0.5,245.82797
49.75,0.5,245.77797
49.75,0.5,245.72798
49.75,0.5,245.67798
49.75,0.5,245.62798
49.75,0.5,245.57797
49.75,0.5,245.52797
49.75,0.5,245.47798
47.75,0.5,245.51631
47.75,0.5,245.46631
47.75,0.5,245.41631
47.75,0.5,245.3663
47.75,0.5,245.1913
47.75,0.5,244.64131
47.75,0.5,243.59131
47.75,0.5,242.04131
47.75,0.5,239.9913
47.75,0.5,237.4413
47.75,0.5,234.39131
47.75,0.5,230.84131
48.25,0.5,245.49422
48.25,0.5,245.44423
48.25,0.5,245.39423
48.25,0.5,245.34422
48.25,0.5,245.16922
48.25,0.5,244.61922
48.25,0.5,243.56923
48.25,0.5,242.01923
48.25,0.5,239.96922
48.25,0.5,237.41922
48.25,0.5,234.36922
48.25,0.5,230.81923
48.75,0.5,245.47214
48.75,0.5,245.42214
48.75,0.5,245.37214
48.75,0.5,245.32214
48.75,0.5,245.14714
48.75,0.5,244.59714
48.75,0.5,243.54714
48.75,0.5,241.99714
48.75,0.5,239.94714
48.75,0.5,237.39714
48.75,0.5,234.34714
48.75,0.5,230.79714
49.25,0.5,245.45006
49.25,0.5,245.40005
49.25,0.5,245.35006
49.25,0.5,245.30006
49.25,0.5,245.12506
49.25,0.5,244.57506
49.25,0.5,243.52505
49.25,0.5,241.97506
49.25,0.5,239.92506
49.25,0.5,237.37506
49.25,0.5,234.32506
49.25,0.5,230.77505
49.75,0.5,245.42798
49.75,0.5,245.37798
49.75,0.5,245.32797
49.75,0.5,245.27797
49.75,0.5,245.10298
49.75,0.5,244.55298
49.75,0.5,243.50298
49.75,0.5,241.95297
49.75,0.5,239.90297
49.75,0.5,237.35298
49.75,0.5,234.30298
49.75,0.5,230.75298
50.25,0.5,247.20589
50.25,0.5,247.1559
50.25,0.5,247.1059
50.25,0.5,247.05589
50.25,0.5,247.00589
50.25,0.5,246.95589
50.25,0.5,246.9059
50.25,0.5,246.8559
50.25,0.5,246.80589
50.25,0.5,246.75589
50.25,0.5,246.70589
50.25,0.5,246.6559
50.25,0.5,246.6059
50.25,0.5,246.55589
50.25,0.5,246.50589
50.25,0.5,246.45589
50.25,0.5,246.4059
50.25,0.5,246.3559
50.25,0.5,246.30589
50.25,0.5,246.25589
50.25,0.5,246.20589
50.25,0.5,246.1559
50.25,0.5,246.1059
50.25,0.5,246.05589
50.25,0.5,246.00589
50.25,0.5,245.95589
50.25,0.5,245.9059
50.25,0.5,245.8559
50.25,0.5,245.80589
50.25,0.5,245.75589
50.25,0.5,245.70589
50.25,0.5,245.6559
50.25,0.5,245.6059
50.25,0.5,245.55589
50.25,0.5,245.50589
50.25,0.5,245.45589
50.75,0.5,247.18241
50.75,0.5,247.13241
50.75,0.5,247.08241
50.75,0.5,247.03241
50.75,0.5,246.98241
50.75,0.5,246.93241
50.75,0.5,246.88241
50.75,0.5,246.83241
50.75,0.5,246.78241
50.75,0.5,246.73241
50.75,0.5,246.68241
50.75,0.5,246.63241
50.75,0.5,246.58241
50.75,0.5,246.53241
50.75,0.5,246.48241
50.75,0.5,246.43241
50.75,0.5,246.38241
50.75,0.5,246.33241
50.75,0.5,246.28241
50.75,0.5,246.23241
50.75,0.5,246.18241
50.75,0.5,246.13241
50.75,0.5,246.08241
50.75,0.5,246.03241
50.75,0.5,245.98241
50.75,0.5,245.93241
50.75,0.5,245.88241
50.75,0.5,245.83241
50.75,0.5,245.78241
50.75,0.5,245.73241
50.75,0.5,245.68241
50.75,0.5,245.63241
50.75,0.5,245.58241
50.75,0.5,245.53241
50.75,0.5,245.48241
50.75,0.5,245.43241
51.25,0.5,247.15535
51.25,0.5,247.10535
51.25,0.5,247.05534
51.25,0.5,247.00534
51.25,0.5,246.95534
51.25,0.5,246.90535
51.25,0.5,246.85535
51.25,0.5,246.80534
51.25,0.5,246.75534
51.25,0.5,246.70534
51.25,0.5,246.65535
51.25,0.5,246.60535
51.25,0.5,246.55534
51.25,0.5,246.50534
51.25,0.5,246.45534
51.25,0.5,246.40535
51.25,0.5,246.35535
51.25,0.5,246.30534
51.25,0.5,246.25534
51.25,0.5,246.20534
51.25,0.5,246.15535
51.25,0.5,246.10535
51.25,0.5,246.05534
51.25,0.5,246.00534
51.25,0.5,245.95534
51.25,0.5,245.90535
51.25,0.5,245.85535
51.25,0.5,245.80534
51.25,0.5,245.75534
51.25,0.5,245.70534
51.25,0.5,245.65535
51.25,0.5,245.60535
51.25,0.5,245.55534
51.25,0.5,245.50534
51.25,0.5,245.45534
51.25,0.5,245.40535
51.75,0.5,247.1261
51.75,0.5,247.0761
51.75,0.5,247.02609
51.75,0.5,246.97609
51.75,0.5,246.9261
51.75,0.5,246.8761
51.75,0.5,246.8261
51.75,0.5,246.77609
51.75,0.5,246.72609
51.75,0.5,246.6761
51.75,0.5,246.6261
51.75,0.5,246.5761
51.75,0.5,246.52609
51.75,0.5,246.47609
51.75,0.5,246.4261
51.75,0.5,246.3761
51.75,0.5,246.3261
51.75,0.5,246.27609
51.75,0.5,246.22609
51.75,0.5,246.1761
51.75,0.5,246.1261
51.75,0.5,246.0761
51.75,0.5,246.02609
51.75,0.5,245.97609
51.75,0.5,245.9261
51.75,0.5,245.8761
51.75,0.5,245.8261
51.75,0.5,245.77609
51.75,0.5,245.72609
51.75,0.5,245.6761
51.75,0.5,245.6261
51.75,0.5,245.5761
51.75,0.5,245.52609
51.75,0.5,245.47609
51.75,0.5,245.4261
51.75,0.5,245.3761
50.25,0.5,245.4059
50.25,0.5,245.3559
50.25,0.5,245.30589
50.25,0.5,245.25589
50.25,0.5,245.08089
50.25,0.5,244.5309
50.25,0.5,243.4809
50.25,0.5,241.93089
50.25,0.5,239.88089
50.25,0.5,237.33089
50.25,0.5,234.2809
50.25,0.5,230.7309
50.75,0.5,245.38241
50.75,0.5,245.33241
50.75,0.5,245.28241
50.75,0.5,245.23241
50.75,0.5,245.05741
50.75,0.5,244.50741
50.75,0.5,243.45741
50.75,0.5,241.90741
50.75,0.5,239.85741
50.75,0.5,237.30741
50.75,0.5,234.25741
50.75,0.5,230.70741
51.25,0.5,245.35535
51.25,0.5,245.30534
51.25,0.5,245.25534
51.25,0.5,245.20534
51.25,0.5,245.03035
51.25,0.5,244.48035
51.25,0.5,243.43034
51.25,0.5,241.88034
51.25,0.5,239.83034
51.25,0.5,237.28035
51.25,0.5,234.23035
51.25,0.5,230.68034
51.75,0.5,245.3261
51.75,0.5,245.27609
51.75,0.5,245.22609
51.75,0.5,245.1761
51.75,0.5,245.0011
51.75,0.5,244.4511
51.75,0.5,243.40109
51.75,0.5,241.85109
51.75,0.5,239.8011
51.75,0.5,237.2511
51.75,0.5,234.2011
51.75,0.5,230.65109
52.25,0.5,247.09685
52.25,0.5,247.04685
52.25,0.5,246.99685
52.25,0.5,246.94685
52.25,0.5,246.89685
52.25,0.5,246.84685
52.25,0.5,246.79685
52.25,0.5,246.74685
52.25,0.5,246.69685
52.25,0.5,246.64685
52.25,0.5,246.59685
52.25,0.5,246.54685
52.25,0.5,246.49685
52.25,0.5,246.44685
52.25,0.5,246.39685
52.25,0.5,246.34685
52.25,0.5,246.29685
52.25,0.5,246.24685
52.25,0.5,246.19685
52.25,0.5,246.14685
52.25,0.5,246.09685
52.25,0.5,246.04685
52.25,0.5,245.99685
52.25,0.5,245.94685
52.25,0.5,245.89685
52.25,0.5,245.84685
52.25,0.5,245.79685
52.25,0.5,245.74685
52.25,0.5,245.69685
52.25,0.5,245.64685
52.25,0.5,245.59685
52.25,0.5,245.54685
52.25,0.5,245.49685
52.25,0.5,245.44685
52.25,0.5,245.39685
52.25,0.5,245.34685
52.75,0.5,247.0676
52.75,0.5,247.0176
52.75,0.5,246.96761
52.75,0.5,246.9176
52.75,0.5,246.8676
52.75,0.5,246.8176
52.75,0.5,246.7676
52.75,0.5,246.71761
52.75,0.5,246.6676
52.75,0.5,246.6176
52.75,0.5,246.5676
52.75,0.5,246.5176
52.75,0.5,246.46761
52.75,0.5,246.4176
52.75,0.5,246.3676
52.75,0.5,246.3176
52.75,0.5,246.2676
52.75,0.5,246.21761
52.75,0.5,246.1676
52.75,0.5,246.1176
52.75,0.5,246.0676
52.75,0.5,246.0176
52.75,0.5,245.96761
52.75,0.5,245.9176
52.75,0.5,245.8676
52.75,0.5,245.8176
52.75,0.5,245.7676
52.75,0.5,245.71761
52.75,0.5,245.6676
52.75,0.5,245.6176
52.75,0.5,245.5676
52.75,0.5,245.5176
52.75,0.5,245.46761
52.75,0.5,245.4176
52.75,0.5,245.3676
52.75,0.5,245.3176
53.25,0.5,247.03836
53.25,0.5,246.98836
53.25,0.5,246.93835
53.25,0.5,246.88835
53.25,0.5,246.83835
53.25,0.5,246.78836
53.25,0.5,246.73836
53.25,0.5,246.68835
53.25,0.5,246.63835
53.25,0.5,246.58835
53.25,0.5,246.53836
53.25,0.5,246.48836
53.25,0.5,246.43835
53.25,0.5,246.38835
53.25,0.5,246.33835
53.25,0.5,246.28836
53.25,0.5,246.23836
53.25,0.5,246.18835
53.25,0.5,246.13835
53.25,0.5,246.08835
53.25,0.5,246.03836
53.25,0.5,245.98836
53.25,0.5,245.93835
53.25,0.5,245.88835
53.25,0.5,245.83835
53.25,0.5,245.78836
53.25,0.5,245.73836
53.25,0.5,245.68835
53.25,0.5,245.63835
53.25,0.5,245.58835
53.25,0.5,245.53836
53.25,0.5,245.48836
53.25,0.5,245.43835
53.25,0.5,245.38835
53.25,0.5,245.33835
53.25,0.5,245.28836
53.75,0.5,247.00911
53.75,0.5,246.95911
53.75,0.5,246.9091
53.75,0.5,246.8591
53.75,0.5,246.80911
53.75,0.5,246.75911
53.75,0.5,246.70911
53.75,0.5,246.6591
53.75,0.5,246.6091
53.75,0.5,246.55911
53.75,0.5,246.50911
53.75,0.5,246.45911
53.75,0.5,246.4091
53.75,0.5,246.3591
53.75,0.5,246.30911
53.75,0.5,246.25911
53.75,0.5,246.20911
53.75,0.5,246.1591
53.75,0.5,246.1091
53.75,0.5,246.05911
53.75,0.5,246.00911
53.75,0.5,245.95911
53.75,0.5,245.9091
53.75,0.5,245.8591
53.75,0.5,245.80911
53.75,0.5,245.75911
53.75,0.5,245.70911
53.75,0.5,245.6591
53.75,0.5,245.6091
53.75,0.5,245.55911
53.75,0.5,245.50911
53.75,0.5,245.45911
53.75,0.5,245.4091
53.75,0.5,245.3591
53.75,0.5,245.30911
53.75,0.5,245.25911
54.25,0.5,246.97986
54.25,0.5,246.92986
54.25,0.5,246.87986
54.25,0.5,246.82986
54.25,0.5,246.77986
54.25,0.5,246.72986
54.25,0.5,246.67986
54.25,0.5,246.62986
54.25,0.5,246.57986
54.25,0.5,246.52986
54.25,0.5,246.47986
54.25,0.5,246.42986
54.25,0.5,246.37986
54.25,0.5,246.32986
54.25,0.5,246.27986
54.25,0.5,246.22986
54.25,0.5,246.17986
54.25,0.5,246.12986
54.25,0.5,246.07986
54.25,0.5,246.02986
54.25,0.5,245.97986
54.25,0.5,245.92986
54.25,0.5,245.87986
54.25,0.5,245.82986
54.25,0.5,245.77986
54.25,0.5,245.72986
54.25,0.5,245.67986
54.25,0.5,245.62986
54.25,0.5,245.57986
54.25,0.5,245.52986
54.25,0.5,245.47986
54.25,0.5,245.42986
54.25,0.5,245.37986
54.25,0.5,245.32986
54.25,0.5,245.27986
54.25,0.5,245.22986
52.25,0.5,245.29685
52.25,0.5,245.24685
52.25,0.5,245.19685
52.25,0.5,245.14685
52.25,0.5,244.97185
52.25,0.5,244.42185
52.25,0.5,243.37185
52.25,0.5,241.82185
52.25,0.5,239.77185
52.25,0.5,237.22185
52.25,0.5,234.17185
52.25,0.5,230.62185
52.75,0.5,245.2676
52.75,0.5,245.21761
52.75,0.5,245.1676
52.75,0.5,245.1176
52.75,0.5,244.9426
52.75,0.5,244.3926
52.75,0.5,243.34261
52.75,0.5,241.7926
52.75,0.5,239.7426
52.75,0.5,237.1926
52.75,0.5,234.1426
52.75,0.5,230.59261
53.25,0.5,245.23836
53.25,0.5,245.18835
53.25,0.5,245.13835
53.25,0.5,245.08835
53.25,0.5,244.91336
53.25,0.5,244.36336
53.25,0.5,243.31335
53.25,0.5,241.76335
53.25,0.5,239.71335
53.25,0.5,237.16336
53.25,0.5,234.11336
53.25,0.5,230.56335
53.75,0.5,245.20911
53.75,0.5,245.1591
53.75,0.5,245.1091
53.75,0.5,245.05911
53.75,0.5,244.88411
53.75,0.5,244.33411
53.75,0.5,243.2841
53.75,0.5,241.7341
53.75,0.5,239.68411
53.75,0.5,237.13411
53.75,0.5,234.08411
53.75,0.5,230.5341
54.25,0.5,245.17986
54.25,0.5,245.12986
54.25,0.5,245.07986
54.25,0.5,245.02986
54.25,0.5,244.85486
54.25,0.5,244.30486
54.25,0.5,243.25486
54.25,0.5,241.70486
54.25,0.5,239.65486
54.25,0.5,237.10486
54.25,0.5,234.05486
54.25,0.5,230.50486
54.75,0.5,246.95011
54.75,0.5,246.90011
54.75,0.5,246.85011
54.75,0.5,246.80011
54.75,0.5,246.75011
54.75,0.5,246.70011
54.75,0.5,246.65011
54.75,0.5,246.60011
54.75,0.5,246.55011
54.75,0.5,246.50011
54.75,0.5,246.45011
54.75,0.5,246.40011
54.75,0.5,246.35011
54.75,0.5,246.30011
54.75,0.5,246.25011
54.75,0.5,246.20011
54.75,0.5,246.15011
54.75,0.5,246.10011
54.75,0.5,246.05011
54.75,0.5,246.00011
54.75,0.5,245.95011
54.75,0.5,245.90011
54.75,0.5,245.85011
54.75,0.5,245.80011
54.75,0.5,245.75011
54.75,0.5,245.70011
54.75,0.5,245.65011
54.75,0.5,245.60011
54.75,0.5,245.55011
54.75,0.5,245.50011
54.75,0.5,245.45011
54.75,0.5,245.40011
54.75,0.5,245.35011
54.75,0.5,245.30011
54.75,0.5,245.25011
54.75,0.5,245.20011
55.25,0.5,246.91948
55.25,0.5,246.86948
55.25,0.5,246.81948
55.25,0.5,246.76948
55.25,0.5,246.71948
55.25,0.5,246.66948
55.25,0.5,246.61948
55.25,0.5,246.56948
55.25,0.5,246.51948
55.25,0.5,246.46948
55.25,0.5,246.41948
55.25,0.5,246.36948
55.25,0.5,246.31948
55.25,0.5,246.26948
55.25,0.5,246.21948
55.25,0.5,246.16948
55.25,0.5,246.11948
55.25,0.5,246.06948
55.25,0.5,246.01948
55.25,0.5,245.96948
55.25,0.5,245.91948
55.25,0.5,245.86948
55.25,0.5,245.81948
55.25,0.5,245.76948
55.25,0.5,245.71948
55.25,0.5,245.66948
55.25,0.5,245.61948
55.25,0.5,245.56948
55.25,0.5,245.51948
55.25,0.5,245.46948
55.25,0.5,245.41948
55.25,0.5,245.36948
55.25,0.5,245.31948
55.25,0.5,245.26948
55.25,0.5,245.21948
55.25,0.5,245.16948
55.75,0.5,246.88848
55.75,0.5,246.83848
55.75,0.5,246.78848
55.75,0.5,246.73848
55.75,0.5,246.68848
55.75,0.5,246.63848
55.75,0.5,246.58848
55.75,0.5,246.53848
55.75,0.5,246.48848
55.75,0.5,246.43848
55.75,0.5,246.38848
55.75,0.5,246.33848
55.75,0.5,246.28848
55.75,0.5,246.23848
55.75,0.5,246.18848
55.75,0.5,246.13848
55.75,0.5,246.08848
55.75,0.5,246.03848
55.75,0.5,245.98848
55.75,0.5,245.93848
55.75,0.5,245.88848
55.75,0.5,245.83848
55.75,0.5,245.78848
55.75,0.5,245.73848
55.75,0.5,245.68848
55.75,0.5,245.63848
55.75,0.5,245.58848
55.75,0.5,245.53848
55.75,0.5,245.48848
55.75,0.5,245.43848
55.75,0.5,245.38848
55.75,0.5,245.33848
55.75,0.5,245.28848
55.75,0.5,245.23848
55.75,0.5,245.18848
55.75,0.5,245.13848
56.25,0.5,246.85748
56.25,0.5,246.80748
56.25,0.5,246.75748
56.25,0.5,246.70748
56.25,0.5,246.65748
56.25,0.5,246.60748
56.25,0.5,246.55748
56.25,0.5,246.50748
56.25,0.5,246.45748
56.25,0.5,246.40748
56.25,0.5,246.35748
56.25,0.5,246.30748
56.25,0.5,246.25748
56.25,0.5,246.20748
56.25,0.5,246.15748
56.25,0.5,246.10748
56.25,0.5,246.05748
56.25,0.5,246.00748
56.25,0.5,245.95748
56.25,0.5,245.90748
56.25,0.5,245.85748
56.25,0.5,245.80748
56.25,0.5,245.75748
56.25,0.5,245.70748
56.25,0.5,245.65748
56.25,0.5,245.60748
56.25,0.5,245.55748
56.25,0.5,245.50748
56.25,0.5,245.45748
56.25,0.5,245.40748
56.25,0.5,245.35748
56.25,0.5,245.30748
56.25,0.5,245.25748
56.25,0.5,245.20748
56.25,0.5,245.15748
56.25,0.5,245.10748
54.75,0.5,245.15011
54.75,0.5,245.10011
54.75,0.5,245.05011
54.75,0.5,245.00011
54.75,0.5,244.82511
54.75,0.5,244.27511
54.75,0.5,243.22511
54.75,0.5,241.67511
54.75,0.5,239.62511
54.75,0.5,237.07511
54.75,0.5,234.02511
54.75,0.5,230.47511
55.25,0.5,245.11948
55.25,0.5,245.06948
55.25,0.5,245.01948
55.25,0.5,244.96948
55.25,0.5,244.79448
55.25,0.5,244.24448
55.25,0.5,243.19448
55.25,0.5,241.64448
55.25,0.5,239.59448
55.25,0.5,237.04448
55.25,0.5,233.99448
55.25,0.5,230.44448
55.75,0.5,245.08848
55.75,0.5,245.03848
55.75,0.5,244.98848
55.75,0.5,244.93848
55.75,0.5,244.76348
55.75,0.5,244.21348
55.75,0.5,243.16348
55.75,0.5,241.61348
55.75,0.5,239.56348
55.75,0.5,237.01348
55.75,0.5,233.96348
55.75,0.5,230.41348
56.25,0.5,245.05748
56.25,0.5,245.00748
56.25,0.5,244.95748
56.25,0.5,244.90748
56.25,0.5,244.73248
56.25,0.5,244.18248
56.25,0.5,243.13248
56.25,0.5,241.58248
56.25,0.5,239.53248
56.25,0.5,236.98248
56.25,0.5,233.93248
56.25,0.5,230.38248
56.75,0.5,246.82648
56.75,0.5,246.77648
56.75,0.5,246.72648
56.75,0.5,246.67648
56.75,0.5,246.62648
56.75,0.5,246.57648
56.75,0.5,246.52648
56.75,0.5,246.47648
56.75,0.5,246.42648
56.75,0.5,246.37648
56.75,0.5,246.32648
56.75,0.5,246.27648
56.75,0.5,246.22648
56.75,0.5,246.17648
56.75,0.5,246.12648
56.75,0.5,246.07648
56.75,0.5,246.02648
56.75,0.5,245.97648
56.75,0.5,245.92648
56.75,0.5,245.87648
56.75,0.5,245.82648
56.75,0.5,245.77648
56.75,0.5,245.72648
56.75,0.5,245.67648
56.75,0.5,245.62648
56.75,0.5,245.57648
56.75,0.5,245.52648
56.75,0.5,245.47648
56.75,0.5,245.42648
56.75,0.5,245.37648
56.75,0.5,245.32648
56.75,0.5,245.27648
56.75,0.5,245.22648
56.75,0.5,245.17648
56.75,0.5,245.12648
56.75,0.5,245.07648
57.25,0.5,246.79548
57.25,0.5,246.74548
57.25,0.5,246.69548
57.25,0.5,246.64548
57.25,0.5,246.59548
57.25,0.5,246.54548
57.25,0.5,246.49548
57.25,0.5,246.44548
57.25,0.5,246.39548
57.25,0.5,246.34548
57.25,0.5,246.29548
57.25,0.5,246.24548
57.25,0.5,246.19548
57.25,0.5,246.14548
57.25,0.5,246.09548
57.25,0.5,246.04548
57.25,0.5,245.99548
57.25,0.5,245.94548
57.25,0.5,245.89548
57.25,0.5,245.84548
57.25,0.5,245.79548
57.25,0.5,245.74548
57.25,0.5,245.69548
57.25,0.5,245.64548
57.25,0.5,245.59548
57.25,0.5,245.54548
57.25,0.5,245.49548
57.25,0.5,245.44548
57.25,0.5,245.39548
57.25,0.5,245.34548
57.25,0.5,245.29548
57.25,0.5,245.24548
57.25,0.5,245.19548
57.25,0.5,245.14548
57.25,0.5,245.09548
57.25,0.5,245.04548
57.75,0.5,246.76448
57.75,0.5,246.71449
57.75,0.5,246.66448
57.75,0.5,246.61448
57.75,0.5,246.56448
57.75,0.5,246.51448
57.75,0.5,246.46449
57.75,0.5,246.41448
57.75,0.5,246.36448
57.75,0.5,246.31448
57.75,0.5,246.26448
57.75,0.5,246.21449
57.75,0.5,246.16448
57.75,0.5,246.11448
57.75,0.5,246.06448
57.75,0.5,246.01448
57.75,0.5,245.96449
57.75,0.5,245.91448
57.75,0.5,245.86448
57.75,0.5,245.81448
57.75,0.5,245.76448
57.75,0.5,245.71449
57.75,0.5,245.66448
57.75,0.5,245.61448
57.75,0.5,245.56448
57.75,0.5,245.51448
57.75,0.5,245.46449
57.75,0.5,245.41448
57.75,0.5,245.36448
57.75,0.5,245.31448
57.75,0.5,245.26448
57.75,0.5,245.21449
57.75,0.5,245.16448
57.75,0.5,245.11448
57.75,0.5,245.06448
57.75,0.5,245.01448
58.25,0.5,246.73348
58.25,0.5,246.68348
58.25,0.5,246.63348
58.25,0.5,246.58348
58.25,0.5,246.53349
58.25,0.5,246.48348
58.25,0.5,246.43348
58.25,0.5,246.38348
58.25,0.5,246.33348
58.25,0.5,246.28349
58.25,0.5,246.23348
58.25,0.5,246.18348
58.25,0.5,246.13348
58.25,0.5,246.08348
58.25,0.5,246.03349
58.25,0.5,245.98348
58.25,0.5,245.93348
58.25,0.5,245.88348
58.25,0.5,245.83348
58.25,0.5,245.78349
58.25,0.5,245.73348
58.25,0.5,245.68348
58.25,0.5,245.63348
58.25,0.5,245.58348
58.25,0.5,245.53349
58.25,0.5,245.48348
58.25,0.5,245.43348
58.25,0.5,245.38348
58.25,0.5,245.33348
58.25,0.5,245.28349
58.25,0.5,245.23348
58.25,0.5,245.18348
58.25,0.5,245.13348
58.25,0.5,245.08348
58.25,0.5,245.03349
58.25,0.5,244.98348
56.75,0.5,245.02648
56.75,0.5,244.97648
56.75,0.5,244.92648
56.75,0.5,244.87648
56.75,0.5,244.70148
56.75,0.5,244.15148
56.75,0.5,243.10148
56.75,0.5,241.55148
56.75,0.5,239.50148
56.75,0.5,236.95148
56.75,0.5,233.90148
56.75,0.5,230.35148
57.25,0.5,244.99548
57.25,0.5,244.94548
57.25,0.5,244.89548
57.25,0.5,244.84548
57.25,0.5,244.67048
57.25,0.5,244.12048
57.25,0.5,243.07048
57.25,0.5,241.52048
57.25,0.5,239.47048
57.25,0.5,236.92048
57.25,0.5,233.87048
57.25,0.5,230.32048
57.75,0.5,244.96449
57.75,0.5,244.91448
57.75,0.5,244.86448
57.75,0.5,244.81448
57.75,0.5,244.63948
57.75,0.5,244.08949
57.75,0.5,243.03948
57.75,0.5,241.48948
57.75,0.5,239.43948
57.75,0.5,236.88948
57.75,0.5,233.83949
57.75,0.5,230.28948
58.25,0.5,244.93348
58.25,0.5,244.88348
58.25,0.5,244.83348
58.25,0.5,244.78349
58.25,0.5,244.60848
58.25,0.5,244.05848
58.25,0.5,243.00848
58.25,0.5,241.45848
58.25,0.5,239.40849
58.25,0.5,236.85848
58.25,0.5,233.80848
58.25,0.5,230.25848
58.75,0.5,246.7009
58.75,0.5,246.6509
58.75,0.5,246.60091
58.75,0.5,246.5509
58.75,0.5,246.5009
58.75,0.5,246.4509
58.75,0.5,246.4009
58.75,0.5,246.35091
58.75,0.5,246.3009
58.75,0.5,246.2509
58.75,0.5,246.2009
58.75,0.5,246.1509
58.75,0.5,246.10091
58.75,0.5,246.0509
58.75,0.5,246.0009
58.75,0.5,245.9509
58.75,0.5,245.9009
58.75,0.5,245.85091
58.75,0.5,245.8009
58.75,0.5,245.7509
58.75,0.5,245.7009
58.75,0.5,245.6509
58.75,0.5,245.60091
58.75,0.5,245.5509
58.75,0.5,245.5009
58.75,0.5,245.4509
58.75,0.5,245.4009
58.75,0.5,245.35091
58.75,0.5,245.3009
58.75,0.5,245.2509
58.75,0.5,245.2009
58.75,0.5,245.1509
58.75,0.5,245.10091
58.75,0.5,245.0509
58.75,0.5,245.0009
58.75,0.5,244.9509
59.25,0.5,246.66623
59.25,0.5,246.61623
59.25,0.5,246.56624
59.25,0.5,246.51624
59.25,0.5,246.46623
59.25,0.5,246.41623
59.25,0.5,246.36623
59.25,0.5,246.31624
59.25,0.5,246.26624
59.25,0.5,246.21623
59.25,0.5,246.16623
59.25,0.5,246.11623
59.25,0.5,246.06624
59.25,0.5,246.01624
59.25,0.5,245.96623
59.25,0.5,245.91623
59.25,0.5,245.86623
59.25,0.5,245.81624
59.25,0.5,245.76624
59.25,0.5,245.71623
59.25,0.5,245.66623
59.25,0.5,245.61623
59.25,0.5,245.56624
59.25,0.5,245.51624
59.25,0.5,245.46623
59.25,0.5,245.41623
59.25,0.5,245.36623
59.25,0.5,245.31624
59.25,0.5,245.26624
59.25,0.5,245.21623
59.25,0.5,245.16623
59.25,0.5,245.11623
59.25,0.5,245.06624
59.25,0.5,245.01624
59.25,0.5,244.96623
59.25,0.5,244.91623
59.75,0.5,246.63106
59.75,0.5,246.58106
59.75,0.5,246.53107
59.75,0.5,246.48106
59.75,0.5,246.43106
59.75,0.5,246.38106
59.75,0.5,246.33106
59.75,0.5,246.28107
59.75,0.5,246.23106
59.75,0.5,246.18106
59.75,0.5,246.13106
59.75,0.5,246.08106
59.75,0.5,246.03107
59.75,0.5,245.98106
59.75,0.5,245.93106
59.75,0.5,245.88106
59.75,0.5,245.83106
59.75,0.5,245.78107
59.75,0.5,245.73106
59.75,0.5,245.68106
59.75,0.5,245.63106
59.75,0.5,245.58106
59.75,0.5,245.53107
59.75,0.5,245.48106
59.75,0.5,245.43106
59.75,0.5,245.38106
59.75,0.5,245.33106
59.75,0.5,245.28107
59.75,0.5,245.23106
59.75,0.5,245.18106
59.75,0.5,245.13106
59.75,0.5,245.08106
59.75,0.5,245.03107
59.75,0.5,244.98106
59.75,0.5,244.93106
59.75,0.5,244.88106
60.25,0.5,246.59589
60.25,0.5,246.54589
60.25,0.5,246.4959
60.25,0.5,246.44589
60.25,0.5,246.39589
60.25,0.5,246.34589
60.25,0.5,246.29589
60.25,0.5,246.2459
60.25,0.5,246.19589
60.25,0.5,246.14589
60.25,0.5,246.09589
60.25,0.5,246.04589
60.25,0.5,245.9959
60.25,0.5,245.94589
60.25,0.5,245.89589
60.25,0.5,245.84589
60.25,0.5,245.79589
60.25,0.5,245.7459
60.25,0.5,245.69589
60.25,0.5,245.64589
60.25,0.5,245.59589
60.25,0.5,245.54589
60.25,0.5,245.4959
60.25,0.5,245.44589
60.25,0.5,245.39589
60.25,0.5,245.34589
60.25,0.5,245.29589
60.25,0.5,245.2459
60.25,0.5,245.19589
60.25,0.5,245.14589
60.25,0.5,245.09589
60.25,0.5,245.04589
60.25,0.5,244.9959
60.25,0.5,244.94589
60.25,0.5,244.89589
60.25,0.5,244.84589
58.75,0.5,244.9009
58.75,0.5,244.85091
58.75,0.5,244.8009
58.75,0.5,244.7509
58.75,0.5,244.5759
58.75,0.5,244.0259
58.75,0.5,242.97591
58.75,0.5,241.4259
58.75,0.5,239.3759
58.75,0.5,236.8259
58.75,0.5,233.7759
58.75,0.5,230.22591
59.25,0.5,244.86623
59.25,0.5,244.81624
59.25,0.5,244.76624
59.25,0.5,244.71623
59.25,0.5,244.54123
59.25,0.5,243.99123
59.25,0.5,242.94124
59.25,0.5,241.39124
59.25,0.5,239.34123
59.25,0.5,236.79123
59.25,0.5,233.74123
59.25,0.5,230.19124
59.75,0.5,244.83106
59.75,0.5,244.78107
59.75,0.5,244.73106
59.75,0.5,244.68106
59.75,0.5,244.50606
59.75,0.5,243.95606
59.75,0.5,242.90607
59.75,0.5,241.35606
59.75,0.5,239.30606
59.75,0.5,236.75606
59.75,0.5,233.70606
59.75,0.5,230.15607
60.25,0.5,244.79589
60.25,0.5,244.7459
60.25,0.5,244.69589
60.25,0.5,244.64589
60.25,0.5,244.47089
60.25,0.5,243.92089
60.25,0.5,242.8709
60.25,0.5,241.32089
60.25,0.5,239.27089
60.25,0.5,236.72089
60.25,0.5,233.67089
60.25,0.5,230.1209
60.75,0.5,246.56071
60.75,0.5,246.51072
60.75,0.5,246.46072
60.75,0.5,246.41072
60.75,0.5,246.36072
60.75,0.5,246.31071
60.75,0.5,246.26072
60.75,0.5,246.21072
60.75,0.5,246.16072
60.75,0.5,246.11072
60.75,0.5,246.06071
60.75,0.5,246.01072
60.75,0.5,245.96072
60.75,0.5,245.91072
60.75,0.5,245.86072
60.75,0.5,245.81071
60.75,0.5,245.76072
60.75,0.5,245.71072
60.75,0.5,245.66072
60.75,0.5,245.61072
60.75,0.5,245.56071
60.75,0.5,245.51072
60.75,0.5,245.46072
60.75,0.5,245.41072
60.75,0.5,245.36072
60.75,0.5,245.31071
60.75,0.5,245.26072
60.75,0.5,245.21072
60.75,0.5,245.16072
60.75,0.5,245.11072
60.75,0.5,245.06071
60.75,0.5,245.01072
60.75,0.5,244.96072
60.75,0.5,244.91072
60.75,0.5,244.86072
60.75,0.5,244.81071
61.25,0.5,246.52554
61.25,0.5,246.47555
61.25,0.5,246.42555
61.25,0.5,246.37555
61.25,0.5,246.32555
61.25,0.5,246.27554
61.25,0.5,246.22555
61.25,0.5,246.17555
61.25,0.5,246.12555
61.25,0.5,246.07555
61.25,0.5,246.02554
61.25,0.5,245.97555
61.25,0.5,245.92555
61.25,0.5,245.87555
61.25,0.5,245.82555
61.25,0.5,245.77554
61.25,0.5,245.72555
61.25,0.5,245.67555
61.25,0.5,245.62555
61.25,0.5,245.57555
61.25,0.5,245.52554
61.25,0.5,245.47555
61.25,0.5,245.42555
61.25,0.5,245.37555
61.25,0.5,245.32555
61.25,0.5,245.27554
61.25,0.5,245.22555
61.25,0.5,245.17555
61.25,0.5,245.12555
61.25,0.5,245.07555
61.25,0.5,245.02554
61.25,0.5,244.97555
61.25,0.5,244.92555
61.25,0.5,244.87555
61.25,0.5,244.82555
61.25,0.5,244.77554
61.75,0.5,246.49037
61.75,0.5,246.44038
61.75,0.5,246.39038
61.75,0.5,246.34038
61.75,0.5,246.29037
61.75,0.5,246.24037
61.75,0.5,246.19038
61.75,0.5,246.14038
61.75,0.5,246.09038
61.75,0.5,246.04037
61.75,0.5,245.99037
61.75,0.5,245.94038
61.75,0.5,245.89038
61.75,0.5,245.84038
61.75,0.5,245.79037
61.75,0.5,245.74037
61.75,0.5,245.69038
61.75,0.5,245.64038
61.75,0.5,245.59038
61.75,0.5,245.54037
61.75,0.5,245.49037
61.75,0.5,245.44038
61.75,0.5,245.39038
61.75,0.5,245.34038
61.75,0.5,245.29037
61.75,0.5,245.24037
61.75,0.5,245.19038
61.75,0.5,245.14038
61.75,0.5,245.09038
61.75,0.5,245.04037
61.75,0.5,244.99037
61.75,0.5,244.94038
61.75,0.5,244.89038
61.75,0.5,244.84038
61.75,0.5,244.79037
61.75,0.5,244.74037
62.25,0.5,246.4552
62.25,0.5,246.4052
62.25,0.5,246.35521
62.25,0.5,246.30521
62.25,0.5,246.2552
62.25,0.5,246.2052
62.25,0.5,246.1552
62.25,0.5,246.10521
62.25,0.5,246.05521
62.25,0.5,246.0052
62.25,0.5,245.9552
62.25,0.5,245.9052
62.25,0.5,245.85521
62.25,0.5,245.80521
62.25,0.5,245.7552
62.25,0.5,245.7052
62.25,0.5,245.6552
62.25,0.5,245.60521
62.25,0.5,245.55521
62.25,0.5,245.5052
62.25,0.5,245.4552
62.25,0.5,245.4052
62.25,0.5,245.35521
62.25,0.5,245.30521
62.25,0.5,245.2552
62.25,0.5,245.2052
62.25,0.5,245.1552
62.25,0.5,245.10521
62.25,0.5,245.05521
62.25,0.5,245.0052
62.25,0.5,244.9552
62.25,0.5,244.9052
62.25,0.5,244.85521
62.25,0.5,244.80521
62.25,0.5,244.7552
62.25,0.5,244.7052
60.75,0.5,244.76072
60.75,0.5,244.71072
60.75,0.5,244.66072
60.75,0.5,244.61072
60.75,0.5,244.43571
60.75,0.5,243.88572
60.75,0.5,242.83572
60.75,0.5,241.28572
60.75,0.5,239.23572
60.75,0.5,236.68571
60.75,0.5,233.63572
60.75,0.5,230.08572
61.25,0.5,244.72555
61.25,0.5,244.67555
61.25,0.5,244.62555
61.25,0.5,244.57555
61.25,0.5,244.40054
61.25,0.5,243.85055
61.25,0.5,242.80055
61.25,0.5,241.25055
61.25,0.5,239.20055
61.25,0.5,236.65054
61.25,0.5,233.60055
61.25,0.5,230.05055
61.75,0.5,244.69038
61.75,0.5,244.64038
61.75,0.5,244.59038
61.75,0.5,244.54037
61.75,0.5,244.36537
61.75,0.5,243.81538
61.75,0.5,242.76538
61.75,0.5,241.21538
61.75,0.5,239.16537
61.75,0.5,236.61537
61.75,0.5,233.56538
61.75,0.5,230.01538
62.25,0.5,244.6552
62.25,0.5,244.60521
62.25,0.5,244.55521
62.25,0.5,244.5052
62.25,0.5,244.3302
62.25,0.5,243.7802
62.25,0.5,242.73021
62.25,0.5,241.18021
62.25,0.5,239.1302
62.25,0.5,236.5802
62.25,0.5,233.5302
62.25,0.5,229.98021
62.75,0.5,246.41793
62.75,0.5,246.36793
62.75,0.5,246.31793
62.75,0.5,246.26793
62.75,0.5,246.21793
62.75,0.5,246.16793
62.75,0.5,246.11793
62.75,0.5,246.06793
62.75,0.5,246.01793
62.75,0.5,245.96793
62.75,0.5,245.91793
62.75,0.5,245.86793
62.75,0.5,245.81793
62.75,0.5,245.76793
62.75,0.5,245.71793
62.75,0.5,245.66793
62.75,0.5,245.61793
62.75,0.5,245.56793
62.75,0.5,245.51793
62.75,0.5,245.46793
62.75,0.5,245.41793
62.75,0.5,245.36793
62.75,0.5,245.31793
62.75,0.5,245.26793
62.75,0.5,245.21793
62.75,0.5,245.16793
62.75,0.5,245.11793
62.75,0.5,245.06793
62.75,0.5,245.01793
62.75,0.5,244.96793
62.75,0.5,244.91793
62.75,0.5,244.86793
62.75,0.5,244.81793
62.75,0.5,244.76793
62.75,0.5,244.71793
62.75,0.5,244.66793
63.25,0.5,246.37842
63.25,0.5,246.32842
63.25,0.5,246.27842
63.25,0.5,246.22842
63.25,0.5,246.17842
63.25,0.5,246.12842
63.25,0.5,246.07842
63.25,0.5,246.02842
63.25,0.5,245.97842
63.25,0.5,245.92842
63.25,0.5,245.87842
63.25,0.5,245.82842
63.25,0.5,245.77842
63.25,0.5,245.72842
63.25,0.5,245.67842
63.25,0.5,245.62842
63.25,0.5,245.57842
63.25,0.5,245.52842
63.25,0.5,245.47842
63.25,0.5,245.42842
63.25,0.5,245.37842
63.25,0.5,245.32842
63.25,0.5,245.27842
63.25,0.5,245.22842
63.25,0.5,245.17842
63.25,0.5,245.12842
63.25,0.5,245.07842
63.25,0.5,245.02842
63.25,0.5,244.97842
63.25,0.5,244.92842
63.25,0.5,244.87842
63.25,0.5,244.82842
63.25,0.5,244.77842
63.25,0.5,244.72842
63.25,0.5,244.67842
63.25,0.5,244.62842
63.75,0.5,246.33878
63.75,0.5,246.28878
63.75,0.5,246.23878
63.75,0.5,246.18879
63.75,0.5,246.13879
63.75,0.5,246.08878
63.75,0.5,246.03878
63.75,0.5,245.98878
63.75,0.5,245.93879
63.75,0.5,245.88879
63.75,0.5,245.83878
63.75,0.5,245.78878
63.75,0.5,245.73878
63.75,0.5,245.68879
63.75,0.5,245.63879
63.75,0.5,245.58878
63.75,0.5,245.53878
63.75,0.5,245.48878
63.75,0.5,245.43879
63.75,0.5,245.38879
63.75,0.5,245.33878
63.75,0.5,245.28878
63.75,0.5,245.23878
63.75,0.5,245.18879
63.75,0.5,245.13879
63.75,0.5,245.08878
63.75,0.5,245.03878
63.75,0.5,244.98878
63.75,0.5,244.93879
63.75,0.5,244.88879
63.75,0.5,244.83878
63.75,0.5,244.78878
63.75,0.5,244.73878
63.75,0.5,244.68879
63.75,0.5,244.63879
63.75,0.5,244.58878
64.25,0.5,246.29915
64.25,0.5,246.24915
64.25,0.5,246.19915
64.25,0.5,246.14915
64.25,0.5,246.09915
64.25,0.5,246.04915
64.25,0.5,245.99915
64.25,0.5,245.94915
64.25,0.5,245.89915
64.25,0.5,245.84915
64.25,0.5,245.79915
64.25,0.5,245.74915
64.25,0.5,245.69915
64.25,0.5,245.64915
64.25,0.5,245.59915
64.25,0.5,245.54915
64.25,0.5,245.49915
64.25,0.5,245.44915
64.25,0.5,245.39915
64.25,0.5,245.34915
64.25,0.5,245.29915
64.25,0.5,245.24915
64.25,0.5,245.19915
64.25,0.5,245.14915
64.25,0.5,245.09915
64.25,0.5,245.04915
64.25,0.5,244.99915
64.25,0.5,244.94915
64.25,0.5,244.89915
64.25,0.5,244.84915
64.25,0.5,244.79915
64.25,0.5,244.74915
64.25,0.5,244.69915
64.25,0.5,244.64915
64.25,0.5,244.59915
64.25,0.5,244.54915
62.75,0.5,244.61793
62.75,0.5,244.56793
62.75,0.5,244.51793
62.75,0.5,244.46793
62.75,0.5,244.29293
62.75,0.5,243.74293
62.75,0.5,242.69293
62.75,0.5,241.14293
62.75,0.5,239.09293
62.75,0.5,236.54293
62.75,0.5,233.49293
62.75,0.5,229.94293
63.25,0.5,244.57842
63.25,0.5,244.52842
63.25,0.5,244.47842
63.25,0.5,244.42842
63.25,0.5,244.25342
63.25,0.5,243.70342
63.25,0.5,242.65342
63.25,0.5,241.10342
63.25,0.5,239.05342
63.25,0.5,236.50342
63.25,0.5,233.45342
63.25,0.5,229.90342
63.75,0.5,244.53878
63.75,0.5,244.48878
63.75,0.5,244.43879
63.75,0.5,244.38879
63.75,0.5,244.21378
63.75,0.5,243.66378
63.75,0.5,242.61378
63.75,0.5,241.06379
63.75,0.5,239.01379
63.75,0.5,236.46378
63.75,0.5,233.41378
63.75,0.5,229.86378
64.25,0.5,244.49915
64.25,0.5,244.44915
64.25,0.5,244.39915
64.25,0.5,244.34915
64.25,0.5,244.17415
64.25,0.5,243.62415
64.25,0.5,242.57415
64.25,0.5,241.02415
64.25,0.5,238.97415
64.25,0.5,236.42415
64.25,0.5,233.37415
64.25,0.5,229.82415
64.75,0.5,246.25951
64.75,0.5,246.20951
64.75,0.5,246.15952
64.75,0.5,246.10952
64.75,0.5,246.05952
64.75,0.5,246.00951
64.75,0.5,245.95951
64.75,0.5,245.90952
64.75,0.5,245.85952
64.75,0.5,245.80952
64.75,0.5,245.75951
64.75,0.5,245.70951
64.75,0.5,245.65952
64.75,0.5,245.60952
64.75,0.5,245.55952
64.75,0.5,245.50951
64.75,0.5,245.45951
64.75,0.5,245.40952
64.75,0.5,245.35952
64.75,0.5,245.30952
64.75,0.5,245.25951
64.75,0.5,245.20951
64.75,0.5,245.15952
64.75,0.5,245.10952
64.75,0.5,245.05952
64.75,0.5,245.00951
64.75,0.5,244.95951
64.75,0.5,244.90952
64.75,0.5,244.85952
64.75,0.5,244.80952
64.75,0.5,244.75951
64.75,0.5,244.70951
64.75,0.5,244.65952
64.75,0.5,244.60952
64.75,0.5,244.55952
64.75,0.5,244.50951
65.25,0.5,246.21988
65.25,0.5,246.16988
65.25,0.5,246.11988
65.25,0.5,246.06988
65.25,0.5,246.01988
65.25,0.5,245.96988
65.25,0.5,245.91988
65.25,0.5,245.86988
65.25,0.5,245.81988
65.25,0.5,245.76988
65.25,0.5,245.71988
65.25,0.5,245.66988
65.25,0.5,245.61988
65.25,0.5,245.56988
65.25,0.5,245.51988
65.25,0.5,245.46988
65.25,0.5,245.41988
65.25,0.5,245.36988
65.25,0.5,245.31988
65.25,0.5,245.26988
65.25,0.5,245.21988
65.25,0.5,245.16988
65.25,0.5,245.11988
65.25,0.5,245.06988
65.25,0.5,245.01988
65.25,0.5,244.96988
65.25,0.5,244.91988
65.25,0.5,244.86988
65.25,0.5,244.81988
65.25,0.5,244.76988
65.25,0.5,244.71988
65.25,0.5,244.66988
65.25,0.5,244.61988
65.25,0.5,244.56988
65.25,0.5,244.51988
65.25,0.5,244.46988
65.75,0.5,246.18024
65.75,0.5,246.13025
65.75,0.5,246.08025
65.75,0.5,246.03024
65.75,0.5,245.98024
65.75,0.5,245.93024
65.75,0.5,245.88025
65.75,0.5,245.83025
65.75,0.5,245.78024
65.75,0.5,245.73024
65.75,0.5,245.68024
65.75,0.5,245.63025
65.75,0.5,245.58025
65.75,0.5,245.53024
65.75,0.5,245.48024
65.75,0.5,245.43024
65.75,0.5,245.38025
65.75,0.5,245.33025
65.75,0.5,245.28024
65.75,0.5,245.23024
65.75,0.5,245.18024
65.75,0.5,245.13025
65.75,0.5,245.08025
65.75,0.5,245.03024
65.75,0.5,244.98024
65.75,0.5,244.93024
65.75,0.5,244.88025
65.75,0.5,244.83025
65.75,0.5,244.78024
65.75,0.5,244.73024
65.75,0.5,244.68024
65.75,0.5,244.63025
65.75,0.5,244.58025
65.75,0.5,244.53024
65.75,0.5,244.48024
65.75,0.5,244.43024
66.25,0.5,246.14057
66.25,0.5,246.09057
66.25,0.5,246.04058
66.25,0.5,245.99058
66.25,0.5,245.94057
66.25,0.5,245.89057
66.25,0.5,245.84057
66.25,0.5,245.79058
66.25,0.5,245.74058
66.25,0.5,245.69057
66.25,0.5,245.64057
66.25,0.5,245.59057
66.25,0.5,245.54058
66.25,0.5,245.49058
66.25,0.5,245.44057
66.25,0.5,245.39057
66.25,0.5,245.34057
66.25,0.5,245.29058
66.25,0.5,245.24058
66.25,0.5,245.19057
66.25,0.5,245.14057
66.25,0.5,245.09057
66.25,0.5,245.04058
66.25,0.5,244.99058
66.25,0.5,244.94057
66.25,0.5,244.89057
66.25,0.5,244.84057
66.25,0.5,244.79058
66.25,0.5,244.74058
66.25,0.5,244.69057
66.25,0.5,244.64057
66.25,0.5,244.59057
66.25,0.5,244.54058
66.25,0.5,244.49058
66.25,0.5,244.44057
66.25,0.5,244.39057
64.75,0.5,244.45951
64.75,0.5,244.40952
64.75,0.5,244.35952
64.75,0.5,244.30952
64.75,0.5,244.13451
64.75,0.5,243.58451
64.75,0.5,242.53452
64.75,0.5,240.98452
64.75,0.5,238.93452
64.75,0.5,236.38451
64.75,0.5,233.33451
64.75,0.5,229.78452
65.25,0.5,244.41988
65.25,0.5,244.36988
65.25,0.5,244.31988
65.25,0.5,244.26988
65.25,0.5,244.09488
65.25,0.5,243.54488
65.25,0.5,242.49488
65.25,0.5,240.94488
65.25,0.5,238.89488
65.25,0.5,236.34488
65.25,0.5,233.29488
65.25,0.5,229.74488
65.75,0.5,244.38025
65.75,0.5,244.33025
65.75,0.5,244.28024
65.75,0.5,244.23024
65.75,0.5,244.05524
65.75,0.5,243.50525
65.75,0.5,242.45525
65.75,0.5,240.90524
65.75,0.5,238.85524
65.75,0.5,236.30524
65.75,0.5,233.25525
65.75,0.5,229.70525
66.25,0.5,244.34057
66.25,0.5,244.29058
66.25,0.5,244.24058
66.25,0.5,244.19057
66.25,0.5,244.01557
66.25,0.5,243.46557
66.25,0.5,242.41558
66.25,0.5,240.86558
66.25,0.5,238.81557
66.25,0.5,236.26557
66.25,0.5,233.21557
66.25,0.5,229.66558
66.75,0.5,246.10063
66.75,0.5,246.05063
66.75,0.5,246.00063
66.75,0.5,245.95063
66.75,0.5,245.90063
66.75,0.5,245.85063
66.75,0.5,245.80063
66.75,0.5,245.75063
66.75,0.5,245.70063
66.75,0.5,245.65063
66.75,0.5,245.60063
66.75,0.5,245.55063
66.75,0.5,245.50063
66.75,0.5,245.45063
66.75,0.5,245.40063
66.75,0.5,245.35063
66.75,0.5,245.30063
66.75,0.5,245.25063
66.75,0.5,245.20063
66.75,0.5,245.15063
66.75,0.5,245.10063
66.75,0.5,245.05063
66.75,0.5,245.00063
66.75,0.5,244.95063
66.75,0.5,244.90063
66.75,0.5,244.85063
66.75,0.5,244.80063
66.75,0.5,244.75063
66.75,0.5,244.70063
66.75,0.5,244.65063
66.75,0.5,244.60063
66.75,0.5,244.55063
66.75,0.5,244.50063
66.75,0.5,244.45063
66.75,0.5,244.40063
66.75,0.5,244.35063
67.25,0.5,246.06044
67.25,0.5,246.01044
67.25,0.5,245.96044
67.25,0.5,245.91044
67.25,0.5,245.86044
67.25,0.5,245.81044
67.25,0.5,245.76044
67.25,0.5,245.71044
67.25,0.5,245.66044
67.25,0.5,245.61044
67.25,0.5,245.56044
67.25,0.5,245.51044
67.25,0.5,245.46044
67.25,0.5,245.41044
67.25,0.5,245.36044
67.25,0.5,245.31044
67.25,0.5,245.26044
67.25,0.5,245.21044
67.25,0.5,245.16044
67.25,0.5,245.11044
67.25,0.5,245.06044
67.25,0.5,245.01044
67.25,0.5,244.96044
67.25,0.5,244.91044
67.25,0.5,244.86044
67.25,0.5,244.81044
67.25,0.5,244.76044
67.25,0.5,244.71044
67.25,0.5,244.66044
67.25,0.5,244.61044
67.25,0.5,244.56044
67.25,0.5,244.51044
67.25,0.5,244.46044
67.25,0.5,244.41044
67.25,0.5,244.36044
67.25,0.5,244.31044
67.75,0.5,246.02026
67.75,0.5,245.97025
67.75,0.5,245.92025
67.75,0.5,245.87025
67.75,0.5,245.82026
67.75,0.5,245.77026
67.75,0.5,245.72025
67.75,0.5,245.67025
67.75,0.5,245.62025
67.75,0.5,245.57026
67.75,0.5,245.52026
67.75,0.5,245.47025
67.75,0.5,245.42025
67.75,0.5,245.37025
67.75,0.5,245.32026
67.75,0.5,245.27026
67.75,0.5,245.22025
67.75,0.5,245.17025
67.75,0.5,245.12025
67.75,0.5,245.07026
67.75,0.5,245.02026
67.75,0.5,244.97025
67.75,0.5,244.92025
67.75,0.5,244.87025
67.75,0.5,244.82026
67.75,0.5,244.77026
67.75,0.5,244.72025
67.75,0.5,244.67025
67.75,0.5,244.62025
67.75,0.5,244.57026
67.75,0.5,244.52026
67.75,0.5,244.47025
67.75,0.5,244.42025
67.75,0.5,244.37025
67.75,0.5,244.32026
67.75,0.5,244.27026
68.25,0.5,245.98007
68.25,0.5,245.93007
68.25,0.5,245.88007
68.25,0.5,245.83007
68.25,0.5,245.78007
68.25,0.5,245.73007
68.25,0.5,245.68007
68.25,0.5,245.63007
68.25,0.5,245.58007
68.25,0.5,245.53007
68.25,0.5,245.48007
68.25,0.5,245.43007
68.25,0.5,245.38007
68.25,0.5,245.33007
68.25,0.5,245.28007
68.25,0.5,245.23007
68.25,0.5,245.18007
68.25,0.5,245.13007
68.25,0.5,245.08007
68.25,0.5,245.03007
68.25,0.5,244.98007
68.25,0.5,244.93007
68.25,0.5,244.88007
68.25,0.5,244.83007
68.25,0.5,244.78007
68.25,0.5,244.73007
68.25,0.5,244.68007
68.25,0.5,244.63007
68.25,0.5,244.58007
68.25,0.5,244.53007
68.25,0.5,244.48007
68.25,0.5,244.43007
68.25,0.5,244.38007
68.25,0.5,244.33007
68.25,0.5,244.28007
68.25,0.5,244.23007
66.75,0.5,244.30063
66.75,0.5,244.25063
66.75,0.5,244.20063
66.75,0.5,244.15063
66.75,0.5,243.97563
66.75,0.5,243.42563
66.75,0.5,242.37563
66.75,0.5,240.82563
66.75,0.5,238.77563
66.75,0.5,236.22563
66.75,0.5,233.17563
66.75,0.5,229.62563
67.25,0.5,244.26044
67.25,0.5,244.21044
67.25,0.5,244.16044
67.25,0.5,244.11044
67.25,0.5,243.93544
67.25,0.5,243.38544
67.25,0.5,242.33544
67.25,0.5,240.78544
67.25,0.5,238.73544
67.25,0.5,236.18544
67.25,0.5,233.13544
67.25,0.5,229.58544
67.75,0.5,244.22025
67.75,0.5,244.17025
67.75,0.5,244.12025
67.75,0.5,244.07026
67.75,0.5,243.89526
67.75,0.5,243.34525
67.75,0.5,242.29525
67.75,0.5,240.74525
67.75,0.5,238.69526
67.75,0.5,236.14526
67.75,0.5,233.09525
67.75,0.5,229.54525
68.25,0.5,244.18007
68.25,0.5,244.13007
68.25,0.5,244.08007
68.25,0.5,244.03007
68.25,0.5,243.85507
68.25,0.5,243.30507
68.25,0.5,242.25507
68.25,0.5,240.70507
68.25,0.5,238.65507
68.25,0.5,236.10507
68.25,0.5,233.05507
68.25,0.5,229.50507
68.75,0.5,245.93988
68.75,0.5,245.88988
68.75,0.5,245.83988
68.75,0.5,245.78988
68.75,0.5,245.73988
68.75,0.5,245.68988
68.75,0.5,245.63988
68.75,0.5,245.58988
68.75,0.5,245.53988
68.75,0.5,245.48988
68.75,0.5,245.43988
68.75,0.5,245.38988
68.75,0.5,245.33988
68.75,0.5,245.28988
68.75,0.5,245.23988
68.75,0.5,245.18988
68.75,0.5,245.13988
68.75,0.5,245.08988
68.75,0.5,245.03988
68.75,0.5,244.98988
68.75,0.5,244.93988
68.75,0.5,244.88988
68.75,0.5,244.83988
68.75,0.5,244.78988
68.75,0.5,244.73988
68.75,0.5,244.68988
68.75,0.5,244.63988
68.75,0.5,244.58988
68.75,0.5,244.53988
68.75,0.5,244.48988
68.75,0.5,244.43988
68.75,0.5,244.38988
68.75,0.5,244.33988
68.75,0.5,244.28988
68.75,0.5,244.23988
68.75,0.5,244.18988
69.25,0.5,245.8997
69.25,0.5,245.84969
69.25,0.5,245.79969
69.25,0.5,245.74969
69.25,0.5,245.6997
69.25,0.5,245.6497
69.25,0.5,245.59969
69.25,0.5,245.54969
69.25,0.5,245.49969
69.25,0.5,245.4497
69.25,0.5,245.3997
69.25,0.5,245.34969
69.25,0.5,245.29969
69.25,0.5,245.24969
69.25,0.5,245.1997
69.25,0.5,245.1497
69.25,0.5,245.09969
69.25,0.5,245.04969
69.25,0.5,244.99969
69.25,0.5,244.9497
69.25,0.5,244.8997
69.25,0.5,244.84969
69.25,0.5,244.79969
69.25,0.5,244.74969
69.25,0.5,244.6997
69.25,0.5,244.6497
69.25,0.5,244.59969
69.25,0.5,244.54969
69.25,0.5,244.49969
69.25,0.5,244.4497
69.25,0.5,244.3997
69.25,0.5,244.34969
69.25,0.5,244.29969
69.25,0.5,244.24969
69.25,0.5,244.1997
69.25,0.5,244.1497
69.75,0.5,245.8595
69.75,0.5,245.80951
69.75,0.5,245.75951
69.75,0.5,245.70951
69.75,0.5,245.65951
69.75,0.5,245.6095
69.75,0.5,245.55951
69.75,0.5,245.50951
69.75,0.5,245.45951
69.75,0.5,245.40951
69.75,0.5,245.3595
69.75,0.5,245.30951
69.75,0.5,245.25951
69.75,0.5,245.20951
69.75,0.5,245.15951
69.75,0.5,245.1095
69.75,0.5,245.05951
69.75,0.5,245.00951
69.75,0.5,244.95951
69.75,0.5,244.90951
69.75,0.5,244.8595
69.75,0.5,244.80951
69.75,0.5,244.75951
69.75,0.5,244.70951
69.75,0.5,244.65951
69.75,0.5,244.6095
69.75,0.5,244.55951
69.75,0.5,244.50951
69.75,0.5,244.45951
69.75,0.5,244.40951
69.75,0.5,244.3595
69.75,0.5,244.30951
69.75,0.5,244.25951
69.75,0.5,244.20951
69.75,0.5,244.15951
69.75,0.5,244.1095
70.25,0.5,245.81909
70.25,0.5,245.76909
70.25,0.5,245.71909
70.25,0.5,245.66909
70.25,0.5,245.61909
70.25,0.5,245.56909
70.25,0.5,245.51909
70.25,0.5,245.46909
70.25,0.5,245.41909
70.25,0.5,245.36909
70.25,0.5,245.31909
70.25,0.5,245.26909
70.25,0.5,245.21909
70.25,0.5,245.16909
70.25,0.5,245.11909
70.25,0.5,245.06909
70.25,0.5,245.01909
70.25,0.5,244.96909
70.25,0.5,244.91909
70.25,0.5,244.86909
70.25,0.5,244.81909
70.25,0.5,244.76909
70.25,0.5,244.71909
70.25,0.5,244.66909
70.25,0.5,244.61909
70.25,0.5,244.56909
70.25,0.5,244.51909
70.25,0.5,244.46909
70.25,0.5,244.41909
70.25,0.5,244.36909
70.25,0.5,244.31909
70.25,0.5,244.26909
70.25,0.5,244.21909
70.25,0.5,244.16909
70.25,0.5,244.11909
70.25,0.5,244.06909
68.75,0.5,244.13988
68.75,0.5,244.08988
68.75,0.5,244.03988
68.75,0.5,243.98988
68.75,0.5,243.81488
68.75,0.5,243.26488
68.75,0.5,242.21488
68.75,0.5,240.66488
68.75,0.5,238.61488
68.75,0.5,236.06488
68.75,0.5,233.01488
68.75,0.5,229.46488
69.25,0.5,244.09969
69.25,0.5,244.04969
69.25,0.5,243.99969
69.25,0.5,243.9497
69.25,0.5,243.7747
69.25,0.5,243.22469
69.25,0.5,242.17469
69.25,0.5,240.62469
69.25,0.5,238.5747
69.25,0.5,236.0247
69.25,0.5,232.97469
69.25,0.5,229.42469
69.75,0.5,244.05951
69.75,0.5,244.00951
69.75,0.5,243.95951
69.75,0.5,243.90951
69.75,0.5,243.7345
69.75,0.5,243.18451
69.75,0.5,242.13451
69.75,0.5,240.58451
69.75,0.5,238.53451
69.75,0.5,235.9845
69.75,0.5,232.93451
69.75,0.5,229.38451
70.25,0.5,244.01909
70.25,0.5,243.96909
70.25,0.5,243.91909
70.25,0.5,243.86909
70.25,0.5,243.69409
70.25,0.5,243.14409
70.25,0.5,242.09409
70.25,0.5,240.54409
70.25,0.5,238.49409
70.25,0.5,235.94409
70.25,0.5,232.89409
70.25,0.5,229.34409
70.75,0.5,245.77793
70.75,0.5,245.72794
70.75,0.5,245.67793
70.75,0.5,245.62793
70.75,0.5,245.57793
70.75,0.5,245.52793
70.75,0.5,245.47794
70.75,0.5,245.42793
70.75,0.5,245.37793
70.75,0.5,245.32793
70.75,0.5,245.27793
70.75,0.5,245.22794
70.75,0.5,245.17793
70.75,0.5,245.12793
70.75,0.5,245.07793
70.75,0.5,245.02793
70.75,0.5,244.97794
70.75,0.5,244.92793
70.75,0.5,244.87793
70.75,0.5,244.82793
70.75,0.5,244.77793
70.75,0.5,244.72794
70.75,0.5,244.67793
70.75,0.5,244.62793
70.75,0.5,244.57793
70.75,0.5,244.52793
70.75,0.5,244.47794
70.75,0.5,244.42793
70.75,0.5,244.37793
70.75,0.5,244.32793
70.75,0.5,244.27793
70.75,0.5,244.22794
70.75,0.5,244.17793
70.75,0.5,244.12793
70.75,0.5,244.07793
70.75,0.5,244.02793
71.25,0.5,245.73626
71.25,0.5,245.68626
71.25,0.5,245.63626
71.25,0.5,245.58626
71.25,0.5,245.53626
71.25,0.5,245.48626
71.25,0.5,245.43626
71.25,0.5,245.38626
71.25,0.5,245.33626
71.25,0.5,245.28626
71.25,0.5,245.23626
71.25,0.5,245.18626
71.25,0.5,245.13626
71.25,0.5,245.08626
71.25,0.5,245.03626
71.25,0.5,244.98626
71.25,0.5,244.93626
71.25,0.5,244.88626
71.25,0.5,244.83626
71.25,0.5,244.78626
71.25,0.5,244.73626
71.25,0.5,244.68626
71.25,0.5,244.63626
71.25,0.5,244.58626
71.25,0.5,244.53626
71.25,0.5,244.48626
71.25,0.5,244.43626
71.25,0.5,244.38626
71.25,0.5,244.33626
71.25,0.5,244.28626
71.25,0.5,244.23626
71.25,0.5,244.18626
71.25,0.5,244.13626
71.25,0.5,244.08626
71.25,0.5,244.03626
71.25,0.5,243.98626
71.75,0.5,245.6946
71.75,0.5,245.64459
71.75,0.5,245.59459
71.75,0.5,245.54459
71.75,0.5,245.49459
71.75,0.5,245.4446
71.75,0.5,245.39459
71.75,0.5,245.34459
71.75,0.5,245.29459
71.75,0.5,245.24459
71.75,0.5,245.1946
71.75,0.5,245.14459
71.75,0.5,245.09459
71.75,0.5,245.04459
71.75,0.5,244.99459
71.75,0.5,244.9446
71.75,0.5,244.89459
71.75,0.5,244.84459
71.75,0.5,244.79459
71.75,0.5,244.74459
71.75,0.5,244.6946
71.75,0.5,244.64459
71.75,0.5,244.59459
71.75,0.5,244.54459
71.75,0.5,244.49459
71.75,0.5,244.4446
71.75,0.5,244.39459
71.75,0.5,244.34459
71.75,0.5,244.29459
71.75,0.5,244.24459
71.75,0.5,244.1946
71.75,0.5,244.14459
71.75,0.5,244.09459
71.75,0.5,244.04459
71.75,0.5,243.99459
71.75,0.5,243.9446
72.25,0.5,245.65292
72.25,0.5,245.60292
72.25,0.5,245.55292
72.25,0.5,245.50291
72.25,0.5,245.45292
72.25,0.5,245.40292
72.25,0.5,245.35292
72.25,0.5,245.30292
72.25,0.5,245.25291
72.25,0.5,245.20292
72.25,0.5,245.15292
72.25,0.5,245.10292
72.25,0.5,245.05292
72.25,0.5,245.00291
72.25,0.5,244.95292
72.25,0.5,244.90292
72.25,0.5,244.85292
72.25,0.5,244.80292
72.25,0.5,244.75291
72.25,0.5,244.70292
72.25,0.5,244.65292
72.25,0.5,244.60292
72.25,0.5,244.55292
72.25,0.5,244.50291
72.25,0.5,244.45292
72.25,0.5,244.40292
72.25,0.5,244.35292
72.25,0.5,244.30292
72.25,0.5,244.25291
72.25,0.5,244.20292
72.25,0.5,244.15292
72.25,0.5,244.10292
72.25,0.5,244.05292
72.25,0.5,244.00291
72.25,0.5,243.95292
72.25,0.5,243.90292
70.75,0.5,243.97794
70.75,0.5,243.92793
70.75,0.5,243.87793
70.75,0.5,243.82793
70.75,0.5,243.65293
70.75,0.5,243.10294
70.75,0.5,242.05293
70.75,0.5,240.50293
70.75,0.5,238.45293
70.75,0.5,235.90293
70.75,0.5,232.85294
70.75,0.5,229.30293
71.25,0.5,243.93626
71.25,0.5,243.88626
71.25,0.5,243.83626
71.25,0.5,243.78626
71.25,0.5,243.61126
71.25,0.5,243.06126
71.25,0.5,242.01126
71.25,0.5,240.46126
71.25,0.5,238.41126
71.25,0.5,235.86126
71.25,0.5,232.81126
71.25,0.5,229.26126
71.75,0.5,243.89459
71.75,0.5,243.84459
71.75,0.5,243.79459
71.75,0.5,243.74459
71.75,0.5,243.5696
71.75,0.5,243.01959
71.75,0.5,241.96959
71.75,0.5,240.41959
71.75,0.5,238.36959
71.75,0.5,235.8196
71.75,0.5,232.76959
71.75,0.5,229.21959
72.25,0.5,243.85292
72.25,0.5,243.80292
72.25,0.5,243.75291
72.25,0.5,243.70292
72.25,0.5,243.52792
72.25,0.5,242.97792
72.25,0.5,241.92792
72.25,0.5,240.37791
72.25,0.5,238.32792
72.25,0.5,235.77792
72.25,0.5,232.72792
72.25,0.5,229.17792
72.75,0.5,245.61125
72.75,0.5,245.56125
72.75,0.5,245.51125
72.75,0.5,245.46124
72.75,0.5,245.41125
72.75,0.5,245.36125
72.75,0.5,245.31125
72.75,0.5,245.26125
72.75,0.5,245.21124
72.75,0.5,245.16125
72.75,0.5,245.11125
72.75,0.5,245.06125
72.75,0.5,245.01125
72.75,0.5,244.96124
72.75,0.5,244.91125
72.75,0.5,244.86125
72.75,0.5,244.81125
72.75,0.5,244.76125
72.75,0.5,244.71124
72.75,0.5,244.66125
72.75,0.5,244.61125
72.75,0.5,244.56125
72.75,0.5,244.51125
72.75,0.5,244.46124
72.75,0.5,244.41125
72.75,0.5,244.36125
72.75,0.5,244.31125
72.75,0.5,244.26125
72.75,0.5,244.21124
72.75,0.5,244.16125
72.75,0.5,244.11125
72.75,0.5,244.06125
72.75,0.5,244.01125
72.75,0.5,243.96124
72.75,0.5,243.91125
72.75,0.5,243.86125
73.25,0.5,245.56958
73.25,0.5,245.51958
73.25,0.5,245.46957
73.25,0.5,245.41957
73.25,0.5,245.36958
73.25,0.5,245.31958
73.25,0.5,245.26958
73.25,0.5,245.21957
73.25,0.5,245.16957
73.25,0.5,245.11958
73.25,0.5,245.06958
73.25,0.5,245.01958
73.25,0.5,244.96957
73.25,0.5,244.91957
73.25,0.5,244.86958
73.25,0.5,244.81958
73.25,0.5,244.76958
73.25,0.5,244.71957
73.25,0.5,244.66957
73.25,0.5,244.61958
73.25,0.5,244.56958
73.25,0.5,244.51958
73.25,0.5,244.46957
73.25,0.5,244.41957
73.25,0.5,244.36958
73.25,0.5,244.31958
73.25,0.5,244.26958
73.25,0.5,244.21957
73.25,0.5,244.16957
73.25,0.5,244.11958
73.25,0.5,244.06958
73.25,0.5,244.01958
73.25,0.5,243.96957
73.25,0.5,243.91957
73.25,0.5,243.86958
73.25,0.5,243.81958
73.75,0.5,245.52791
73.75,0.5,245.47791
73.75,0.5,245.4279
73.75,0.5,245.37791
73.75,0.5,245.32791
73.75,0.5,245.27791
73.75,0.5,245.22791
73.75,0.5,245.1779
73.75,0.5,245.12791
73.75,0.5,245.07791
73.75,0.5,245.02791
73.75,0.5,244.97791
73.75,0.5,244.9279
73.75,0.5,244.87791
73.75,0.5,244.82791
73.75,0.5,244.77791
73.75,0.5,244.72791
73.75,0.5,244.6779
73.75,0.5,244.62791
73.75,0.5,244.57791
73.75,0.5,244.52791
73.75,0.5,244.47791
73.75,0.5,244.4279
73.75,0.5,244.37791
73.75,0.5,244.32791
73.75,0.5,244.27791
73.75,0.5,244.22791
73.75,0.5,244.1779
73.75,0.5,244.12791
73.75,0.5,244.07791
73.75,0.5,244.02791
73.75,0.5,243.97791
73.75,0.5,243.9279
73.75,0.5,243.87791
73.75,0.5,243.82791
73.75,0.5,243.77791
74.25,0.5,245.48575
74.25,0.5,245.43575
74.25,0.5,245.38575
74.25,0.5,245.33575
74.25,0.5,245.28575
74.25,0.5,245.23575
74.25,0.5,245.18575
74.25,0.5,245.13575
74.25,0.5,245.08575
74.25,0.5,245.03575
74.25,0.5,244.98575
74.25,0.5,244.93575
74.25,0.5,244.88575
74.25,0.5,244.83575
74.25,0.5,244.78575
74.25,0.5,244.73575
74.25,0.5,244.68575
74.25,0.5,244.63575
74.25,0.5,244.58575
74.25,0.5,244.53575
74.25,0.5,244.48575
74.25,0.5,244.43575
74.25,0.5,244.38575
74.25,0.5,244.33575
74.25,0.5,244.28575
74.25,0.5,244.23575
74.25,0.5,244.18575
74.25,0.5,244.13575
74.25,0.5,244.08575
74.25,0.5,244.03575
74.25,0.5,243.98575
74.25,0.5,243.93575
74.25,0.5,243.88575
74.25,0.5,243.83575
74.25,0.5,243.78575
74.25,0.5,243.73575
72.75,0.5,243.81125
72.75,0.5,243.76125
72.75,0.5,243.71124
72.75,0.5,243.66125
72.75,0.5,243.48625
72.75,0.5,242.93625
72.75,0.5,241.88625
72.75,0.5,240.33624
72.75,0.5,238.28625
72.75,0.5,235.73625
72.75,0.5,232.68625
72.75,0.5,229.13625
73.25,0.5,243.76958
73.25,0.5,243.71957
73.25,0.5,243.66957
73.25,0.5,243.61958
73.25,0.5,243.44458
73.25,0.5,242.89458
73.25,0.5,241.84457
73.25,0.5,240.29457
73.25,0.5,238.24458
73.25,0.5,235.69458
73.25,0.5,232.64458
73.25,0.5,229.09457
73.75,0.5,243.72791
73.75,0.5,243.6779
73.75,0.5,243.62791
73.75,0.5,243.57791
73.75,0.5,243.40291
73.75,0.5,242.85291
73.75,0.5,241.8029
73.75,0.5,240.25291
73.75,0.5,238.20291
73.75,0.5,235.65291
73.75,0.5,232.60291
73.75,0.5,229.0529
74.25,0.5,243.68575
74.25,0.5,243.63575
74.25,0.5,243.58575
74.25,0.5,243.53575
74.25,0.5,243.36075
74.25,0.5,242.81075
74.25,0.5,241.76075
74.25,0.5,240.21075
74.25,0.5,238.16075
74.25,0.5,235.61075
74.25,0.5,232.56075
74.25,0.5,229.01075
74.75,0.5,245.4426
74.75,0.5,245.3926
74.75,0.5,245.34261
74.75,0.5,245.29261
74.75,0.5,245.24261
74.75,0.5,245.1926
74.75,0.5,245.1426
74.75,0.5,245.09261
74.75,0.5,245.04261
74.75,0.5,244.99261
74.75,0.5,244.9426
74.75,0.5,244.8926
74.75,0.5,244.84261
74.75,0.5,244.79261
74.75,0.5,244.74261
74.75,0.5,244.6926
74.75,0.5,244.6426
74.75,0.5,244.59261
74.75,0.5,244.54261
74.75,0.5,244.49261
74.75,0.5,244.4426
74.75,0.5,244.3926
74.75,0.5,244.34261
74.75,0.5,244.29261
74.75,0.5,244.24261
74.75,0.5,244.1926
74.75,0.5,244.1426
74.75,0.5,244.09261
74.75,0.5,244.04261
74.75,0.5,243.99261
74.75,0.5,243.9426
74.75,0.5,243.8926
74.75,0.5,243.84261
74.75,0.5,243.79261
74.75,0.5,243.74261
74.75,0.5,243.6926
75.25,0.5,245.39896
75.25,0.5,245.34896
75.25,0.5,245.29897
75.25,0.5,245.24897
75.25,0.5,245.19897
75.25,0.5,245.14896
75.25,0.5,245.09896
75.25,0.5,245.04897
75.25,0.5,244.99897
75.25,0.5,244.94897
75.25,0.5,244.89896
75.25,0.5,244.84896
75.25,0.5,244.79897
75.25,0.5,244.74897
75.25,0.5,244.69897
75.25,0.5,244.64896
75.25,0.5,244.59896
75.25,0.5,244.54897
75.25,0.5,244.49897
75.25,0.5,244.44897
75.25,0.5,244.39896
75.25,0.5,244.34896
75.25,0.5,244.29897
75.25,0.5,244.24897
75.25,0.5,244.19897
75.25,0.5,244.14896
75.25,0.5,244.09896
75.25,0.5,244.04897
75.25,0.5,243.99897
75.25,0.5,243.94897
75.25,0.5,243.89896
75.25,0.5,243.84896
75.25,0.5,243.79897
75.25,0.5,243.74897
75.25,0.5,243.69897
75.25,0.5,243.64896
75.75,0.5,245.35532
75.75,0.5,245.30532
75.75,0.5,245.25533
75.75,0.5,245.20533
75.75,0.5,245.15533
75.75,0.5,245.10532
75.75,0.5,245.05532
75.75,0.5,245.00533
75.75,0.5,244.95533
75.75,0.5,244.90533
75.75,0.5,244.85532
75.75,0.5,244.80532
75.75,0.5,244.75533
75.75,0.5,244.70533
75.75,0.5,244.65533
75.75,0.5,244.60532
75.75,0.5,244.55532
75.75,0.5,244.50533
75.75,0.5,244.45533
75.75,0.5,244.40533
75.75,0.5,244.35532
75.75,0.5,244.30532
75.75,0.5,244.25533
75.75,0.5,244.20533
75.75,0.5,244.15533
75.75,0.5,244.10532
75.75,0.5,244.05532
75.75,0.5,244.00533
75.75,0.5,243.95533
75.75,0.5,243.90533
75.75,0.5,243.85532
75.75,0.5,243.80532
75.75,0.5,243.75533
75.75,0.5,243.70533
75.75,0.5,243.65533
75.75,0.5,243.60532
76.25,0.5,245.31168
76.25,0.5,245.26168
76.25,0.5,245.21169
76.25,0.5,245.16169
76.25,0.5,245.11169
76.25,0.5,245.06168
76.25,0.5,245.01168
76.25,0.5,244.96169
76.25,0.5,244.91169
76.25,0.5,244.86169
76.25,0.5,244.81168
76.25,0.5,244.76168
76.25,0.5,244.71169
76.25,0.5,244.66169
76.25,0.5,244.61169
76.25,0.5,244.56168
76.25,0.5,244.51168
76.25,0.5,244.46169
76.25,0.5,244.41169
76.25,0.5,244.36169
76.25,0.5,244.31168
76.25,0.5,244.26168
76.25,0.5,244.21169
76.25,0.5,244.16169
76.25,0.5,244.11169
76.25,0.5,244.06168
76.25,0.5,244.01168
76.25,0.5,243.96169
76.25,0.5,243.91169
76.25,0.5,243.86169
76.25,0.5,243.81168
76.25,0.5,243.76168
76.25,0.5,243.71169
76.25,0.5,243.66169
76.25,0.5,243.61169
76.25,0.5,243.56168
76.75,0.5,245.26804
76.75,0.5,245.21804
76.75,0.5,245.16805
76.75,0.5,245.11805
76.75,0.5,245.06805
76.75,0.5,245.01804
76.75,0.5,244.96804
76.75,0.5,244.91805
76.75,0.5,244.86805
76.75,0.5,244.81805
76.75,0.5,244.76804
76.75,0.5,244.71804
76.75,0.5,244.66805
76.75,0.5,244.61805
76.75,0.5,244.56805
76.75,0.5,244.51804
76.75,0.5,244.46804
76.75,0.5,244.41805
76.75,0.5,244.36805
76.75,0.5,244.31805
76.75,0.5,244.26804
76.75,0.5,244.21804
76.75,0.5,244.16805
76.75,0.5,244.11805
76.75,0.5,244.06805
76.75,0.5,244.01804
76.75,0.5,243.96804
76.75,0.5,243.91805
76.75,0.5,243.86805
76.75,0.5,243.81805
76.75,0.5,243.76804
76.75,0.5,243.71804
76.75,0.5,243.66805
76.75,0.5,243.61805
76.75,0.5,243.56805
76.75,0.5,243.51804
74.75,0.5,243.6426
74.75,0.5,243.59261
74.75,0.5,243.54261
74.75,0.5,243.49261
74.75,0.5,243.3176
74.75,0.5,242.7676
74.75,0.5,241.71761
74.75,0.5,240.16761
74.75,0.5,238.11761
74.75,0.5,235.5676
74.75,0.5,232.5176
74.75,0.5,228.96761
75.25,0.5,243.59896
75.25,0.5,243.54897
75.25,0.5,243.49897
75.25,0.5,243.44897
75.25,0.5,243.27396
75.25,0.5,242.72396
75.25,0.5,241.67397
75.25,0.5,240.12397
75.25,0.5,238.07397
75.25,0.5,235.52396
75.25,0.5,232.47396
75.25,0.5,228.92397
75.75,0.5,243.55532
75.75,0.5,243.50533
75.75,0.5,243.45533
75.75,0.5,243.40533
75.75,0.5,243.23032
75.75,0.5,242.68032
75.75,0.5,241.63033
75.75,0.5,240.08033
75.75,0.5,238.03033
75.75,0.5,235.48032
75.75,0.5,232.43032
75.75,0.5,228.88033
76.25,0.5,243.51168
76.25,0.5,243.46169
76.25,0.5,243.41169
76.25,0.5,243.36169
76.25,0.5,243.18668
76.25,0.5,242.63668
76.25,0.5,241.58669
76.25,0.5,240.03669
76.25,0.5,237.98669
76.25,0.5,235.43668
76.25,0.5,232.38668
76.25,0.5,228.83669
76.75,0.5,243.46804
76.75,0.5,243.41805
76.75,0.5,243.36805
76.75,0.5,243.31805
76.75,0.5,243.14304
76.75,0.5,242.59304
76.75,0.5,241.54305
76.75,0.5,239.99305
76.75,0.5,237.94305
76.75,0.5,235.39304
76.75,0.5,232.34304
76.75,0.5,228.79305
77.25,0.5,245.2244
77.25,0.5,245.1744
77.25,0.5,245.1244
77.25,0.5,245.07441
77.25,0.5,245.02441
77.25,0.5,244.9744
77.25,0.5,244.9244
77.25,0.5,244.8744
77.25,0.5,244.82441
77.25,0.5,244.77441
77.25,0.5,244.7244
77.25,0.5,244.6744
77.25,0.5,244.6244
77.25,0.5,244.57441
77.25,0.5,244.52441
77.25,0.5,244.4744
77.25,0.5,244.4244
77.25,0.5,244.3744
77.25,0.5,244.32441
77.25,0.5,244.27441
77.25,0.5,244.2244
77.25,0.5,244.1744
77.25,0.5,244.1244
77.25,0.5,244.07441
77.25,0.5,244.02441
77.25,0.5,243.9744
77.25,0.5,243.9244
77.25,0.5,243.8744
77.25,0.5,243.82441
77.25,0.5,243.77441
77.25,0.5,243.7244
77.25,0.5,243.6744
77.25,0.5,243.6244
77.25,0.5,243.57441
77.25,0.5,243.52441
77.25,0.5,243.4744
77.75,0.5,245.18076
77.75,0.5,245.13076
77.75,0.5,245.08076
77.75,0.5,245.03076
77.75,0.5,244.98077
77.75,0.5,244.93076
77.75,0.5,244.88076
77.75,0.5,244.83076
77.75,0.5,244.78076
77.75,0.5,244.73077
77.75,0.5,244.68076
77.75,0.5,244.63076
77.75,0.5,244.58076
77.75,0.5,244.53076
77.75,0.5,244.48077
77.75,0.5,244.43076
77.75,0.5,244.38076
77.75,0.5,244.33076
77.75,0.5,244.28076
77.75,0.5,244.23077
77.75,0.5,244.18076
77.75,0.5,244.13076
77.75,0.5,244.08076
77.75,0.5,244.03076
77.75,0.5,243.98077
77.75,0.5,243.93076
77.75,0.5,243.88076
77.75,0.5,243.83076
77.75,0.5,243.78076
77.75,0.5,243.73077
77.75,0.5,243.68076
77.75,0.5,243.63076
77.75,0.5,243.58076
77.75,0.5,243.53076
77.75,0.5,243.48077
77.75,0.5,243.43076
78.25,0.5,245.13429
78.25,0.5,245.08429
78.25,0.5,245.03429
78.25,0.5,244.98429
78.25,0.5,244.93429
78.25,0.5,244.88429
78.25,0.5,244.83429
78.25,0.5,244.78429
78.25,0.5,244.73429
78.25,0.5,244.68429
78.25,0.5,244.63429
78.25,0.5,244.58429
78.25,0.5,244.53429
78.25,0.5,244.48429
78.25,0.5,244.43429
78.25,0.5,244.38429
78.25,0.5,244.33429
78.25,0.5,244.28429
78.25,0.5,244.23429
78.25,0.5,244.18429
78.25,0.5,244.13429
78.25,0.5,244.08429
78.25,0.5,244.03429
78.25,0.5,243.98429
78.25,0.5,243.93429
78.25,0.5,243.88429
78.25,0.5,243.83429
78.25,0.5,243.78429
78.25,0.5,243.73429
78.25,0.5,243.68429
78.25,0.5,243.63429
78.25,0.5,243.58429
78.25,0.5,243.53429
78.25,0.5,243.48429
78.25,0.5,243.43429
78.25,0.5,243.38429
78.75,0.5,245.08364
78.75,0.5,245.03364
78.75,0.5,244.98363
78.75,0.5,244.93364
78.75,0.5,244.88364
78.75,0.5,244.83364
78.75,0.5,244.78364
78.75,0.5,244.73363
78.75,0.5,244.68364
78.75,0.5,244.63364
78.75,0.5,244.58364
78.75,0.5,244.53364
78.75,0.5,244.48363
78.75,0.5,244.43364
78.75,0.5,244.38364
78.75,0.5,244.33364
78.75,0.5,244.28364
78.75,0.5,244.23363
78.75,0.5,244.18364
78.75,0.5,244.13364
78.75,0.5,244.08364
78.75,0.5,244.03364
78.75,0.5,243.98363
78.75,0.5,243.93364
78.75,0.5,243.88364
78.75,0.5,243.83364
78.75,0.5,243.78364
78.75,0.5,243.73363
78.75,0.5,243.68364
78.75,0.5,243.63364
78.75,0.5,243.58364
78.75,0.5,243.53364
78.75,0.5,243.48363
78.75,0.5,243.43364
78.75,0.5,243.38364
78.75,0.5,243.33364
77.25,0.5,243.4244
77.25,0.5,243.3744
77.25,0.5,243.32441
77.25,0.5,243.27441
77.25,0.5,243.0994
77.25,0.5,242.5494
77.25,0.5,241.4994
77.25,0.5,239.94941
77.25,0.5,237.89941
77.25,0.5,235.3494
77.25,0.5,232.2994
77.25,0.5,228.7494
77.75,0.5,243.38076
77.75,0.5,243.33076
77.75,0.5,243.28076
77.75,0.5,243.23077
77.75,0.5,243.05576
77.75,0.5,242.50576
77.75,0.5,241.45576
77.75,0.5,239.90576
77.75,0.5,237.85577
77.75,0.5,235.30576
77.75,0.5,232.25576
77.75,0.5,228.70576
78.25,0.5,243.33429
78.25,0.5,243.28429
78.25,0.5,243.23429
78.25,0.5,243.18429
78.25,0.5,243.00929
78.25,0.5,242.45929
78.25,0.5,241.40929
78.25,0.5,239.85929
78.25,0.5,237.80929
78.25,0.5,235.25929
78.25,0.5,232.20929
78.25,0.5,228.65929
78.75,0.5,243.28364
78.75,0.5,243.23363
78.75,0.5,243.18364
78.75,0.5,243.13364
78.75,0.5,242.95864
78.75,0.5,242.40864
78.75,0.5,241.35863
78.75,0.5,239.80864
78.75,0.5,237.75864
78.75,0.5,235.20864
78.75,0.5,232.15864
78.75,0.5,228.60863
79.25,0.5,245.03164
79.25,0.5,244.98164
79.25,0.5,244.93164
79.25,0.5,244.88164
79.25,0.5,244.83164
79.25,0.5,244.78164
79.25,0.5,244.73164
79.25,0.5,244.68164
79.25,0.5,244.63164
79.25,0.5,244.58164
79.25,0.5,244.53164
79.25,0.5,244.48164
79.25,0.5,244.43164
79.25,0.5,244.38164
79.25,0.5,244.33164
79.25,0.5,244.28164
79.25,0.5,244.23164
79.25,0.5,244.18164
79.25,0.5,244.13164
79.25,0.5,244.08164
79.25,0.5,244.03164
79.25,0.5,243.98164
79.25,0.5,243.93164
79.25,0.5,243.88164
79.25,0.5,243.83164
79.25,0.5,243.78164
79.25,0.5,243.73164
79.25,0.5,243.68164
79.25,0.5,243.63164
79.25,0.5,243.58164
79.25,0.5,243.53164
79.25,0.5,243.48164
79.25,0.5,243.43164
79.25,0.5,243.38164
79.25,0.5,243.33164
79.25,0.5,243.28164
79.75,0.5,244.97964
79.75,0.5,244.92965
79.75,0.5,244.87965
79.75,0.5,244.82964
79.75,0.5,244.77964
79.75,0.5,244.72964
79.75,0.5,244.67965
79.75,0.5,244.62965
79.75,0.5,244.57964
79.75,0.5,244.52964
79.75,0.5,244.47964
79.75,0.5,244.42965
79.75,0.5,244.37965
79.75,0.5,244.32964
79.75,0.5,244.27964
79.75,0.5,244.22964
79.75,0.5,244.17965
79.75,0.5,244.12965
79.75,0.5,244.07964
79.75,0.5,244.02964
79.75,0.5,243.97964
79.75,0.5,243.92965
79.75,0.5,243.87965
79.75,0.5,243.82964
79.75,0.5,243.77964
79.75,0.5,243.72964
79.75,0.5,243.67965
79.75,0.5,243.62965
79.75,0.5,243.57964
79.75,0.5,243.52964
79.75,0.5,243.47964
79.75,0.5,243.42965
79.75,0.5,243.37965
79.75,0.5,243.32964
79.75,0.5,243.27964
79.75,0.5,243.22964
80.25,0.5,244.92765
80.25,0.5,244.87765
80.25,0.5,244.82765
80.25,0.5,244.77765
80.25,0.5,244.72765
80.25,0.5,244.67765
80.25,0.5,244.62765
80.25,0.5,244.57765
80.25,0.5,244.52765
80.25,0.5,244.47765
80.25,0.5,244.42765
80.25,0.5,244.37765
80.25,0.5,244.32765
80.25,0.5,244.27765
80.25,0.5,244.22765
80.25,0.5,244.17765
80.25,0.5,244.12765
80.25,0.5,244.07765
80.25,0.5,244.02765
80.25,0.5,243.97765
80.25,0.5,243.92765
80.25,0.5,243.87765
80.25,0.5,243.82765
80.25,0.5,243.77765
80.25,0.5,243.72765
80.25,0.5,243.67765
80.25,0.5,243.62765
80.25,0.5,243.57765
80.25,0.5,243.52765
80.25,0.5,243.47765
80.25,0.5,243.42765
80.25,0.5,243.37765
80.25,0.5,243.32765
80.25,0.5,243.27765
80.25,0.5,243.22765
80.25,0.5,243.17765
80.75,0.5,244.87565
80.75,0.5,244.82565
80.75,0.5,244.77565
80.75,0.5,244.72565
80.75,0.5,244.67565
80.75,0.5,244.62565
80.75,0.5,244.57565
80.75,0.5,244.52565
80.75,0.5,244.47565
80.75,0.5,244.42565
80.75,0.5,244.37565
80.75,0.5,244.32565
80.75,0.5,244.27565
80.75,0.5,244.22565
80.75,0.5,244.17565
80.75,0.5,244.12565
80.75,0.5,244.07565
80.75,0.5,244.02565
80.75,0.5,243.97565
80.75,0.5,243.92565
80.75,0.5,243.87565
80.75,0.5,243.82565
80.75,0.5,243.77565
80.75,0.5,243.72565
80.75,0.5,243.67565
80.75,0.5,243.62565
80.75,0.5,243.57565
80.75,0.5,243.52565
80.75,0.5,243.47565
80.75,0.5,243.42565
80.75,0.5,243.37565
80.75,0.5,243.32565
80.75,0.5,243.27565
80.75,0.5,243.22565
80.75,0.5,243.17565
80.75,0.5,243.12565
79.25,0.5,243.23164
79.25,0.5,243.18164
79.25,0.5,243.13164
79.25,0.5,243.08164
79.25,0.5,242.90664
79.25,0.5,242.35664
79.25,0.5,241.30664
79.25,0.5,239.75664
79.25,0.5,237.70664
79.25,0.5,235.15664
79.25,0.5,232.10664
79.25,0.5,228.55664
79.75,0.5,243.17965
79.75,0.5,243.12965
79.75,0.5,243.07964
79.75,0.5,243.02964
79.75,0.5,242.85464
79.75,0.5,242.30465
79.75,0.5,241.25465
79.75,0.5,239.70464
79.75,0.5,237.65464
79.75,0.5,235.10464
79.75,0.5,232.05465
79.75,0.5,228.50465
80.25,0.5,243.12765
80.25,0.5,243.07765
80.25,0.5,243.02765
80.25,0.5,242.97765
80.25,0.5,242.80265
80.25,0.5,242.25265
80.25,0.5,241.20265
80.25,0.5,239.65265
80.25,0.5,237.60265
80.25,0.5,235.05265
80.25,0.5,232.00265
80.25,0.5,228.45265
80.75,0.5,243.07565
80.75,0.5,243.02565
80.75,0.5,242.97565
80.75,0.5,242.92565
80.75,0.5,242.75065
80.75,0.5,242.20065
80.75,0.5,241.15065
80.75,0.5,239.60065
80.75,0.5,237.55065
80.75,0.5,235.00065
80.75,0.5,231.95065
80.75,0.5,228.40065
81.25,0.5,244.82366
81.25,0.5,244.77366
81.25,0.5,244.72366
81.25,0.5,244.67366
81.25,0.5,244.62366
81.25,0.5,244.57366
81.25,0.5,244.52366
81.25,0.5,244.47366
81.25,0.5,244.42366
81.25,0.5,244.37366
81.25,0.5,244.32366
81.25,0.5,244.27366
81.25,0.5,244.22366
81.25,0.5,244.17366
81.25,0.5,244.12366
81.25,0.5,244.07366
81.25,0.5,244.02366
81.25,0.5,243.97366
81.25,0.5,243.92366
81.25,0.5,243.87366
81.25,0.5,243.82366
81.25,0.5,243.77366
81.25,0.5,243.72366
81.25,0.5,243.67366
81.25,0.5,243.62366
81.25,0.5,243.57366
81.25,0.5,243.52366
81.25,0.5,243.47366
81.25,0.5,243.42366
81.25,0.5,243.37366
81.25,0.5,243.32366
81.25,0.5,243.27366
81.25,0.5,243.22366
81.25,0.5,243.17366
81.25,0.5,243.12366
81.25,0.5,243.07366
81.75,0.5,244.77166
81.75,0.5,244.72166
81.75,0.5,244.67166
81.75,0.5,244.62166
81.75,0.5,244.57166
81.75,0.5,244.52166
81.75,0.5,244.47166
81.75,0.5,244.42166
81.75,0.5,244.37166
81.75,0.5,244.32166
81.75,0.5,244.27166
81.75,0.5,244.22166
81.75,0.5,244.17166
81.75,0.5,244.12166
81.75,0.5,244.07166
81.75,0.5,244.02166
81.75,0.5,243.97166
81.75,0.5,243.92166
81.75,0.5,243.87166
81.75,0.5,243.82166
81.75,0.5,243.77166
81.75,0.5,243.72166
81.75,0.5,243.67166
81.75,0.5,243.62166
81.75,0.5,243.57166
81.75,0.5,243.52166
81.75,0.5,243.47166
81.75,0.5,243.42166
81.75,0.5,243.37166
81.75,0.5,243.32166
81.75,0.5,243.27166
81.75,0.5,243.22166
81.75,0.5,243.17166
81.75,0.5,243.12166
81.75,0.5,243.07166
81.75,0.5,243.02166
82.25,0.5,244.70838
82.25,0.5,244.65838
82.25,0.5,244.60838
82.25,0.5,244.55838
82.25,0.5,244.50838
82.25,0.5,244.45838
82.25,0.5,244.40838
82.25,0.5,244.35838
82.25,0.5,244.30838
82.25,0.5,244.25838
82.25,0.5,244.20838
82.25,0.5,244.15838
82.25,0.5,244.10838
82.25,0.5,244.05838
82.25,0.5,244.00838
82.25,0.5,243.95838
82.25,0.5,243.90838
82.25,0.5,243.85838
82.25,0.5,243.80838
82.25,0.5,243.75838
82.25,0.5,243.70838
82.25,0.5,243.65838
82.25,0.5,243.60838
82.25,0.5,243.55838
82.25,0.5,243.50838
82.25,0.5,243.45838
82.25,0.5,243.40838
82.25,0.5,243.35838
82.25,0.5,243.30838
82.25,0.5,243.25838
82.25,0.5,243.20838
82.25,0.5,243.15838
82.25,0.5,243.10838
82.25,0.5,243.05838
82.25,0.5,243.00838
82.25,0.5,242.95838
82.75,0.5,244.63201
82.75,0.5,244.58202
82.75,0.5,244.53201
82.75,0.5,244.48201
82.75,0.5,244.43201
82.75,0.5,244.38201
82.75,0.5,244.33202
82.75,0.5,244.28201
82.75,0.5,244.23201
82.75,0.5,244.18201
82.75,0.5,244.13201
82.75,0.5,244.08202
82.75,0.5,244.03201
82.75,0.5,243.98201
82.75,0.5,243.93201
82.75,0.5,243.88201
82.75,0.5,243.83202
82.75,0.5,243.78201
82.75,0.5,243.73201
82.75,0.5,243.68201
82.75,0.5,243.63201
82.75,0.5,243.58202
82.75,0.5,243.53201
82.75,0.5,243.48201
82.75,0.5,243.43201
82.75,0.5,243.38201
82.75,0.5,243.33202
82.75,0.5,243.28201
82.75,0.5,243.23201
82.75,0.5,243.18201
82.75,0.5,243.13201
82.75,0.5,243.08202
82.75,0.5,243.03201
82.75,0.5,242.98201
82.75,0.5,242.93201
82.75,0.5,242.88201
81.25,0.5,243.02366
81.25,0.5,242.97366
81.25,0.5,242.92366
81.25,0.5,242.87366
81.25,0.5,242.69866
81.25,0.5,242.14866
81.25,0.5,241.09866
81.25,0.5,239.54866
81.25,0.5,237.49866
81.25,0.5,234.94866
81.25,0.5,231.89866
81.25,0.5,228.34866
81.75,0.5,242.97166
81.75,0.5,242.92166
81.75,0.5,242.87166
81.75,0.5,242.82166
81.75,0.5,242.64666
81.75,0.5,242.09666
81.75,0.5,241.04666
81.75,0.5,239.49666
81.75,0.5,237.44666
81.75,0.5,234.89666
81.75,0.5,231.84666
81.75,0.5,228.29666
82.25,0.5,242.90838
82.25,0.5,242.85838
82.25,0.5,242.80838
82.25,0.5,242.75838
82.25,0.5,242.58338
82.25,0.5,242.03338
82.25,0.5,240.98338
82.25,0.5,239.43338
82.25,0.5,237.38338
82.25,0.5,234.83338
82.25,0.5,231.78338
82.25,0.5,228.23338
82.75,0.5,242.83202
82.75,0.5,242.78201
82.75,0.5,242.73201
82.75,0.5,242.68201
82.75,0.5,242.50701
82.75,0.5,241.95702
82.75,0.5,240.90701
82.75,0.5,239.35701
82.75,0.5,237.30701
82.75,0.5,234.75701
82.75,0.5,231.70702
82.75,0.5,228.15701
83.25,0.5,244.55384
83.25,0.5,244.50385
83.25,0.5,244.45384
83.25,0.5,244.40384
83.25,0.5,244.35384
83.25,0.5,244.30384
83.25,0.5,244.25385
83.25,0.5,244.20384
83.25,0.5,244.15384
83.25,0.5,244.10384
83.25,0.5,244.05384
83.25,0.5,244.00385
83.25,0.5,243.95384
83.25,0.5,243.90384
83.25,0.5,243.85384
83.25,0.5,243.80384
83.25,0.5,243.75385
83.25,0.5,243.70384
83.25,0.5,243.65384
83.25,0.5,243.60384
83.25,0.5,243.55384
83.25,0.5,243.50385
83.25,0.5,243.45384
83.25,0.5,243.40384
83.25,0.5,243.35384
83.25,0.5,243.30384
83.25,0.5,243.25385
83.25,0.5,243.20384
83.25,0.5,243.15384
83.25,0.5,243.10384
83.25,0.5,243.05384
83.25,0.5,243.00385
83.25,0.5,242.95384
83.25,0.5,242.90384
83.25,0.5,242.85384
83.25,0.5,242.80384
83.75,0.5,244.47567
83.75,0.5,244.42567
83.75,0.5,244.37567
83.75,0.5,244.32567
83.75,0.5,244.27567
83.75,0.5,244.22567
83.75,0.5,244.17567
83.75,0.5,244.12567
83.75,0.5,244.07567
83.75,0.5,244.02567
83.75,0.5,243.97567
83.75,0.5,243.92567
83.75,0.5,243.87567
83.75,0.5,243.82567
83.75,0.5,243.77567
83.75,0.5,243.72567
83.75,0.5,243.67567
83.75,0.5,243.62567
83.75,0.5,243.57567
83.75,0.5,243.52567
83.75,0.5,243.47567
83.75,0.5,243.42567
83.75,0.5,243.37567
83.75,0.5,243.32567
83.75,0.5,243.27567
83.75,0.5,243.22567
83.75,0.5,243.17567
83.75,0.5,243.12567
83.75,0.5,243.07567
83.75,0.5,243.02567
83.75,0.5,242.97567
83.75,0.5,242.92567
83.75,0.5,242.87567
83.75,0.5,242.82567
83.75,0.5,242.77567
83.75,0.5,242.72567
84.25,0.5,244.3975
84.25,0.5,244.3475
84.25,0.5,244.2975
84.25,0.5,244.2475
84.25,0.5,244.19749
84.25,0.5,244.1475
84.25,0.5,244.0975
84.25,0.5,244.0475
84.25,0.5,243.9975
84.25,0.5,243.94749
84.25,0.5,243.8975
84.25,0.5,243.8475
84.25,0.5,243.7975
84.25,0.5,243.7475
84.25,0.5,243.69749
84.25,0.5,243.6475
84.25,0.5,243.5975
84.25,0.5,243.5475
84.25,0.5,243.4975
84.25,0.5,243.44749
84.25,0.5,243.3975
84.25,0.5,243.3475
84.25,0.5,243.2975
84.25,0.5,243.2475
84.25,0.5,243.19749
84.25,0.5,243.1475
84.25,0.5,243.0975
84.25,0.5,243.0475
84.25,0.5,242.9975
84.25,0.5,242.94749
84.25,0.5,242.8975
84.25,0.5,242.8475
84.25,0.5,242.7975
84.25,0.5,242.7475
84.25,0.5,242.69749
84.25,0.5,242.6475
84.75,0.5,244.31933
84.75,0.5,244.26933
84.75,0.5,244.21933
84.75,0.5,244.16933
84.75,0.5,244.11932
84.75,0.5,244.06933
84.75,0.5,244.01933
84.75,0.5,243.96933
84.75,0.5,243.91933
84.75,0.5,243.86932
84.75,0.5,243.81933
84.75,0.5,243.76933
84.75,0.5,243.71933
84.75,0.5,243.66933
84.75,0.5,243.61932
84.75,0.5,243.56933
84.75,0.5,243.51933
84.75,0.5,243.46933
84.75,0.5,243.41933
84.75,0.5,243.36932
84.75,0.5,243.31933
84.75,0.5,243.26933
84.75,0.5,243.21933
84.75,0.5,243.16933
84.75,0.5,243.11932
84.75,0.5,243.06933
84.75,0.5,243.01933
84.75,0.5,242.96933
84.75,0.5,242.91933
84.75,0.5,242.86932
84.75,0.5,242.81933
84.75,0.5,242.76933
84.75,0.5,242.71933
84.75,0.5,242.66933
84.75,0.5,242.61932
84.75,0.5,242.56933
83.25,0.5,242.75385
83.25,0.5,242.70384
83.25,0.5,242.65384
83.25,0.5,242.60384
83.25,0.5,242.42884
83.25,0.5,241.87885
83.25,0.5,240.82884
83.25,0.5,239.27884
83.25,0.5,237.22884
83.25,0.5,234.67884
83.25,0.5,231.62885
83.25,0.5,228.07884
83.75,0.5,242.67567
83.75,0.5,242.62567
83.75,0.5,242.57567
83.75,0.5,242.52567
83.75,0.5,242.35067
83.75,0.5,241.80067
83.75,0.5,240.75067
83.75,0.5,239.20067
83.75,0.5,237.15067
83.75,0.5,234.60067
83.75,0.5,231.55067
83.75,0.5,228.00067
84.25,0.5,242.5975
84.25,0.5,242.5475
84.25,0.5,242.4975
84.25,0.5,242.44749
84.25,0.5,242.2725
84.25,0.5,241.7225
84.25,0.5,240.6725
84.25,0.5,239.1225
84.25,0.5,237.07249
84.25,0.5,234.5225
84.25,0.5,231.4725
84.25,0.5,227.9225
84.75,0.5,242.51933
84.75,0.5,242.46933
84.75,0.5,242.41933
84.75,0.5,242.36932
84.75,0.5,242.19433
84.75,0.5,241.64433
84.75,0.5,240.59433
84.75,0.5,239.04433
84.75,0.5,236.99432
84.75,0.5,234.44433
84.75,0.5,231.39433
84.75,0.5,227.84433
85.25,0.5,244.24115
85.25,0.5,244.19116
85.25,0.5,244.14116
85.25,0.5,244.09116
85.25,0.5,244.04115
85.25,0.5,243.99115
85.25,0.5,243.94116
85.25,0.5,243.89116
85.25,0.5,243.84116
85.25,0.5,243.79115
85.25,0.5,243.74115
85.25,0.5,243.69116
85.25,0.5,243.64116
85.25,0.5,243.59116
85.25,0.5,243.54115
85.25,0.5,243.49115
85.25,0.5,243.44116
85.25,0.5,243.39116
85.25,0.5,243.34116
85.25,0.5,243.29115
85.25,0.5,243.24115
85.25,0.5,243.19116
85.25,0.5,243.14116
85.25,0.5,243.09116
85.25,0.5,243.04115
85.25,0.5,242.99115
85.25,0.5,242.94116
85.25,0.5,242.89116
85.25,0.5,242.84116
85.25,0.5,242.79115
85.25,0.5,242.74115
85.25,0.5,242.69116
85.25,0.5,242.64116
85.25,0.5,242.59116
85.25,0.5,242.54115
85.25,0.5,242.49115
85.75,0.5,244.1628
85.75,0.5,244.1128
85.75,0.5,244.0628
85.75,0.5,244.0128
85.75,0.5,243.9628
85.75,0.5,243.9128
85.75,0.5,243.8628
85.75,0.5,243.8128
85.75,0.5,243.7628
85.75,0.5,243.7128
85.75,0.5,243.6628
85.75,0.5,243.6128
85.75,0.5,243.5628
85.75,0.5,243.5128
85.75,0.5,243.4628
85.75,0.5,243.4128
85.75,0.5,243.3628
85.75,0.5,243.3128
85.75,0.5,243.2628
85.75,0.5,243.2128
85.75,0.5,243.1628
85.75,0.5,243.1128
85.75,0.5,243.0628
85.75,0.5,243.0128
85.75,0.5,242.9628
85.75,0.5,242.9128
85.75,0.5,242.8628
85.75,0.5,242.8128
85.75,0.5,242.7628
85.75,0.5,242.7128
85.75,0.5,242.6628
85.75,0.5,242.6128
85.75,0.5,242.5628
85.75,0.5,242.5128
85.75,0.5,242.4628
85.75,0.5,242.4128
86.25,0.5,244.08037
86.25,0.5,244.03037
86.25,0.5,243.98037
86.25,0.5,243.93037
86.25,0.5,243.88037
86.25,0.5,243.83037
86.25,0.5,243.78037
86.25,0.5,243.73037
86.25,0.5,243.68037
86.25,0.5,243.63037
86.25,0.5,243.58037
86.25,0.5,243.53037
86.25,0.5,243.48037
86.25,0.5,243.43037
86.25,0.5,243.38037
86.25,0.5,243.33037
86.25,0.5,243.28037
86.25,0.5,243.23037
86.25,0.5,243.18037
86.25,0.5,243.13037
86.25,0.5,243.08037
86.25,0.5,243.03037
86.25,0.5,242.98037
86.25,0.5,242.93037
86.25,0.5,242.88037
86.25,0.5,242.83037
86.25,0.5,242.78037
86.25,0.5,242.73037
86.25,0.5,242.68037
86.25,0.5,242.63037
86.25,0.5,242.58037
86.25,0.5,242.53037
86.25,0.5,242.48037
86.25,0.5,242.43037
86.25,0.5,242.38037
86.25,0.5,242.33037
86.75,0.5,243.99406
86.75,0.5,243.94406
86.75,0.5,243.89406
86.75,0.5,243.84406
86.75,0.5,243.79406
86.75,0.5,243.74406
86.75,0.5,243.69406
86.75,0.5,243.64406
86.75,0.5,243.59406
86.75,0.5,243.54406
86.75,0.5,243.49406
86.75,0.5,243.44406
86.75,0.5,243.39406
86.75,0.5,243.34406
86.75,0.5,243.29406
86.75,0.5,243.24406
86.75,0.5,243.19406
86.75,0.5,243.14406
86.75,0.5,243.09406
86.75,0.5,243.04406
86.75,0.5,242.99406
86.75,0.5,242.94406
86.75,0.5,242.89406
86.75,0.5,242.84406
86.75,0.5,242.79406
86.75,0.5,242.74406
86.75,0.5,242.69406
86.75,0.5,242.64406
86.75,0.5,242.59406
86.75,0.5,242.54406
86.75,0.5,242.49406
86.75,0.5,242.44406
86.75,0.5,242.39406
86.75,0.5,242.34406
86.75,0.5,242.29406
86.75,0.5,242.24406
85.25,0.5,242.44116
85.25,0.5,242.39116
85.25,0.5,242.34116
85.25,0.5,242.29115
85.25,0.5,242.11615
85.25,0.5,241.56616
85.25,0.5,240.51616
85.25,0.5,238.96616
85.25,0.5,236.91615
85.25,0.5,234.36615
85.25,0.5,231.31616
85.25,0.5,227.76616
85.75,0.5,242.3628
85.75,0.5,242.3128
85.75,0.5,242.2628
85.75,0.5,242.2128
85.75,0.5,242.0378
85.75,0.5,241.4878
85.75,0.5,240.4378
85.75,0.5,238.8878
85.75,0.5,236.8378
85.75,0.5,234.2878
85.75,0.5,231.2378
85.75,0.5,227.6878
86.25,0.5,242.28037
86.25,0.5,242.23037
86.25,0.5,242.18037
86.25,0.5,242.13037
86.25,0.5,241.95537
86.25,0.5,241.40537
86.25,0.5,240.35537
86.25,0.5,238.80537
86.25,0.5,236.75537
86.25,0.5,234.20537
86.25,0.5,231.15537
86.25,0.5,227.60537
86.75,0.5,242.19406
86.75,0.5,242.14406
86.75,0.5,242.09406
86.75,0.5,242.04406
86.75,0.5,241.86906
86.75,0.5,241.31906
86.75,0.5,240.26906
86.75,0.5,238.71906
86.75,0.5,236.66906
86.75,0.5,234.11906
86.75,0.5,231.06906
86.75,0.5,227.51906
87.25,0.5,243.90775
87.25,0.5,243.85775
87.25,0.5,243.80775
87.25,0.5,243.75775
87.25,0.5,243.70775
87.25,0.5,243.65775
87.25,0.5,243.60775
87.25,0.5,243.55775
87.25,0.5,243.50775
87.25,0.5,243.45775
87.25,0.5,243.40775
87.25,0.5,243.35775
87.25,0.5,243.30775
87.25,0.5,243.25775
87.25,0.5,243.20775
87.25,0.5,243.15775
87.25,0.5,243.10775
87.25,0.5,243.05775
87.25,0.5,243.00775
87.25,0.5,242.95775
87.25,0.5,242.90775
87.25,0.5,242.85775
87.25,0.5,242.80775
87.25,0.5,242.75775
87.25,0.5,242.70775
87.25,0.5,242.65775
87.25,0.5,242.60775
87.25,0.5,242.55775
87.25,0.5,242.50775
87.25,0.5,242.45775
87.25,0.5,242.40775
87.25,0.5,242.35775
87.25,0.5,242.30775
87.25,0.5,242.25775
87.25,0.5,242.20775
87.25,0.5,242.15775
87.75,0.5,243.82145
87.75,0.5,243.77145
87.75,0.5,243.72144
87.75,0.5,243.67144
87.75,0.5,243.62144
87.75,0.5,243.57145
87.75,0.5,243.52145
87.75,0.5,243.47144
87.75,0.5,243.42144
87.75,0.5,243.37144
87.75,0.5,243.32145
87.75,0.5,243.27145
87.75,0.5,243.22144
87.75,0.5,243.17144
87.75,0.5,243.12144
87.75,0.5,243.07145
87.75,0.5,243.02145
87.75,0.5,242.97144
87.75,0.5,242.92144
87.75,0.5,242.87144
87.75,0.5,242.82145
87.75,0.5,242.77145
87.75,0.5,242.72144
87.75,0.5,242.67144
87.75,0.5,242.62144
87.75,0.5,242.57145
87.75,0.5,242.52145
87.75,0.5,242.47144
87.75,0.5,242.42144
87.75,0.5,242.37144
87.75,0.5,242.32145
87.75,0.5,242.27145
87.75,0.5,242.22144
87.75,0.5,242.17144
87.75,0.5,242.12144
87.75,0.5,242.07145
88.25,0.5,243.73513
88.25,0.5,243.68513
88.25,0.5,243.63514
88.25,0.5,243.58514
88.25,0.5,243.53513
88.25,0.5,243.48513
88.25,0.5,243.43513
88.25,0.5,243.38514
88.25,0.5,243.33514
88.25,0.5,243.28513
88.25,0.5,243.23513
88.25,0.5,243.18513
88.25,0.5,243.13514
88.25,0.5,243.08514
88.25,0.5,243.03513
88.25,0.5,242.98513
88.25,0.5,242.93513
88.25,0.5,242.88514
88.25,0.5,242.83514
88.25,0.5,242.78513
88.25,0.5,242.73513
88.25,0.5,242.68513
88.25,0.5,242.63514
88.25,0.5,242.58514
88.25,0.5,242.53513
88.25,0.5,242.48513
88.25,0.5,242.43513
88.25,0.5,242.38514
88.25,0.5,242.33514
88.25,0.5,242.28513
88.25,0.5,242.23513
88.25,0.5,242.18513
88.25,0.5,242.13514
88.25,0.5,242.08514
88.25,0.5,242.03513
88.25,0.5,241.98513
88.75,0.5,243.64883
88.75,0.5,243.59882
88.75,0.5,243.54882
88.75,0.5,243.49883
88.75,0.5,243.44883
88.75,0.5,243.39883
88.75,0.5,243.34882
88.75,0.5,243.29882
88.75,0.5,243.24883
88.75,0.5,243.19883
88.75,0.5,243.14883
88.75,0.5,243.09882
88.75,0.5,243.04882
88.75,0.5,242.99883
88.75,0.5,242.94883
88.75,0.5,242.89883
88.75,0.5,242.84882
88.75,0.5,242.79882
88.75,0.5,242.74883
88.75,0.5,242.69883
88.75,0.5,242.64883
88.75,0.5,242.59882
88.75,0.5,242.54882
88.75,0.5,242.49883
88.75,0.5,242.44883
88.75,0.5,242.39883
88.75,0.5,242.34882
88.75,0.5,242.29882
88.75,0.5,242.24883
88.75,0.5,242.19883
88.75,0.5,242.14883
88.75,0.5,242.09882
88.75,0.5,242.04882
88.75,0.5,241.99883
88.75,0.5,241.94883
88.75,0.5,241.89883
89.25,0.5,243.56252
89.25,0.5,243.51252
89.25,0.5,243.46252
89.25,0.5,243.41251
89.25,0.5,243.36251
89.25,0.5,243.31252
89.25,0.5,243.26252
89.25,0.5,243.21252
89.25,0.5,243.16251
89.25,0.5,243.11251
89.25,0.5,243.06252
89.25,0.5,243.01252
89.25,0.5,242.96252
89.25,0.5,242.91251
89.25,0.5,242.86251
89.25,0.5,242.81252
89.25,0.5,242.76252
89.25,0.5,242.71252
89.25,0.5,242.66251
89.25,0.5,242.61251
89.25,0.5,242.56252
89.25,0.5,242.51252
89.25,0.5,242.46252
89.25,0.5,242.41251
89.25,0.5,242.36251
89.25,0.5,242.31252
89.25,0.5,242.26252
89.25,0.5,242.21252
89.25,0.5,242.16251
89.25,0.5,242.11251
89.25,0.5,242.06252
89.25,0.5,242.01252
89.25,0.5,241.96252
89.25,0.5,241.91251
89.25,0.5,241.86251
89.25,0.5,241.81252
87.25,0.5,242.10775
87.25,0.5,242.05775
87.25,0.5,242.00775
87.25,0.5,241.95775
87.25,0.5,241.78275
87.25,0.5,241.23275
87.25,0.5,240.18275
87.25,0.5,238.63275
87.25,0.5,236.58275
87.25,0.5,234.03275
87.25,0.5,230.98275
87.25,0.5,227.43275
87.75,0.5,242.02145
87.75,0.5,241.97144
87.75,0.5,241.92144
87.75,0.5,241.87144
87.75,0.5,241.69645
87.75,0.5,241.14645
87.75,0.5,240.09644
87.75,0.5,238.54644
87.75,0.5,236.49644
87.75,0.5,233.94645
87.75,0.5,230.89645
87.75,0.5,227.34644
88.25,0.5,241.93513
88.25,0.5,241.88514
88.25,0.5,241.83514
88.25,0.5,241.78513
88.25,0.5,241.61013
88.25,0.5,241.06013
88.25,0.5,240.01014
88.25,0.5,238.46014
88.25,0.5,236.41013
88.25,0.5,233.86013
88.25,0.5,230.81013
88.25,0.5,227.26014
88.75,0.5,241.84882
88.75,0.5,241.79882
88.75,0.5,241.74883
88.75,0.5,241.69883
88.75,0.5,241.52383
88.75,0.5,240.97382
88.75,0.5,239.92382
88.75,0.5,238.37383
88.75,0.5,236.32383
88.75,0.5,233.77383
88.75,0.5,230.72382
88.75,0.5,227.17382
89.25,0.5,241.76252
89.25,0.5,241.71252
89.25,0.5,241.66251
89.25,0.5,241.61251
89.25,0.5,241.43752
89.25,0.5,240.88752
89.25,0.5,239.83752
89.25,0.5,238.28751
89.25,0.5,236.23751
89.25,0.5,233.68752
89.25,0.5,230.63752
89.25,0.5,227.08752
89.75,0.5,243.47554
89.75,0.5,243.42555
89.75,0.5,243.37555
89.75,0.5,243.32555
89.75,0.5,243.27554
89.75,0.5,243.22554
89.75,0.5,243.17555
89.75,0.5,243.12555
89.75,0.5,243.07555
89.75,0.5,243.02554
89.75,0.5,242.97554
89.75,0.5,242.92555
89.75,0.5,242.87555
89.75,0.5,242.82555
89.75,0.5,242.77554
89.75,0.5,242.72554
89.75,0.5,242.67555
89.75,0.5,242.62555
89.75,0.5,242.57555
89.75,0.5,242.52554
89.75,0.5,242.47554
89.75,0.5,242.42555
89.75,0.5,242.37555
89.75,0.5,242.32555
89.75,0.5,242.27554
89.75,0.5,242.22554
89.75,0.5,242.17555
89.75,0.5,242.12555
89.75,0.5,242.07555
89.75,0.5,242.02554
89.75,0.5,241.97554
89.75,0.5,241.92555
89.75,0.5,241.87555
89.75,0.5,241.82555
89.75,0.5,241.77554
89.75,0.5,241.72554
90.25,0.5,243.3857
90.25,0.5,243.3357
90.25,0.5,243.2857
90.25,0.5,243.23569
90.25,0.5,243.1857
90.25,0.5,243.1357
90.25,0.5,243.0857
90.25,0.5,243.0357
90.25,0.5,242.98569
90.25,0.5,242.9357
90.25,0.5,242.8857
90.25,0.5,242.8357
90.25,0.5,242.7857
90.25,0.5,242.73569
90.25,0.5,242.6857
90.25,0.5,242.6357
90.25,0.5,242.5857
90.25,0.5,242.5357
90.25,0.5,242.48569
90.25,0.5,242.4357
90.25,0.5,242.3857
90.25,0.5,242.3357
90.25,0.5,242.2857
90.25,0.5,242.23569
90.25,0.5,242.1857
90.25,0.5,242.1357
90.25,0.5,242.0857
90.25,0.5,242.0357
90.25,0.5,241.98569
90.25,0.5,241.9357
90.25,0.5,241.8857
90.25,0.5,241.8357
90.25,0.5,241.7857
90.25,0.5,241.73569
90.25,0.5,241.6857
90.25,0.5,241.6357
90.75,0.5,243.29363
90.75,0.5,243.24363
90.75,0.5,243.19363
90.75,0.5,243.14363
90.75,0.5,243.09363
90.75,0.5,243.04363
90.75,0.5,242.99363
90.75,0.5,242.94363
90.75,0.5,242.89363
90.75,0.5,242.84363
90.75,0.5,242.79363
90.75,0.5,242.74363
90.75,0.5,242.69363
90.75,0.5,242.64363
90.75,0.5,242.59363
90.75,0.5,242.54363
90.75,0.5,242.49363
90.75,0.5,242.44363
90.75,0.5,242.39363
90.75,0.5,242.34363
90.75,0.5,242.29363
90.75,0.5,242.24363
90.75,0.5,242.19363
90.75,0.5,242.14363
90.75,0.5,242.09363
90.75,0.5,242.04363
90.75,0.5,241.99363
90.75,0.5,241.94363
90.75,0.5,241.89363
90.75,0.5,241.84363
90.75,0.5,241.79363
90.75,0.5,241.74363
90.75,0.5,241.69363
90.75,0.5,241.64363
90.75,0.5,241.59363
90.75,0.5,241.54363
91.25,0.5,243.20156
91.25,0.5,243.15157
91.25,0.5,243.10157
91.25,0.5,243.05157
91.25,0.5,243.00156
91.25,0.5,242.95156
91.25,0.5,242.90157
91.25,0.5,242.85157
91.25,0.5,242.80157
91.25,0.5,242.75156
91.25,0.5,242.70156
91.25,0.5,242.65157
91.25,0.5,242.60157
91.25,0.5,242.55157
91.25,0.5,242.50156
91.25,0.5,242.45156
91.25,0.5,242.40157
91.25,0.5,242.35157
91.25,0.5,242.30157
91.25,0.5,242.25156
91.25,0.5,242.20156
91.25,0.5,242.15157
91.25,0.5,242.10157
91.25,0.5,242.05157
91.25,0.5,242.00156
91.25,0.5,241.95156
91.25,0.5,241.90157
91.25,0.5,241.85157
91.25,0.5,241.80157
91.25,0.5,241.75156
91.25,0.5,241.70156
91.25,0.5,241.65157
91.25,0.5,241.60157
91.25,0.5,241.55157
91.25,0.5,241.50156
91.25,0.5,241.45156
89.75,0.5,241.67555
89.75,0.5,241.62555
89.75,0.5,241.57555
89.75,0.5,241.52554
89.75,0.5,241.35054
89.75,0.5,240.80055
89.75,0.5,239.75055
89.75,0.5,238.20055
89.75,0.5,236.15054
89.75,0.5,233.60054
89.75,0.5,230.55055
89.75,0.5,227.00055
90.25,0.5,241.5857
90.25,0.5,241.5357
90.25,0.5,241.48569
90.25,0.5,241.4357
90.25,0.5,241.2607
90.25,0.5,240.7107
90.25,0.5,239.6607
90.25,0.5,238.11069
90.25,0.5,236.0607
90.25,0.5,233.5107
90.25,0.5,230.4607
90.25,0.5,226.9107
90.75,0.5,241.49363
90.75,0.5,241.44363
90.75,0.5,241.39363
90.75,0.5,241.34363
90.75,0.5,241.16863
90.75,0.5,240.61863
90.75,0.5,239.56863
90.75,0.5,238.01863
90.75,0.5,235.96863
90.75,0.5,233.41863
90.75,0.5,230.36863
90.75,0.5,226.81863
91.25,0.5,241.40157
91.25,0.5,241.35157
91.25,0.5,241.30157
91.25,0.5,241.25156
91.25,0.5,241.07656
91.25,0.5,240.52657
91.25,0.5,239.47657
91.25,0.5,237.92657
91.25,0.5,235.87656
91.25,0.5,233.32656
91.25,0.5,230.27657
91.25,0.5,226.72657
91.75,0.5,243.1095
91.75,0.5,243.0595
91.75,0.5,243.0095
91.75,0.5,242.9595
91.75,0.5,242.9095
91.75,0.5,242.8595
91.75,0.5,242.8095
91.75,0.5,242.7595
91.75,0.5,242.7095
91.75,0.5,242.6595
91.75,0.5,242.6095
91.75,0.5,242.5595
91.75,0.5,242.5095
91.75,0.5,242.4595
91.75,0.5,242.4095
91.75,0.5,242.3595
91.75,0.5,242.3095
91.75,0.5,242.2595
91.75,0.5,242.2095
91.75,0.5,242.1595
91.75,0.5,242.1095
91.75,0.5,242.0595
91.75,0.5,242.0095
91.75,0.5,241.9595
91.75,0.5,241.9095
91.75,0.5,241.8595
91.75,0.5,241.8095
91.75,0.5,241.7595
91.75,0.5,241.7095
91.75,0.5,241.6595
91.75,0.5,241.6095
91.75,0.5,241.5595
91.75,0.5,241.5095
91.75,0.5,241.4595
91.75,0.5,241.4095
91.75,0.5,241.3595
92.25,0.5,243.01743
92.25,0.5,242.96743
92.25,0.5,242.91743
92.25,0.5,242.86744
92.25,0.5,242.81744
92.25,0.5,242.76743
92.25,0.5,242.71743
92.25,0.5,242.66743
92.25,0.5,242.61744
92.25,0.5,242.56744
92.25,0.5,242.51743
92.25,0.5,242.46743
92.25,0.5,242.41743
92.25,0.5,242.36744
92.25,0.5,242.31744
92.25,0.5,242.26743
92.25,0.5,242.21743
92.25,0.5,242.16743
92.25,0.5,242.11744
92.25,0.5,242.06744
92.25,0.5,242.01743
92.25,0.5,241.96743
92.25,0.5,241.91743
92.25,0.5,241.86744
92.25,0.5,241.81744
92.25,0.5,241.76743
92.25,0.5,241.71743
92.25,0.5,241.66743
92.25,0.5,241.61744
92.25,0.5,241.56744
92.25,0.5,241.51743
92.25,0.5,241.46743
92.25,0.5,241.41743
92.25,0.5,241.36744
92.25,0.5,241.31744
92.25,0.5,241.26743
92.75,0.5,242.92537
92.75,0.5,242.87537
92.75,0.5,242.82537
92.75,0.5,242.77537
92.75,0.5,242.72536
92.75,0.5,242.67537
92.75,0.5,242.62537
92.75,0.5,242.57537
92.75,0.5,242.52537
92.75,0.5,242.47536
92.75,0.5,242.42537
92.75,0.5,242.37537
92.75,0.5,242.32537
92.75,0.5,242.27537
92.75,0.5,242.22536
92.75,0.5,242.17537
92.75,0.5,242.12537
92.75,0.5,242.07537
92.75,0.5,242.02537
92.75,0.5,241.97536
92.75,0.5,241.92537
92.75,0.5,241.87537
92.75,0.5,241.82537
92.75,0.5,241.77537
92.75,0.5,241.72536
92.75,0.5,241.67537
92.75,0.5,241.62537
92.75,0.5,241.57537
92.75,0.5,241.52537
92.75,0.5,241.47536
92.75,0.5,241.42537
92.75,0.5,241.37537
92.75,0.5,241.32537
92.75,0.5,241.27537
92.75,0.5,241.22536
92.75,0.5,241.17537
93.25,0.5,242.8333
93.25,0.5,242.7833
93.25,0.5,242.7333
93.25,0.5,242.6833
93.25,0.5,242.6333
93.25,0.5,242.5833
93.25,0.5,242.5333
93.25,0.5,242.4833
93.25,0.5,242.4333
93.25,0.5,242.3833
93.25,0.5,242.3333
93.25,0.5,242.2833
93.25,0.5,242.2333
93.25,0.5,242.1833
93.25,0.5,242.1333
93.25,0.5,242.0833
93.25,0.5,242.0333
93.25,0.5,241.9833
93.25,0.5,241.9333
93.25,0.5,241.8833
93.25,0.5,241.8333
93.25,0.5,241.7833
93.25,0.5,241.7333
93.25,0.5,241.6833
93.25,0.5,241.6333
93.25,0.5,241.5833
93.25,0.5,241.5333
93.25,0.5,241.4833
93.25,0.5,241.4333
93.25,0.5,241.3833
93.25,0.5,241.3333
93.25,0.5,241.2833
93.25,0.5,241.2333
93.25,0.5,241.1833
93.25,0.5,241.1333
93.25,0.5,241.0833
93.75,0.5,242.75717
93.75,0.5,242.70717
93.75,0.5,242.65717
93.75,0.5,242.60717
93.75,0.5,242.55717
93.75,0.5,242.50717
93.75,0.5,242.45717
93.75,0.5,242.40717
93.75,0.5,242.35717
93.75,0.5,242.30717
93.75,0.5,242.25717
93.75,0.5,242.20717
93.75,0.5,242.15717
93.75,0.5,242.10717
93.75,0.5,242.05717
93.75,0.5,242.00717
93.75,0.5,241.95717
93.75,0.5,241.90717
93.75,0.5,241.85717
93.75,0.5,241.80717
93.75,0.5,241.75717
93.75,0.5,241.70717
93.75,0.5,241.65717
93.75,0.5,241.60717
93.75,0.5,241.55717
93.75,0.5,241.50717
93.75,0.5,241.45717
93.75,0.5,241.40717
93.75,0.5,241.35717
93.75,0.5,241.30717
93.75,0.5,241.25717
93.75,0.5,241.20717
93.75,0.5,241.15717
93.75,0.5,241.10717
93.75,0.5,241.05717
93.75,0.5,241.00717
91.75,0.5,241.3095
91.75,0.5,241.2595
91.75,0.5,241.2095
91.75,0.5,241.1595
91.75,0.5,240.9845
91.75,0.5,240.4345
91.75,0.5,239.3845
91.75,0.5,237.8345
91.75,0.5,235.7845
91.75,0.5,233.2345
91.75,0.5,230.1845
91.75,0.5,226.6345
92.25,0.5,241.21743
92.25,0.5,241.16743
92.25,0.5,241.11744
92.25,0.5,241.06744
92.25,0.5,240.89243
92.25,0.5,240.34243
92.25,0.5,239.29243
92.25,0.5,237.74244
92.25,0.5,235.69244
92.25,0.5,233.14243
92.25,0.5,230.09243
92.25,0.5,226.54243
92.75,0.5,241.12537
92.75,0.5,241.07537
92.75,0.5,241.02537
92.75,0.5,240.97536
92.75,0.5,240.80037
92.75,0.5,240.25037
92.75,0.5,239.20037
92.75,0.5,237.65037
92.75,0.5,235.60036
92.75,0.5,233.05037
92.75,0.5,230.00037
92.75,0.5,226.45037
93.25,0.5,241.0333
93.25,0.5,240.9833
93.25,0.5,240.9333
93.25,0.5,240.8833
93.25,0.5,240.7083
93.25,0.5,240.1583
93.25,0.5,239.1083
93.25,0.5,237.5583
93.25,0.5,235.5083
93.25,0.5,232.9583
93.25,0.5,229.9083
93.25,0.5,226.3583
93.75,0.5,240.95717
93.75,0.5,240.90717
93.75,0.5,240.85717
93.75,0.5,240.80717
93.75,0.5,240.63217
93.75,0.5,240.08217
93.75,0.5,239.03217
93.75,0.5,237.48217
93.75,0.5,235.43217
93.75,0.5,232.88217
93.75,0.5,229.83217
93.75,0.5,226.28217
94.25,0.5,242.71956
94.25,0.5,242.66956
94.25,0.5,242.61956
94.25,0.5,242.56956
94.25,0.5,242.51956
94.25,0.5,242.46956
94.25,0.5,242.41956
94.25,0.5,242.36956
94.25,0.5,242.31956
94.25,0.5,242.26956
94.25,0.5,242.21956
94.25,0.5,242.16956
94.25,0.5,242.11956
94.25,0.5,242.06956
94.25,0.5,242.01956
94.25,0.5,241.96956
94.25,0.5,241.91956
94.25,0.5,241.86956
94.25,0.5,241.81956
94.25,0.5,241.76956
94.25,0.5,241.71956
94.25,0.5,241.66956
94.25,0.5,241.61956
94.25,0.5,241.56956
94.25,0.5,241.51956
94.25,0.5,241.46956
94.25,0.5,241.41956
94.25,0.5,241.36956
94.25,0.5,241.31956
94.25,0.5,241.26956
94.25,0.5,241.21956
94.25,0.5,241.16956
94.25,0.5,241.11956
94.25,0.5,241.06956
94.25,0.5,241.01956
94.25,0.5,240.96956
94.75,0.5,242.70452
94.75,0.5,242.65452
94.75,0.5,242.60452
94.75,0.5,242.55452
94.75,0.5,242.50452
94.75,0.5,242.45452
94.75,0.5,242.40452
94.75,0.5,242.35452
94.75,0.5,242.30452
94.75,0.5,242.25452
94.75,0.5,242.20452
94.75,0.5,242.15452
94.75,0.5,242.10452
94.75,0.5,242.05452
94.75,0.5,242.00452
94.75,0.5,241.95452
94.75,0.5,241.90452
94.75,0.5,241.85452
94.75,0.5,241.80452
94.75,0.5,241.75452
94.75,0.5,241.70452
94.75,0.5,241.65452
94.75,0.5,241.60452
94.75,0.5,241.55452
94.75,0.5,241.50452
94.75,0.5,241.45452
94.75,0.5,241.40452
94.75,0.5,241.35452
94.75,0.5,241.30452
94.75,0.5,241.25452
94.75,0.5,241.20452
94.75,0.5,241.15452
94.75,0.5,241.10452
94.75,0.5,241.05452
94.75,0.5,241.00452
94.75,0.5,240.95452
95.25,0.5,242.68948
95.25,0.5,242.63948
95.25,0.5,242.58949
95.25,0.5,242.53948
95.25,0.5,242.48948
95.25,0.5,242.43948
95.25,0.5,242.38948
95.25,0.5,242.33949
95.25,0.5,242.28948
95.25,0.5,242.23948
95.25,0.5,242.18948
95.25,0.5,242.13948
95.25,0.5,242.08949
95.25,0.5,242.03948
95.25,0.5,241.98948
95.25,0.5,241.93948
95.25,0.5,241.88948
95.25,0.5,241.83949
95.25,0.5,241.78948
95.25,0.5,241.73948
95.25,0.5,241.68948
95.25,0.5,241.63948
95.25,0.5,241.58949
95.25,0.5,241.53948
95.25,0.5,241.48948
95.25,0.5,241.43948
95.25,0.5,241.38948
95.25,0.5,241.33949
95.25,0.5,241.28948
95.25,0.5,241.23948
95.25,0.5,241.18948
95.25,0.5,241.13948
95.25,0.5,241.08949
95.25,0.5,241.03948
95.25,0.5,240.98948
95.25,0.5,240.93948
95.75,0.5,242.67445
95.75,0.5,242.62444
95.75,0.5,242.57444
95.75,0.5,242.52444
95.75,0.5,242.47445
95.75,0.5,242.42445
95.75,0.5,242.37444
95.75,0.5,242.32444
95.75,0.5,242.27444
95.75,0.5,242.22445
95.75,0.5,242.17445
95.75,0.5,242.12444
95.75,0.5,242.07444
95.75,0.5,242.02444
95.75,0.5,241.97445
95.75,0.5,241.92445
95.75,0.5,241.87444
95.75,0.5,241.82444
95.75,0.5,241.77444
95.75,0.5,241.72445
95.75,0.5,241.67445
95.75,0.5,241.62444
95.75,0.5,241.57444
95.75,0.5,241.52444
95.75,0.5,241.47445
95.75,0.5,241.42445
95.75,0.5,241.37444
95.75,0.5,241.32444
95.75,0.5,241.27444
95.75,0.5,241.22445
95.75,0.5,241.17445
95.75,0.5,241.12444
95.75,0.5,241.07444
95.75,0.5,241.02444
95.75,0.5,240.97445
95.75,0.5,240.92445
94.25,0.5,240.91956
94.25,0.5,240.86956
94.25,0.5,240.81956
94.25,0.5,240.76956
94.25,0.5,240.59456
94.25,0.5,240.04456
94.25,0.5,238.99456
94.25,0.5,237.44456
94.25,0.5,235.39456
94.25,0.5,232.84456
94.25,0.5,229.79456
94.25,0.5,226.24456
94.75,0.5,240.90452
94.75,0.5,240.85452
94.75,0.5,240.80452
94.75,0.5,240.75452
94.75,0.5,240.57952
94.75,0.5,240.02952
94.75,0.5,238.97952
94.75,0.5,237.42952
94.75,0.5,235.37952
94.75,0.5,232.82952
94.75,0.5,229.77952
94.75,0.5,226.22952
95.25,0.5,240.88948
95.25,0.5,240.83949
95.25,0.5,240.78948
95.25,0.5,240.73948
95.25,0.5,240.56448
95.25,0.5,240.01448
95.25,0.5,238.96449
95.25,0.5,237.41448
95.25,0.5,235.36448
95.25,0.5,232.81448
95.25,0.5,229.76448
95.25,0.5,226.21449
95.75,0.5,240.87444
95.75,0.5,240.82444
95.75,0.5,240.77444
95.75,0.5,240.72445
95.75,0.5,240.54945
95.75,0.5,239.99944
95.75,0.5,238.94944
95.75,0.5,237.39944
95.75,0.5,235.34945
95.75,0.5,232.79945
95.75,0.5,229.74944
95.75,0.5,226.19944
96.25,0.5,242.65941
96.25,0.5,242.60941
96.25,0.5,242.55941
96.25,0.5,242.50941
96.25,0.5,242.45941
96.25,0.5,242.40941
96.25,0.5,242.35941
96.25,0.5,242.30941
96.25,0.5,242.25941
96.25,0.5,242.20941
96.25,0.5,242.15941
96.25,0.5,242.10941
96.25,0.5,242.05941
96.25,0.5,242.00941
96.25,0.5,241.95941
96.25,0.5,241.90941
96.25,0.5,241.85941
96.25,0.5,241.80941
96.25,0.5,241.75941
96.25,0.5,241.70941
96.25,0.5,241.65941
96.25,0.5,241.60941
96.25,0.5,241.55941
96.25,0.5,241.50941
96.25,0.5,241.45941
96.25,0.5,241.40941
96.25,0.5,241.35941
96.25,0.5,241.30941
96.25,0.5,241.25941
96.25,0.5,241.20941
96.25,0.5,241.15941
96.25,0.5,241.10941
96.25,0.5,241.05941
96.25,0.5,241.00941
96.25,0.5,240.95941
96.25,0.5,240.90941
96.75,0.5,242.64437
96.75,0.5,242.59437
96.75,0.5,242.54437
96.75,0.5,242.49437
96.75,0.5,242.44437
96.75,0.5,242.39437
96.75,0.5,242.34437
96.75,0.5,242.29437
96.75,0.5,242.24437
96.75,0.5,242.19437
96.75,0.5,242.14437
96.75,0.5,242.09437
96.75,0.5,242.04437
96.75,0.5,241.99437
96.75,0.5,241.94437
96.75,0.5,241.89437
96.75,0.5,241.84437
96.75,0.5,241.79437
96.75,0.5,241.74437
96.75,0.5,241.69437
96.75,0.5,241.64437
96.75,0.5,241.59437
96.75,0.5,241.54437
96.75,0.5,241.49437
96.75,0.5,241.44437
96.75,0.5,241.39437
96.75,0.5,241.34437
96.75,0.5,241.29437
96.75,0.5,241.24437
96.75,0.5,241.19437
96.75,0.5,241.14437
96.75,0.5,241.09437
96.75,0.5,241.04437
96.75,0.5,240.99437
96.75,0.5,240.94437
96.75,0.5,240.89437
97.25,0.5,242.62933
97.25,0.5,242.57933
97.25,0.5,242.52933
97.25,0.5,242.47933
97.25,0.5,242.42933
97.25,0.5,242.37933
97.25,0.5,242.32933
97.25,0.5,242.27933
97.25,0.5,242.22933
97.25,0.5,242.17933
97.25,0.5,242.12933
97.25,0.5,242.07933
97.25,0.5,242.02933
97.25,0.5,241.97933
97.25,0.5,241.92933
97.25,0.5,241.87933
97.25,0.5,241.82933
97.25,0.5,241.77933
97.25,0.5,241.72933
97.25,0.5,241.67933
97.25,0.5,241.62933
97.25,0.5,241.57933
97.25,0.5,241.52933
97.25,0.5,241.47933
97.25,0.5,241.42933
97.25,0.5,241.37933
97.25,0.5,241.32933
97.25,0.5,241.27933
97.25,0.5,241.22933
97.25,0.5,241.17933
97.25,0.5,241.12933
97.25,0.5,241.07933
97.25,0.5,241.02933
97.25,0.5,240.97933
97.25,0.5,240.92933
97.25,0.5,240.87933
97.75,0.5,242.6143
97.75,0.5,242.56429
97.75,0.5,242.51429
97.75,0.5,242.46429
97.75,0.5,242.4143
97.75,0.5,242.3643
97.75,0.5,242.31429
97.75,0.5,242.26429
97.75,0.5,242.21429
97.75,0.5,242.1643
97.75,0.5,242.1143
97.75,0.5,242.06429
97.75,0.5,242.01429
97.75,0.5,241.96429
97.75,0.5,241.9143
97.75,0.5,241.8643
97.75,0.5,241.81429
97.75,0.5,241.76429
97.75,0.5,241.71429
97.75,0.5,241.6643
97.75,0.5,241.6143
97.75,0.5,241.56429
97.75,0.5,241.51429
97.75,0.5,241.46429
97.75,0.5,241.4143
97.75,0.5,241.3643
97.75,0.5,241.31429
97.75,0.5,241.26429
97.75,0.5,241.21429
97.75,0.5,241.1643
97.75,0.5,241.1143
97.75,0.5,241.06429
97.75,0.5,241.01429
97.75,0.5,240.96429
97.75,0.5,240.9143
97.75,0.5,240.8643
96.25,0.5,240.85941
96.25,0.5,240.80941
96.25,0.5,240.75941
96.25,0.5,240.70941
96.25,0.5,240.53441
96.25,0.5,239.98441
96.25,0.5,238.93441
96.25,0.5,237.38441
96.25,0.5,235.33441
96.25,0.5,232.78441
96.25,0.5,229.73441
96.25,0.5,226.18441
96.75,0.5,240.84437
96.75,0.5,240.79437
96.75,0.5,240.74437
96.75,0.5,240.69437
96.75,0.5,240.51937
96.75,0.5,239.96937
96.75,0.5,238.91937
96.75,0.5,237.36937
96.75,0.5,235.31937
96.75,0.5,232.76937
96.75,0.5,229.71937
96.75,0.5,226.16937
97.25,0.5,240.82933
97.25,0.5,240.77933
97.25,0.5,240.72933
97.25,0.5,240.67933
97.25,0.5,240.50433
97.25,0.5,239.95433
97.25,0.5,238.90433
97.25,0.5,237.35433
97.25,0.5,235.30433
97.25,0.5,232.75433
97.25,0.5,229.70433
97.25,0.5,226.15433
97.75,0.5,240.81429
97.75,0.5,240.76429
97.75,0.5,240.71429
97.75,0.5,240.6643
97.75,0.5,240.4893
97.75,0.5,239.93929
97.75,0.5,238.88929
97.75,0.5,237.33929
97.75,0.5,235.2893
97.75,0.5,232.7393
97.75,0.5,229.68929
97.75,0.5,226.13929
98.25,0.5,242.59926
98.25,0.5,242.54926
98.25,0.5,242.49926
98.25,0.5,242.44926
98.25,0.5,242.39926
98.25,0.5,242.34926
98.25,0.5,242.29926
98.25,0.5,242.24926
98.25,0.5,242.19926
98.25,0.5,242.14926
98.25,0.5,242.09926
98.25,0.5,242.04926
98.25,0.5,241.99926
98.25,0.5,241.94926
98.25,0.5,241.89926
98.25,0.5,241.84926
98.25,0.5,241.79926
98.25,0.5,241.74926
98.25,0.5,241.69926
98.25,0.5,241.64926
98.25,0.5,241.59926
98.25,0.5,241.54926
98.25,0.5,241.49926
98.25,0.5,241.44926
98.25,0.5,241.39926
98.25,0.5,241.34926
98.25,0.5,241.29926
98.25,0.5,241.24926
98.25,0.5,241.19926
98.25,0.5,241.14926
98.25,0.5,241.09926
98.25,0.5,241.04926
98.25,0.5,240.99926
98.25,0.5,240.94926
98.25,0.5,240.89926
98.25,0.5,240.84926
98.75,0.5,242.58422
98.75,0.5,242.53422
98.75,0.5,242.48422
98.75,0.5,242.43422
98.75,0.5,242.38422
98.75,0.5,242.33422
98.75,0.5,242.28422
98.75,0.5,242.23422
98.75,0.5,242.18422
98.75,0.5,242.13422
98.75,0.5,242.08422
98.75,0.5,242.03422
98.75,0.5,241.98422
98.75,0.5,241.93422
98.75,0.5,241.88422
98.75,0.5,241.83422
98.75,0.5,241.78422
98.75,0.5,241.73422
98.75,0.5,241.68422
98.75,0.5,241.63422
98.75,0.5,241.58422
98.75,0.5,241.53422
98.75,0.5,241.48422
98.75,0.5,241.43422
98.75,0.5,241.38422
98.75,0.5,241.33422
98.75,0.5,241.28422
98.75,0.5,241.23422
98.75,0.5,241.18422
98.75,0.5,241.13422
98.75,0.5,241.08422
98.75,0.5,241.03422
98.75,0.5,240.98422
98.75,0.5,240.93422
98.75,0.5,240.88422
98.75,0.5,240.83422
99.25,0.5,242.52645
99.25,0.5,242.47646
99.25,0.5,242.42646
99.25,0.5,242.37646
99.25,0.5,242.32645
99.25,0.5,242.27645
99.25,0.5,242.22646
99.25,0.5,242.17646
99.25,0.5,242.12646
99.25,0.5,242.07645
99.25,0.5,242.02645
99.25,0.5,241.97646
99.25,0.5,241.92646
99.25,0.5,241.87646
99.25,0.5,241.82645
99.25,0.5,241.77645
99.25,0.5,241.72646
99.25,0.5,241.67646
99.25,0.5,241.62646
99.25,0.5,241.57645
99.25,0.5,241.52645
99.25,0.5,241.47646
99.25,0.5,241.42646
99.25,0.5,241.37646
99.25,0.5,241.32645
99.25,0.5,241.27645
99.25,0.5,241.22646
99.25,0.5,241.17646
99.25,0.5,241.12646
99.25,0.5,241.07645
99.25,0.5,241.02645
99.25,0.5,240.97646
99.25,0.5,240.92646
99.25,0.5,240.87646
99.25,0.5,240.82645
99.25,0.5,240.77645
99.75,0.5,242.42597
99.75,0.5,242.37597
99.75,0.5,242.32597
99.75,0.5,242.27597
99.75,0.5,242.22597
99.75,0.5,242.17597
99.75,0.5,242.12597
99.75,0.5,242.07597
99.75,0.5,242.02597
99.75,0.5,241.97597
99.75,0.5,241.92597
99.75,0.5,241.87597
99.75,0.5,241.82597
99.75,0.5,241.77597
99.75,0.5,241.72597
99.75,0.5,241.67597
99.75,0.5,241.62597
99.75,0.5,241.57597
99.75,0.5,241.52597
99.75,0.5,241.47597
99.75,0.5,241.42597
99.75,0.5,241.37597
99.75,0.5,241.32597
99.75,0.5,241.27597
99.75,0.5,241.22597
99.75,0.5,241.17597
99.75,0.5,241.12597
99.75,0.5,241.07597
99.75,0.5,241.02597
99.75,0.5,240.97597
99.75,0.5,240.92597
99.75,0.5,240.87597
99.75,0.5,240.82597
99.75,0.5,240.77597
99.75,0.5,240.72597
99.75,0.5,240.67597
98.25,0.5,240.79926
98.25,0.5,240.74926
98.25,0.5,240.69926
98.25,0.5,240.64926
98.25,0.5,240.47426
98.25,0.5,239.92426
98.25,0.5,238.87426
98.25,0.5,237.32426
98.25,0.5,235.27426
98.25,0.5,232.72426
98.25,0.5,229.67426
98.25,0.5,226.12426
98.75,0.5,240.78422
98.75,0.5,240.73422
98.75,0.5,240.68422
98.75,0.5,240.63422
98.75,0.5,240.45922
98.75,0.5,239.90922
98.75,0.5,238.85922
98.75,0.5,237.30922
98.75,0.5,235.25922
98.75,0.5,232.70922
98.75,0.5,229.65922
98.75,0.5,226.10922
99.25,0.5,240.72646
99.25,0.5,240.67646
99.25,0.5,240.62646
99.25,0.5,240.57645
99.25,0.5,240.40145
99.25,0.5,239.85146
99.25,0.5,238.80146
99.25,0.5,237.25146
99.25,0.5,235.20145
99.25,0.5,232.65145
99.25,0.5,229.60146
99.25,0.5,226.05146
99.75,0.5,240.62597
99.75,0.5,240.57597
99.75,0.5,240.52597
99.75,0.5,240.47597
99.75,0.5,240.30097
99.75,0.5,239.75097
99.75,0.5,238.70097
99.75,0.5,237.15097
99.75,0.5,235.10097
99.75,0.5,232.55097
99.75,0.5,229.50097
99.75,0.5,225.95097
100.25,0.5,242.32548
100.25,0.5,242.27548
100.25,0.5,242.22548
100.25,0.5,242.17548
100.25,0.5,242.12548
100.25,0.5,242.07548
100.25,0.5,242.02548
100.25,0.5,241.97548
100.25,0.5,241.92548
100.25,0.5,241.87548
100.25,0.5,241.82548
100.25,0.5,241.77548
100.25,0.5,241.72548
100.25,0.5,241.67548
100.25,0.5,241.62548
100.25,0.5,241.57548
100.25,0.5,241.52548
100.25,0.5,241.47548
100.25,0.5,241.42548
100.25,0.5,241.37548
100.25,0.5,241.32548
100.25,0.5,241.27548
100.25,0.5,241.22548
100.25,0.5,241.17548
100.25,0.5,241.12548
100.25,0.5,241.07548
100.25,0.5,241.02548
100.25,0.5,240.97548
100.25,0.5,240.92548
100.25,0.5,240.87548
100.25,0.5,240.82548
100.25,0.5,240.77548
100.25,0.5,240.72548
100.25,0.5,240.67548
100.25,0.5,240.62548
100.25,0.5,240.57548
100.75,0.5,242.22499
100.75,0.5,242.175
100.75,0.5,242.12499
100.75,0.5,242.07499
100.75,0.5,242.02499
100.75,0.5,241.97499
100.75,0.5,241.925
100.75,0.5,241.87499
100.75,0.5,241.82499
100.75,0.5,241.77499
100.75,0.5,241.72499
100.75,0.5,241.675
100.75,0.5,241.62499
100.75,0.5,241.57499
100.75,0.5,241.52499
100.75,0.5,241.47499
100.75,0.5,241.425
100.75,0.5,241.37499
100.75,0.5,241.32499
100.75,0.5,241.27499
100.75,0.5,241.22499
100.75,0.5,241.175
100.75,0.5,241.12499
100.75,0.5,241.07499
100.75,0.5,241.02499
100.75,0.5,240.97499
100.75,0.5,240.925
100.75,0.5,240.87499
100.75,0.5,240.82499
100.75,0.5,240.77499
100.75,0.5,240.72499
100.75,0.5,240.675
100.75,0.5,240.62499
100.75,0.5,240.57499
100.75,0.5,240.52499
100.75,0.5,240.47499
101.25,0.5,242.1245
101.25,0.5,242.0745
101.25,0.5,242.02451
101.25,0.5,241.97451
101.25,0.5,241.92451
101.25,0.5,241.8745
101.25,0.5,241.8245
101.25,0.5,241.77451
101.25,0.5,241.72451
101.25,0.5,241.67451
101.25,0.5,241.6245
101.25,0.5,241.5745
101.25,0.5,241.52451
101.25,0.5,241.47451
101.25,0.5,241.42451
101.25,0.5,241.3745
101.25,0.5,241.3245
101.25,0.5,241.27451
101.25,0.5,241.22451
101.25,0.5,241.17451
101.25,0.5,241.1245
101.25,0.5,241.0745
101.25,0.5,241.02451
101.25,0.5,240.97451
101.25,0.5,240.92451
101.25,0.5,240.8745
101.25,0.5,240.8245
101.25,0.5,240.77451
101.25,0.5,240.72451
101.25,0.5,240.67451
101.25,0.5,240.6245
101.25,0.5,240.5745
101.25,0.5,240.52451
101.25,0.5,240.47451
101.25,0.5,240.42451
101.25,0.5,240.3745
101.75,0.5,242.02402
101.75,0.5,241.97402
101.75,0.5,241.92402
101.75,0.5,241.87402
101.75,0.5,241.82402
101.75,0.5,241.77402
101.75,0.5,241.72402
101.75,0.5,241.67402
101.75,0.5,241.62402
101.75,0.5,241.57402
101.75,0.5,241.52402
101.75,0.5,241.47402
101.75,0.5,241.42402
101.75,0.5,241.37402
101.75,0.5,241.32402
101.75,0.5,241.27402
101.75,0.5,241.22402
101.75,0.5,241.17402
101.75,0.5,241.12402
101.75,0.5,241.07402
101.75,0.5,241.02402
101.75,0.5,240.97402
101.75,0.5,240.92402
101.75,0.5,240.87402
101.75,0.5,240.82402
101.75,0.5,240.77402
101.75,0.5,240.72402
101.75,0.5,240.67402
101.75,0.5,240.62402
101.75,0.5,240.57402
101.75,0.5,240.52402
101.75,0.5,240.47402
101.75,0.5,240.42402
101.75,0.5,240.37402
101.75,0.5,240.32402
101.75,0.5,240.27402
100.25,0.5,240.52548
100.25,0.5,240.47548
100.25,0.5,240.42548
100.25,0.5,240.37548
100.25,0.5,240.20048
100.25,0.5,239.65048
100.25,0.5,238.60048
100.25,0.5,237.05048
100.25,0.5,235.00048
100.25,0.5,232.45048
100.25,0.5,229.40048
100.25,0.5,225.85048
100.75,0.5,240.425
100.75,0.5,240.37499
100.75,0.5,240.32499
100.75,0.5,240.27499
100.75,0.5,240.09999
100.75,0.5,239.55
100.75,0.5,238.49999
100.75,0.5,236.94999
100.75,0.5,234.89999
100.75,0.5,232.34999
100.75,0.5,229.3
100.75,0.5,225.74999
101.25,0.5,240.3245
101.25,0.5,240.27451
101.25,0.5,240.22451
101.25,0.5,240.17451
101.25,0.5,239.9995
101.25,0.5,239.4495
101.25,0.5,238.39951
101.25,0.5,236.84951
101.25,0.5,234.79951
101.25,0.5,232.2495
101.25,0.5,229.1995
101.25,0.5,225.64951
101.75,0.5,240.22402
101.75,0.5,240.17402
101.75,0.5,240.12402
101.75,0.5,240.07402
101.75,0.5,239.89902
101.75,0.5,239.34902
101.75,0.5,238.29902
101.75,0.5,236.74902
101.75,0.5,234.69902
101.75,0.5,232.14902
101.75,0.5,229.09902
101.75,0.5,225.54902
102.25,0.5,241.92353
102.25,0.5,241.87353
102.25,0.5,241.82353
102.25,0.5,241.77353
102.25,0.5,241.72353
102.25,0.5,241.67353
102.25,0.5,241.62353
102.25,0.5,241.57353
102.25,0.5,241.52353
102.25,0.5,241.47353
102.25,0.5,241.42353
102.25,0.5,241.37353
102.25,0.5,241.32353
102.25,0.5,241.27353
102.25,0.5,241.22353
102.25,0.5,241.17353
102.25,0.5,241.12353
102.25,0.5,241.07353
102.25,0.5,241.02353
102.25,0.5,240.97353
102.25,0.5,240.92353
102.25,0.5,240.87353
102.25,0.5,240.82353
102.25,0.5,240.77353
102.25,0.5,240.72353
102.25,0.5,240.67353
102.25,0.5,240.62353
102.25,0.5,240.57353
102.25,0.5,240.52353
102.25,0.5,240.47353
102.25,0.5,240.42353
102.25,0.5,240.37353
102.25,0.5,240.32353
102.25,0.5,240.27353
102.25,0.5,240.22353
102.25,0.5,240.17353
102.75,0.5,241.82304
102.75,0.5,241.77304
102.75,0.5,241.72305
102.75,0.5,241.67304
102.75,0.5,241.62304
102.75,0.5,241.57304
102.75,0.5,241.52304
102.75,0.5,241.47305
102.75,0.5,241.42304
102.75,0.5,241.37304
102.75,0.5,241.32304
102.75,0.5,241.27304
102.75,0.5,241.22305
102.75,0.5,241.17304
102.75,0.5,241.12304
102.75,0.5,241.07304
102.75,0.5,241.02304
102.75,0.5,240.97305
102.75,0.5,240.92304
102.75,0.5,240.87304
102.75,0.5,240.82304
102.75,0.5,240.77304
102.75,0.5,240.72305
102.75,0.5,240.67304
102.75,0.5,240.62304
102.75,0.5,240.57304
102.75,0.5,240.52304
102.75,0.5,240.47305
102.75,0.5,240.42304
102.75,0.5,240.37304
102.75,0.5,240.32304
102.75,0.5,240.27304
102.75,0.5,240.22305
102.75,0.5,240.17304
102.75,0.5,240.12304
102.75,0.5,240.07304
103.25,0.5,241.69878
103.25,0.5,241.64877
103.25,0.5,241.59877
103.25,0.5,241.54877
103.25,0.5,241.49878
103.25,0.5,241.44878
103.25,0.5,241.39877
103.25,0.5,241.34877
103.25,0.5,241.29877
103.25,0.5,241.24878
103.25,0.5,241.19878
103.25,0.5,241.14877
103.25,0.5,241.09877
103.25,0.5,241.04877
103.25,0.5,240.99878
103.25,0.5,240.94878
103.25,0.5,240.89877
103.25,0.5,240.84877
103.25,0.5,240.79877
103.25,0.5,240.74878
103.25,0.5,240.69878
103.25,0.5,240.64877
103.25,0.5,240.59877
103.25,0.5,240.54877
103.25,0.5,240.49878
103.25,0.5,240.44878
103.25,0.5,240.39877
103.25,0.5,240.34877
103.25,0.5,240.29877
103.25,0.5,240.24878
103.25,0.5,240.19878
103.25,0.5,240.14877
103.25,0.5,240.09877
103.25,0.5,240.04877
103.25,0.5,239.99878
103.25,0.5,239.94878
103.75,0.5,241.55072
103.75,0.5,241.50072
103.75,0.5,241.45073
103.75,0.5,241.40073
103.75,0.5,241.35072
103.75,0.5,241.30072
103.75,0.5,241.25072
103.75,0.5,241.20073
103.75,0.5,241.15073
103.75,0.5,241.10072
103.75,0.5,241.05072
103.75,0.5,241.00072
103.75,0.5,240.95073
103.75,0.5,240.90073
103.75,0.5,240.85072
103.75,0.5,240.80072
103.75,0.5,240.75072
103.75,0.5,240.70073
103.75,0.5,240.65073
103.75,0.5,240.60072
103.75,0.5,240.55072
103.75,0.5,240.50072
103.75,0.5,240.45073
103.75,0.5,240.40073
103.75,0.5,240.35072
103.75,0.5,240.30072
103.75,0.5,240.25072
103.75,0.5,240.20073
103.75,0.5,240.15073
103.75,0.5,240.10072
103.75,0.5,240.05072
103.75,0.5,240.00072
103.75,0.5,239.95073
103.75,0.5,239.90073
103.75,0.5,239.85072
103.75,0.5,239.80072
102.25,0.5,240.12353
102.25,0.5,240.07353
102.25,0.5,240.02353
102.25,0.5,239.97353
102.25,0.5,239.79853
102.25,0.5,239.24853
102.25,0.5,238.19853
102.25,0.5,236.64853
102.25,0.5,234.59853
102.25,0.5,232.04853
102.25,0.5,228.99853
102.25,0.5,225.44853
102.75,0.5,240.02304
102.75,0.5,239.97305
102.75,0.5,239.92304
102.75,0.5,239.87304
102.75,0.5,239.69804
102.75,0.5,239.14804
102.75,0.5,238.09805
102.75,0.5,236.54804
102.75,0.5,234.49804
102.75,0.5,231.94804
102.75,0.5,228.89804
102.75,0.5,225.34805
103.25,0.5,239.89877
103.25,0.5,239.84877
103.25,0.5,239.79877
103.25,0.5,239.74878
103.25,0.5,239.57378
103.25,0.5,239.02377
103.25,0.5,237.97377
103.25,0.5,236.42377
103.25,0.5,234.37378
103.25,0.5,231.82378
103.25,0.5,228.77377
103.25,0.5,225.22377
103.75,0.5,239.75072
103.75,0.5,239.70073
103.75,0.5,239.65073
103.75,0.5,239.60072
103.75,0.5,239.42572
103.75,0.5,238.87572
103.75,0.5,237.82573
103.75,0.5,236.27573
103.75,0.5,234.22572
103.75,0.5,231.67572
103.75,0.5,228.62572
103.75,0.5,225.07573
