"Points:0","Points:1","Points:2"
0.25,0.5,238.79501
0.25,0.5,238.745
0.25,0.5,238.695
0.25,0.5,238.645
0.25,0.5,238.595
0.25,0.5,238.54501
0.25,0.5,238.495
0.25,0.5,238.445
0.25,0.5,238.395
0.25,0.5,238.345
0.25,0.5,238.29501
0.25,0.5,238.245
0.25,0.5,238.195
0.25,0.5,238.145
0.25,0.5,238.095
0.25,0.5,238.04501
0.25,0.5,237.995
0.25,0.5,237.945
0.25,0.5,237.895
0.25,0.5,237.845
0.25,0.5,237.79501
0.25,0.5,237.745
0.25,0.5,237.695
0.25,0.5,237.645
0.25,0.5,237.595
0.25,0.5,237.54501
0.25,0.5,237.495
0.25,0.5,237.445
0.25,0.5,237.395
0.25,0.5,237.345
0.25,0.5,237.29501
0.25,0.5,237.245
0.25,0.5,237.195
0.25,0.5,237.145
0.25,0.5,237.095
0.25,0.5,237.04501
0.75,0.5,238.83945
0.75,0.5,238.78945
0.75,0.5,238.73945
0.75,0.5,238.68945
0.75,0.5,238.63945
0.75,0.5,238.58945
0.75,0.5,238.53945
0.75,0.5,238.48945
0.75,0.5,238.43945
0.75,0.5,238.38945
0.75,0.5,238.33945
0.75,0.5,238.28945
0.75,0.5,238.23945
0.75,0.5,238.18945
0.75,0.5,238.13945
0.75,0.5,238.08945
0.75,0.5,238.03945
0.75,0.5,237.98945
0.75,0.5,237.93945
0.75,0.5,237.88945
0.75,0.5,237.83945
0.75,0.5,237.78945
0.75,0.5,237.73945
0.75,0.5,237.68945
0.75,0.5,237.63945
0.75,0.5,237.58945
0.75,0.5,237.53945
0.75,0.5,237.48945
0.75,0.5,237.43945
0.75,0.5,237.38945
0.75,0.5,237.33945
0.75,0.5,237.28945
0.75,0.5,237.23945
0.75,0.5,237.18945
0.75,0.5,237.13945
0.75,0.5,237.08945
1.25,0.5,239.02819
1.25,0.5,238.97819
1.25,0.5,238.92819
1.25,0.5,238.87819
1.25,0.5,238.82819
1.25,0.5,238.77819
1.25,0.5,238.72819
1.25,0.5,238.67819
1.25,0.5,238.62819
1.25,0.5,238.57819
1.25,0.5,238.52819
1.25,0.5,238.47819
1.25,0.5,238.42819
1.25,0.5,238.37819
1.25,0.5,238.32819
1.25,0.5,238.27819
1.25,0.5,238.22819
1.25,0.5,238.17819
1.25,0.5,238.12819
1.25,0.5,238.07819
1.25,0.5,238.02819
1.25,0.5,237.97819
1.25,0.5,237.92819
1.25,0.5,237.87819
1.25,0.5,237.82819
1.25,0.5,237.77819
1.25,0.5,237.72819
1.25,0.5,237.67819
1.25,0.5,237.62819
1.25,0.5,237.57819
1.25,0.5,237.52819
1.25,0.5,237.47819
1.25,0.5,237.42819
1.25,0.5,237.37819
1.25,0.5,237.32819
1.25,0.5,237.27819
1.75,0.5,239.18302
1.75,0.5,239.13302
1.75,0.5,239.08302
1.75,0.5,239.03302
1.75,0.5,238.98302
1.75,0.5,238.93302
1.75,0.5,238.88302
1.75,0.5,238.83302
1.75,0.5,238.78302
1.75,0.5,238.73302
1.75,0.5,238.68302
1.75,0.5,238.63302
1.75,0.5,238.58302
1.75,0.5,238.53302
1.75,0.5,238.48302
1.75,0.5,238.43302
1.75,0.5,238.38302
1.75,0.5,238.33302
1.75,0.5,238.28302
1.75,0.5,238.23302
1.75,0.5,238.18302
1.75,0.5,238.13302
1.75,0.5,238.08302
1.75,0.5,238.03302
1.75,0.5,237.98302
1.75,0.5,237.93302
1.75,0.5,237.88302
1.75,0.5,237.83302
1.75,0.5,237.78302
1.75,0.5,237.73302
1.75,0.5,237.68302
1.75,0.5,237.63302
1.75,0.5,237.58302
1.75,0.5,237.53302
1.75,0.5,237.48302
1.75,0.5,237.43302
2.25,0.5,239.20411
2.25,0.5,239.15411
2.25,0.5,239.1041
2.25,0.5,239.05411
2.25,0.5,239.00411
2.25,0.5,238.95411
2.25,0.5,238.90411
2.25,0.5,238.8541
2.25,0.5,238.80411
2.25,0.5,238.75411
2.25,0.5,238.70411
2.25,0.5,238.65411
2.25,0.5,238.6041
2.25,0.5,238.55411
2.25,0.5,238.50411
2.25,0.5,238.45411
2.25,0.5,238.40411
2.25,0.5,238.3541
2.25,0.5,238.30411
2.25,0.5,238.25411
2.25,0.5,238.20411
2.25,0.5,238.15411
2.25,0.5,238.1041
2.25,0.5,238.05411
2.25,0.5,238.00411
2.25,0.5,237.95411
2.25,0.5,237.90411
2.25,0.5,237.8541
2.25,0.5,237.80411
2.25,0.5,237.75411
2.25,0.5,237.70411
2.25,0.5,237.65411
2.25,0.5,237.6041
2.25,0.5,237.55411
2.25,0.5,237.50411
2.25,0.5,237.45411
0.25,0.5,236.995
0.25,0.5,236.945
0.25,0.5,236.895
0.25,0.5,236.845
0.25,0.5,236.67001
0.25,0.5,236.12
0.25,0.5,235.07
0.25,0.5,233.52
0.25,0.5,231.47
0.25,0.5,228.92001
0.25,0.5,225.87
0.25,0.5,222.32
0.75,0.5,237.03945
0.75,0.5,236.98945
0.75,0.5,236.93945
0.75,0.5,236.88945
0.75,0.5,236.71445
0.75,0.5,236.16445
0.75,0.5,235.11445
0.75,0.5,233.56445
0.75,0.5,231.51445
0.75,0.5,228.96445
0.75,0.5,225.91445
0.75,0.5,222.36445
1.25,0.5,237.22819
1.25,0.5,237.17819
1.25,0.5,237.12819
1.25,0.5,237.07819
1.25,0.5,236.90319
1.25,0.5,236.35319
1.25,0.5,235.30319
1.25,0.5,233.75319
1.25,0.5,231.70319
1.25,0.5,229.15319
1.25,0.5,226.10319
1.25,0.5,222.55319
1.75,0.5,237.38302
1.75,0.5,237.33302
1.75,0.5,237.28302
1.75,0.5,237.23302
1.75,0.5,237.05802
1.75,0.5,236.50802
1.75,0.5,235.45802
1.75,0.5,233.90802
1.75,0.5,231.85802
1.75,0.5,229.30802
1.75,0.5,226.25802
1.75,0.5,222.70802
2.25,0.5,237.40411
2.25,0.5,237.3541
2.25,0.5,237.30411
2.25,0.5,237.25411
2.25,0.5,237.07911
2.25,0.5,236.52911
2.25,0.5,235.4791
2.25,0.5,233.92911
2.25,0.5,231.87911
2.25,0.5,229.32911
2.25,0.5,226.27911
2.25,0.5,222.7291
2.75,0.5,239.2252
2.75,0.5,239.17519
2.75,0.5,239.12519
2.75,0.5,239.0752
2.75,0.5,239.0252
2.75,0.5,238.9752
2.75,0.5,238.92519
2.75,0.5,238.87519
2.75,0.5,238.8252
2.75,0.5,238.7752
2.75,0.5,238.7252
2.75,0.5,238.67519
2.75,0.5,238.62519
2.75,0.5,238.5752
2.75,0.5,238.5252
2.75,0.5,238.4752
2.75,0.5,238.42519
2.75,0.5,238.37519
2.75,0.5,238.3252
2.75,0.5,238.2752
2.75,0.5,238.2252
2.75,0.5,238.17519
2.75,0.5,238.12519
2.75,0.5,238.0752
2.75,0.5,238.0252
2.75,0.5,237.9752
2.75,0.5,237.92519
2.75,0.5,237.87519
2.75,0.5,237.8252
2.75,0.5,237.7752
2.75,0.5,237.7252
2.75,0.5,237.67519
2.75,0.5,237.62519
2.75,0.5,237.5752
2.75,0.5,237.5252
2.75,0.5,237.4752
3.25,0.5,239.24628
3.25,0.5,239.19628
3.25,0.5,239.14628
3.25,0.5,239.09628
3.25,0.5,239.04629
3.25,0.5,238.99628
3.25,0.5,238.94628
3.25,0.5,238.89628
3.25,0.5,238.84628
3.25,0.5,238.79629
3.25,0.5,238.74628
3.25,0.5,238.69628
3.25,0.5,238.64628
3.25,0.5,238.59628
3.25,0.5,238.54629
3.25,0.5,238.49628
3.25,0.5,238.44628
3.25,0.5,238.39628
3.25,0.5,238.34628
3.25,0.5,238.29629
3.25,0.5,238.24628
3.25,0.5,238.19628
3.25,0.5,238.14628
3.25,0.5,238.09628
3.25,0.5,238.04629
3.25,0.5,237.99628
3.25,0.5,237.94628
3.25,0.5,237.89628
3.25,0.5,237.84628
3.25,0.5,237.79629
3.25,0.5,237.74628
3.25,0.5,237.69628
3.25,0.5,237.64628
3.25,0.5,237.59628
3.25,0.5,237.54629
3.25,0.5,237.49628
3.75,0.5,239.26735
3.75,0.5,239.21735
3.75,0.5,239.16734
3.75,0.5,239.11734
3.75,0.5,239.06734
3.75,0.5,239.01735
3.75,0.5,238.96735
3.75,0.5,238.91734
3.75,0.5,238.86734
3.75,0.5,238.81734
3.75,0.5,238.76735
3.75,0.5,238.71735
3.75,0.5,238.66734
3.75,0.5,238.61734
3.75,0.5,238.56734
3.75,0.5,238.51735
3.75,0.5,238.46735
3.75,0.5,238.41734
3.75,0.5,238.36734
3.75,0.5,238.31734
3.75,0.5,238.26735
3.75,0.5,238.21735
3.75,0.5,238.16734
3.75,0.5,238.11734
3.75,0.5,238.06734
3.75,0.5,238.01735
3.75,0.5,237.96735
3.75,0.5,237.91734
3.75,0.5,237.86734
3.75,0.5,237.81734
3.75,0.5,237.76735
3.75,0.5,237.71735
3.75,0.5,237.66734
3.75,0.5,237.61734
3.75,0.5,237.56734
3.75,0.5,237.51735
4.25,0.5,239.28733
4.25,0.5,239.23733
4.25,0.5,239.18733
4.25,0.5,239.13733
4.25,0.5,239.08733
4.25,0.5,239.03733
4.25,0.5,238.98733
4.25,0.5,238.93733
4.25,0.5,238.88733
4.25,0.5,238.83733
4.25,0.5,238.78733
4.25,0.5,238.73733
4.25,0.5,238.68733
4.25,0.5,238.63733
4.25,0.5,238.58733
4.25,0.5,238.53733
4.25,0.5,238.48733
4.25,0.5,238.43733
4.25,0.5,238.38733
4.25,0.5,238.33733
4.25,0.5,238.28733
4.25,0.5,238.23733
4.25,0.5,238.18733
4.25,0.5,238.13733
4.25,0.5,238.08733
4.25,0.5,238.03733
4.25,0.5,237.98733
4.25,0.5,237.93733
4.25,0.5,237.88733
4.25,0.5,237.83733
4.25,0.5,237.78733
4.25,0.5,237.73733
4.25,0.5,237.68733
4.25,0.5,237.63733
4.25,0.5,237.58733
4.25,0.5,237.53733
4.75,0.5,239.30626
4.75,0.5,239.25626
4.75,0.5,239.20626
4.75,0.5,239.15627
4.75,0.5,239.10626
4.75,0.5,239.05626
4.75,0.5,239.00626
4.75,0.5,238.95626
4.75,0.5,238.90627
4.75,0.5,238.85626
4.75,0.5,238.80626
4.75,0.5,238.75626
4.75,0.5,238.70626
4.75,0.5,238.65627
4.75,0.5,238.60626
4.75,0.5,238.55626
4.75,0.5,238.50626
4.75,0.5,238.45626
4.75,0.5,238.40627
4.75,0.5,238.35626
4.75,0.5,238.30626
4.75,0.5,238.25626
4.75,0.5,238.20626
4.75,0.5,238.15627
4.75,0.5,238.10626
4.75,0.5,238.05626
4.75,0.5,238.00626
4.75,0.5,237.95626
4.75,0.5,237.90627
4.75,0.5,237.85626
4.75,0.5,237.80626
4.75,0.5,237.75626
4.75,0.5,237.70626
4.75,0.5,237.65627
4.75,0.5,237.60626
4.75,0.5,237.55626
5.25,0.5,239.3252
5.25,0.5,239.27519
5.25,0.5,239.22519
5.25,0.5,239.17519
5.25,0.5,239.12519
5.25,0.5,239.0752
5.25,0.5,239.02519
5.25,0.5,238.97519
5.25,0.5,238.92519
5.25,0.5,238.87519
5.25,0.5,238.8252
5.25,0.5,238.77519
5.25,0.5,238.72519
5.25,0.5,238.67519
5.25,0.5,238.62519
5.25,0.5,238.5752
5.25,0.5,238.52519
5.25,0.5,238.47519
5.25,0.5,238.42519
5.25,0.5,238.37519
5.25,0.5,238.3252
5.25,0.5,238.27519
5.25,0.5,238.22519
5.25,0.5,238.17519
5.25,0.5,238.12519
5.25,0.5,238.0752
5.25,0.5,238.02519
5.25,0.5,237.97519
5.25,0.5,237.92519
5.25,0.5,237.87519
5.25,0.5,237.8252
5.25,0.5,237.77519
5.25,0.5,237.72519
5.25,0.5,237.67519
5.25,0.5,237.62519
5.25,0.5,237.5752
2.75,0.5,237.42519
2.75,0.5,237.37519
2.75,0.5,237.3252
2.75,0.5,237.2752
2.75,0.5,237.1002
2.75,0.5,236.55019
2.75,0.5,235.50019
2.75,0.5,233.9502
2.75,0.5,231.9002
2.75,0.5,229.3502
2.75,0.5,226.30019
2.75,0.5,222.75019
3.25,0.5,237.44628
3.25,0.5,237.39628
3.25,0.5,237.34628
3.25,0.5,237.29629
3.25,0.5,237.12128
3.25,0.5,236.57128
3.25,0.5,235.52128
3.25,0.5,233.97128
3.25,0.5,231.92129
3.25,0.5,229.37128
3.25,0.5,226.32128
3.25,0.5,222.77128
3.75,0.5,237.46735
3.75,0.5,237.41734
3.75,0.5,237.36734
3.75,0.5,237.31734
3.75,0.5,237.14235
3.75,0.5,236.59235
3.75,0.5,235.54234
3.75,0.5,233.99234
3.75,0.5,231.94234
3.75,0.5,229.39235
3.75,0.5,226.34235
3.75,0.5,222.79234
4.25,0.5,237.48733
4.25,0.5,237.43733
4.25,0.5,237.38733
4.25,0.5,237.33733
4.25,0.5,237.16233
4.25,0.5,236.61233
4.25,0.5,235.56233
4.25,0.5,234.01233
4.25,0.5,231.96233
4.25,0.5,229.41233
4.25,0.5,226.36233
4.25,0.5,222.81233
4.75,0.5,237.50626
4.75,0.5,237.45626
4.75,0.5,237.40627
4.75,0.5,237.35626
4.75,0.5,237.18126
4.75,0.5,236.63126
4.75,0.5,235.58126
4.75,0.5,234.03127
4.75,0.5,231.98126
4.75,0.5,229.43126
4.75,0.5,226.38126
4.75,0.5,222.83126
5.25,0.5,237.52519
5.25,0.5,237.47519
5.25,0.5,237.42519
5.25,0.5,237.37519
5.25,0.5,237.2002
5.25,0.5,236.65019
5.25,0.5,235.60019
5.25,0.5,234.05019
5.25,0.5,232.00019
5.25,0.5,229.4502
5.25,0.5,226.40019
5.25,0.5,222.85019
5.75,0.5,239.34413
5.75,0.5,239.29413
5.75,0.5,239.24413
5.75,0.5,239.19412
5.75,0.5,239.14412
5.75,0.5,239.09413
5.75,0.5,239.04413
5.75,0.5,238.99413
5.75,0.5,238.94412
5.75,0.5,238.89412
5.75,0.5,238.84413
5.75,0.5,238.79413
5.75,0.5,238.74413
5.75,0.5,238.69412
5.75,0.5,238.64412
5.75,0.5,238.59413
5.75,0.5,238.54413
5.75,0.5,238.49413
5.75,0.5,238.44412
5.75,0.5,238.39412
5.75,0.5,238.34413
5.75,0.5,238.29413
5.75,0.5,238.24413
5.75,0.5,238.19412
5.75,0.5,238.14412
5.75,0.5,238.09413
5.75,0.5,238.04413
5.75,0.5,237.99413
5.75,0.5,237.94412
5.75,0.5,237.89412
5.75,0.5,237.84413
5.75,0.5,237.79413
5.75,0.5,237.74413
5.75,0.5,237.69412
5.75,0.5,237.64412
5.75,0.5,237.59413
6.25,0.5,239.36306
6.25,0.5,239.31306
6.25,0.5,239.26306
6.25,0.5,239.21306
6.25,0.5,239.16306
6.25,0.5,239.11306
6.25,0.5,239.06306
6.25,0.5,239.01306
6.25,0.5,238.96306
6.25,0.5,238.91306
6.25,0.5,238.86306
6.25,0.5,238.81306
6.25,0.5,238.76306
6.25,0.5,238.71306
6.25,0.5,238.66306
6.25,0.5,238.61306
6.25,0.5,238.56306
6.25,0.5,238.51306
6.25,0.5,238.46306
6.25,0.5,238.41306
6.25,0.5,238.36306
6.25,0.5,238.31306
6.25,0.5,238.26306
6.25,0.5,238.21306
6.25,0.5,238.16306
6.25,0.5,238.11306
6.25,0.5,238.06306
6.25,0.5,238.01306
6.25,0.5,237.96306
6.25,0.5,237.91306
6.25,0.5,237.86306
6.25,0.5,237.81306
6.25,0.5,237.76306
6.25,0.5,237.71306
6.25,0.5,237.66306
6.25,0.5,237.61306
6.75,0.5,239.38199
6.75,0.5,239.33199
6.75,0.5,239.28199
6.75,0.5,239.23199
6.75,0.5,239.18199
6.75,0.5,239.13199
6.75,0.5,239.08199
6.75,0.5,239.03199
6.75,0.5,238.98199
6.75,0.5,238.93199
6.75,0.5,238.88199
6.75,0.5,238.83199
6.75,0.5,238.78199
6.75,0.5,238.73199
6.75,0.5,238.68199
6.75,0.5,238.63199
6.75,0.5,238.58199
6.75,0.5,238.53199
6.75,0.5,238.48199
6.75,0.5,238.43199
6.75,0.5,238.38199
6.75,0.5,238.33199
6.75,0.5,238.28199
6.75,0.5,238.23199
6.75,0.5,238.18199
6.75,0.5,238.13199
6.75,0.5,238.08199
6.75,0.5,238.03199
6.75,0.5,237.98199
6.75,0.5,237.93199
6.75,0.5,237.88199
6.75,0.5,237.83199
6.75,0.5,237.78199
6.75,0.5,237.73199
6.75,0.5,237.68199
6.75,0.5,237.63199
7.25,0.5,239.40092
7.25,0.5,239.35092
7.25,0.5,239.30092
7.25,0.5,239.25093
7.25,0.5,239.20093
7.25,0.5,239.15092
7.25,0.5,239.10092
7.25,0.5,239.05092
7.25,0.5,239.00093
7.25,0.5,238.95093
7.25,0.5,238.90092
7.25,0.5,238.85092
7.25,0.5,238.80092
7.25,0.5,238.75093
7.25,0.5,238.70093
7.25,0.5,238.65092
7.25,0.5,238.60092
7.25,0.5,238.55092
7.25,0.5,238.50093
7.25,0.5,238.45093
7.25,0.5,238.40092
7.25,0.5,238.35092
7.25,0.5,238.30092
7.25,0.5,238.25093
7.25,0.5,238.20093
7.25,0.5,238.15092
7.25,0.5,238.10092
7.25,0.5,238.05092
7.25,0.5,238.00093
7.25,0.5,237.95093
7.25,0.5,237.90092
7.25,0.5,237.85092
7.25,0.5,237.80092
7.25,0.5,237.75093
7.25,0.5,237.70093
7.25,0.5,237.65092
7.75,0.5,239.41988
7.75,0.5,239.36988
7.75,0.5,239.31988
7.75,0.5,239.26988
7.75,0.5,239.21988
7.75,0.5,239.16988
7.75,0.5,239.11988
7.75,0.5,239.06988
7.75,0.5,239.01988
7.75,0.5,238.96988
7.75,0.5,238.91988
7.75,0.5,238.86988
7.75,0.5,238.81988
7.75,0.5,238.76988
7.75,0.5,238.71988
7.75,0.5,238.66988
7.75,0.5,238.61988
7.75,0.5,238.56988
7.75,0.5,238.51988
7.75,0.5,238.46988
7.75,0.5,238.41988
7.75,0.5,238.36988
7.75,0.5,238.31988
7.75,0.5,238.26988
7.75,0.5,238.21988
7.75,0.5,238.16988
7.75,0.5,238.11988
7.75,0.5,238.06988
7.75,0.5,238.01988
7.75,0.5,237.96988
7.75,0.5,237.91988
7.75,0.5,237.86988
7.75,0.5,237.81988
7.75,0.5,237.76988
7.75,0.5,237.71988
7.75,0.5,237.66988
8.25,0.5,239.43926
8.25,0.5,239.38926
8.25,0.5,239.33926
8.25,0.5,239.28926
8.25,0.5,239.23927
8.25,0.5,239.18926
8.25,0.5,239.13926
8.25,0.5,239.08926
8.25,0.5,239.03926
8.25,0.5,238.98927
8.25,0.5,238.93926
8.25,0.5,238.88926
8.25,0.5,238.83926
8.25,0.5,238.78926
8.25,0.5,238.73927
8.25,0.5,238.68926
8.25,0.5,238.63926
8.25,0.5,238.58926
8.25,0.5,238.53926
8.25,0.5,238.48927
8.25,0.5,238.43926
8.25,0.5,238.38926
8.25,0.5,238.33926
8.25,0.5,238.28926
8.25,0.5,238.23927
8.25,0.5,238.18926
8.25,0.5,238.13926
8.25,0.5,238.08926
8.25,0.5,238.03926
8.25,0.5,237.98927
8.25,0.5,237.93926
8.25,0.5,237.88926
8.25,0.5,237.83926
8.25,0.5,237.78926
8.25,0.5,237.73927
8.25,0.5,237.68926
5.75,0.5,237.54413
5.75,0.5,237.49413
5.75,0.5,237.44412
5.75,0.5,237.39412
5.75,0.5,237.21913
5.75,0.5,236.66913
5.75,0.5,235.61913
5.75,0.5,234.06912
5.75,0.5,232.01912
5.75,0.5,229.46913
5.75,0.5,226.41913
5.75,0.5,222.86913
6.25,0.5,237.56306
6.25,0.5,237.51306
6.25,0.5,237.46306
6.25,0.5,237.41306
6.25,0.5,237.23806
6.25,0.5,236.68806
6.25,0.5,235.63806
6.25,0.5,234.08806
6.25,0.5,232.03806
6.25,0.5,229.48806
6.25,0.5,226.43806
6.25,0.5,222.88806
6.75,0.5,237.58199
6.75,0.5,237.53199
6.75,0.5,237.48199
6.75,0.5,237.43199
6.75,0.5,237.25699
6.75,0.5,236.70699
6.75,0.5,235.65699
6.75,0.5,234.10699
6.75,0.5,232.05699
6.75,0.5,229.50699
6.75,0.5,226.45699
6.75,0.5,222.90699
7.25,0.5,237.60092
7.25,0.5,237.55092
7.25,0.5,237.50093
7.25,0.5,237.45093
7.25,0.5,237.27592
7.25,0.5,236.72592
7.25,0.5,235.67592
7.25,0.5,234.12593
7.25,0.5,232.07593
7.25,0.5,229.52592
7.25,0.5,226.47592
7.25,0.5,222.92592
7.75,0.5,237.61988
7.75,0.5,237.56988
7.75,0.5,237.51988
7.75,0.5,237.46988
7.75,0.5,237.29488
7.75,0.5,236.74488
7.75,0.5,235.69488
7.75,0.5,234.14488
7.75,0.5,232.09488
7.75,0.5,229.54488
7.75,0.5,226.49488
7.75,0.5,222.94488
8.25,0.5,237.63926
8.25,0.5,237.58926
8.25,0.5,237.53926
8.25,0.5,237.48927
8.25,0.5,237.31426
8.25,0.5,236.76426
8.25,0.5,235.71426
8.25,0.5,234.16426
8.25,0.5,232.11427
8.25,0.5,229.56426
8.25,0.5,226.51426
8.25,0.5,222.96426
8.75,0.5,239.45906
8.75,0.5,239.40906
8.75,0.5,239.35906
8.75,0.5,239.30906
8.75,0.5,239.25906
8.75,0.5,239.20906
8.75,0.5,239.15906
8.75,0.5,239.10906
8.75,0.5,239.05906
8.75,0.5,239.00906
8.75,0.5,238.95906
8.75,0.5,238.90906
8.75,0.5,238.85906
8.75,0.5,238.80906
8.75,0.5,238.75906
8.75,0.5,238.70906
8.75,0.5,238.65906
8.75,0.5,238.60906
8.75,0.5,238.55906
8.75,0.5,238.50906
8.75,0.5,238.45906
8.75,0.5,238.40906
8.75,0.5,238.35906
8.75,0.5,238.30906
8.75,0.5,238.25906
8.75,0.5,238.20906
8.75,0.5,238.15906
8.75,0.5,238.10906
8.75,0.5,238.05906
8.75,0.5,238.00906
8.75,0.5,237.95906
8.75,0.5,237.90906
8.75,0.5,237.85906
8.75,0.5,237.80906
8.75,0.5,237.75906
8.75,0.5,237.70906
9.25,0.5,239.47886
9.25,0.5,239.42886
9.25,0.5,239.37886
9.25,0.5,239.32886
9.25,0.5,239.27886
9.25,0.5,239.22886
9.25,0.5,239.17886
9.25,0.5,239.12886
9.25,0.5,239.07886
9.25,0.5,239.02886
9.25,0.5,238.97886
9.25,0.5,238.92886
9.25,0.5,238.87886
9.25,0.5,238.82886
9.25,0.5,238.77886
9.25,0.5,238.72886
9.25,0.5,238.67886
9.25,0.5,238.62886
9.25,0.5,238.57886
9.25,0.5,238.52886
9.25,0.5,238.47886
9.25,0.5,238.42886
9.25,0.5,238.37886
9.25,0.5,238.32886
9.25,0.5,238.27886
9.25,0.5,238.22886
9.25,0.5,238.17886
9.25,0.5,238.12886
9.25,0.5,238.07886
9.25,0.5,238.02886
9.25,0.5,237.97886
9.25,0.5,237.92886
9.25,0.5,237.87886
9.25,0.5,237.82886
9.25,0.5,237.77886
9.25,0.5,237.72886
9.75,0.5,239.49866
9.75,0.5,239.44866
9.75,0.5,239.39866
9.75,0.5,239.34866
9.75,0.5,239.29866
9.75,0.5,239.24866
9.75,0.5,239.19866
9.75,0.5,239.14866
9.75,0.5,239.09866
9.75,0.5,239.04866
9.75,0.5,238.99866
9.75,0.5,238.94866
9.75,0.5,238.89866
9.75,0.5,238.84866
9.75,0.5,238.79866
9.75,0.5,238.74866
9.75,0.5,238.69866
9.75,0.5,238.64866
9.75,0.5,238.59866
9.75,0.5,238.54866
9.75,0.5,238.49866
9.75,0.5,238.44866
9.75,0.5,238.39866
9.75,0.5,238.34866
9.75,0.5,238.29866
9.75,0.5,238.24866
9.75,0.5,238.19866
9.75,0.5,238.14866
9.75,0.5,238.09866
9.75,0.5,238.04866
9.75,0.5,237.99866
9.75,0.5,237.94866
9.75,0.5,237.89866
9.75,0.5,237.84866
9.75,0.5,237.79866
9.75,0.5,237.74866
10.25,0.5,239.51846
10.25,0.5,239.46846
10.25,0.5,239.41846
10.25,0.5,239.36846
10.25,0.5,239.31846
10.25,0.5,239.26846
10.25,0.5,239.21846
10.25,0.5,239.16846
10.25,0.5,239.11846
10.25,0.5,239.06846
10.25,0.5,239.01846
10.25,0.5,238.96846
10.25,0.5,238.91846
10.25,0.5,238.86846
10.25,0.5,238.81846
10.25,0.5,238.76846
10.25,0.5,238.71846
10.25,0.5,238.66846
10.25,0.5,238.61846
10.25,0.5,238.56846
10.25,0.5,238.51846
10.25,0.5,238.46846
10.25,0.5,238.41846
10.25,0.5,238.36846
10.25,0.5,238.31846
10.25,0.5,238.26846
10.25,0.5,238.21846
10.25,0.5,238.16846
10.25,0.5,238.11846
10.25,0.5,238.06846
10.25,0.5,238.01846
10.25,0.5,237.96846
10.25,0.5,237.91846
10.25,0.5,237.86846
10.25,0.5,237.81846
10.25,0.5,237.76846
10.75,0.5,239.53825
10.75,0.5,239.48825
10.75,0.5,239.43826
10.75,0.5,239.38826
10.75,0.5,239.33826
10.75,0.5,239.28825
10.75,0.5,239.23825
10.75,0.5,239.18826
10.75,0.5,239.13826
10.75,0.5,239.08826
10.75,0.5,239.03825
10.75,0.5,238.98825
10.75,0.5,238.93826
10.75,0.5,238.88826
10.75,0.5,238.83826
10.75,0.5,238.78825
10.75,0.5,238.73825
10.75,0.5,238.68826
10.75,0.5,238.63826
10.75,0.5,238.58826
10.75,0.5,238.53825
10.75,0.5,238.48825
10.75,0.5,238.43826
10.75,0.5,238.38826
10.75,0.5,238.33826
10.75,0.5,238.28825
10.75,0.5,238.23825
10.75,0.5,238.18826
10.75,0.5,238.13826
10.75,0.5,238.08826
10.75,0.5,238.03825
10.75,0.5,237.98825
10.75,0.5,237.93826
10.75,0.5,237.88826
10.75,0.5,237.83826
10.75,0.5,237.78825
11.25,0.5,239.55805
11.25,0.5,239.50805
11.25,0.5,239.45805
11.25,0.5,239.40805
11.25,0.5,239.35806
11.25,0.5,239.30805
11.25,0.5,239.25805
11.25,0.5,239.20805
11.25,0.5,239.15805
11.25,0.5,239.10806
11.25,0.5,239.05805
11.25,0.5,239.00805
11.25,0.5,238.95805
11.25,0.5,238.90805
11.25,0.5,238.85806
11.25,0.5,238.80805
11.25,0.5,238.75805
11.25,0.5,238.70805
11.25,0.5,238.65805
11.25,0.5,238.60806
11.25,0.5,238.55805
11.25,0.5,238.50805
11.25,0.5,238.45805
11.25,0.5,238.40805
11.25,0.5,238.35806
11.25,0.5,238.30805
11.25,0.5,238.25805
11.25,0.5,238.20805
11.25,0.5,238.15805
11.25,0.5,238.10806
11.25,0.5,238.05805
11.25,0.5,238.00805
11.25,0.5,237.95805
11.25,0.5,237.90805
11.25,0.5,237.85806
11.25,0.5,237.80805
8.75,0.5,237.65906
8.75,0.5,237.60906
8.75,0.5,237.55906
8.75,0.5,237.50906
8.75,0.5,237.33406
8.75,0.5,236.78406
8.75,0.5,235.73406
8.75,0.5,234.18406
8.75,0.5,232.13406
8.75,0.5,229.58406
8.75,0.5,226.53406
8.75,0.5,222.98406
9.25,0.5,237.67886
9.25,0.5,237.62886
9.25,0.5,237.57886
9.25,0.5,237.52886
9.25,0.5,237.35386
9.25,0.5,236.80386
9.25,0.5,235.75386
9.25,0.5,234.20386
9.25,0.5,232.15386
9.25,0.5,229.60386
9.25,0.5,226.55386
9.25,0.5,223.00386
9.75,0.5,237.69866
9.75,0.5,237.64866
9.75,0.5,237.59866
9.75,0.5,237.54866
9.75,0.5,237.37366
9.75,0.5,236.82366
9.75,0.5,235.77366
9.75,0.5,234.22366
9.75,0.5,232.17366
9.75,0.5,229.62366
9.75,0.5,226.57366
9.75,0.5,223.02366
10.25,0.5,237.71846
10.25,0.5,237.66846
10.25,0.5,237.61846
10.25,0.5,237.56846
10.25,0.5,237.39346
10.25,0.5,236.84346
10.25,0.5,235.79346
10.25,0.5,234.24346
10.25,0.5,232.19346
10.25,0.5,229.64346
10.25,0.5,226.59346
10.25,0.5,223.04346
10.75,0.5,237.73825
10.75,0.5,237.68826
10.75,0.5,237.63826
10.75,0.5,237.58826
10.75,0.5,237.41325
10.75,0.5,236.86325
10.75,0.5,235.81326
10.75,0.5,234.26326
10.75,0.5,232.21326
10.75,0.5,229.66325
10.75,0.5,226.61325
10.75,0.5,223.06326
11.25,0.5,237.75805
11.25,0.5,237.70805
11.25,0.5,237.65805
11.25,0.5,237.60806
11.25,0.5,237.43305
11.25,0.5,236.88305
11.25,0.5,235.83305
11.25,0.5,234.28305
11.25,0.5,232.23306
11.25,0.5,229.68305
11.25,0.5,226.63305
11.25,0.5,223.08305
11.75,0.5,239.57748
11.75,0.5,239.52747
11.75,0.5,239.47747
11.75,0.5,239.42747
11.75,0.5,239.37748
11.75,0.5,239.32748
11.75,0.5,239.27747
11.75,0.5,239.22747
11.75,0.5,239.17747
11.75,0.5,239.12748
11.75,0.5,239.07748
11.75,0.5,239.02747
11.75,0.5,238.97747
11.75,0.5,238.92747
11.75,0.5,238.87748
11.75,0.5,238.82748
11.75,0.5,238.77747
11.75,0.5,238.72747
11.75,0.5,238.67747
11.75,0.5,238.62748
11.75,0.5,238.57748
11.75,0.5,238.52747
11.75,0.5,238.47747
11.75,0.5,238.42747
11.75,0.5,238.37748
11.75,0.5,238.32748
11.75,0.5,238.27747
11.75,0.5,238.22747
11.75,0.5,238.17747
11.75,0.5,238.12748
11.75,0.5,238.07748
11.75,0.5,238.02747
11.75,0.5,237.97747
11.75,0.5,237.92747
11.75,0.5,237.87748
11.75,0.5,237.82748
12.25,0.5,239.59172
12.25,0.5,239.54172
12.25,0.5,239.49172
12.25,0.5,239.44172
12.25,0.5,239.39172
12.25,0.5,239.34172
12.25,0.5,239.29172
12.25,0.5,239.24172
12.25,0.5,239.19172
12.25,0.5,239.14172
12.25,0.5,239.09172
12.25,0.5,239.04172
12.25,0.5,238.99172
12.25,0.5,238.94172
12.25,0.5,238.89172
12.25,0.5,238.84172
12.25,0.5,238.79172
12.25,0.5,238.74172
12.25,0.5,238.69172
12.25,0.5,238.64172
12.25,0.5,238.59172
12.25,0.5,238.54172
12.25,0.5,238.49172
12.25,0.5,238.44172
12.25,0.5,238.39172
12.25,0.5,238.34172
12.25,0.5,238.29172
12.25,0.5,238.24172
12.25,0.5,238.19172
12.25,0.5,238.14172
12.25,0.5,238.09172
12.25,0.5,238.04172
12.25,0.5,237.99172
12.25,0.5,237.94172
12.25,0.5,237.89172
12.25,0.5,237.84172
12.75,0.5,239.60117
12.75,0.5,239.55117
12.75,0.5,239.50117
12.75,0.5,239.45118
12.75,0.5,239.40118
12.75,0.5,239.35117
12.75,0.5,239.30117
12.75,0.5,239.25117
12.75,0.5,239.20118
12.75,0.5,239.15118
12.75,0.5,239.10117
12.75,0.5,239.05117
12.75,0.5,239.00117
12.75,0.5,238.95118
12.75,0.5,238.90118
12.75,0.5,238.85117
12.75,0.5,238.80117
12.75,0.5,238.75117
12.75,0.5,238.70118
12.75,0.5,238.65118
12.75,0.5,238.60117
12.75,0.5,238.55117
12.75,0.5,238.50117
12.75,0.5,238.45118
12.75,0.5,238.40118
12.75,0.5,238.35117
12.75,0.5,238.30117
12.75,0.5,238.25117
12.75,0.5,238.20118
12.75,0.5,238.15118
12.75,0.5,238.10117
12.75,0.5,238.05117
12.75,0.5,238.00117
12.75,0.5,237.95118
12.75,0.5,237.90118
12.75,0.5,237.85117
13.25,0.5,239.61063
13.25,0.5,239.56063
13.25,0.5,239.51063
13.25,0.5,239.46063
13.25,0.5,239.41063
13.25,0.5,239.36063
13.25,0.5,239.31063
13.25,0.5,239.26063
13.25,0.5,239.21063
13.25,0.5,239.16063
13.25,0.5,239.11063
13.25,0.5,239.06063
13.25,0.5,239.01063
13.25,0.5,238.96063
13.25,0.5,238.91063
13.25,0.5,238.86063
13.25,0.5,238.81063
13.25,0.5,238.76063
13.25,0.5,238.71063
13.25,0.5,238.66063
13.25,0.5,238.61063
13.25,0.5,238.56063
13.25,0.5,238.51063
13.25,0.5,238.46063
13.25,0.5,238.41063
13.25,0.5,238.36063
13.25,0.5,238.31063
13.25,0.5,238.26063
13.25,0.5,238.21063
13.25,0.5,238.16063
13.25,0.5,238.11063
13.25,0.5,238.06063
13.25,0.5,238.01063
13.25,0.5,237.96063
13.25,0.5,237.91063
13.25,0.5,237.86063
13.75,0.5,239.62008
13.75,0.5,239.57008
13.75,0.5,239.52008
13.75,0.5,239.47008
13.75,0.5,239.42008
13.75,0.5,239.37008
13.75,0.5,239.32008
13.75,0.5,239.27008
13.75,0.5,239.22008
13.75,0.5,239.17008
13.75,0.5,239.12008
13.75,0.5,239.07008
13.75,0.5,239.02008
13.75,0.5,238.97008
13.75,0.5,238.92008
13.75,0.5,238.87008
13.75,0.5,238.82008
13.75,0.5,238.77008
13.75,0.5,238.72008
13.75,0.5,238.67008
13.75,0.5,238.62008
13.75,0.5,238.57008
13.75,0.5,238.52008
13.75,0.5,238.47008
13.75,0.5,238.42008
13.75,0.5,238.37008
13.75,0.5,238.32008
13.75,0.5,238.27008
13.75,0.5,238.22008
13.75,0.5,238.17008
13.75,0.5,238.12008
13.75,0.5,238.07008
13.75,0.5,238.02008
13.75,0.5,237.97008
13.75,0.5,237.92008
13.75,0.5,237.87008
14.25,0.5,239.62954
14.25,0.5,239.57954
14.25,0.5,239.52953
14.25,0.5,239.47953
14.25,0.5,239.42953
14.25,0.5,239.37954
14.25,0.5,239.32954
14.25,0.5,239.27953
14.25,0.5,239.22953
14.25,0.5,239.17953
14.25,0.5,239.12954
14.25,0.5,239.07954
14.25,0.5,239.02953
14.25,0.5,238.97953
14.25,0.5,238.92953
14.25,0.5,238.87954
14.25,0.5,238.82954
14.25,0.5,238.77953
14.25,0.5,238.72953
14.25,0.5,238.67953
14.25,0.5,238.62954
14.25,0.5,238.57954
14.25,0.5,238.52953
14.25,0.5,238.47953
14.25,0.5,238.42953
14.25,0.5,238.37954
14.25,0.5,238.32954
14.25,0.5,238.27953
14.25,0.5,238.22953
14.25,0.5,238.17953
14.25,0.5,238.12954
14.25,0.5,238.07954
14.25,0.5,238.02953
14.25,0.5,237.97953
14.25,0.5,237.92953
14.25,0.5,237.87954
11.75,0.5,237.77747
11.75,0.5,237.72747
11.75,0.5,237.67747
11.75,0.5,237.62748
11.75,0.5,237.45248
11.75,0.5,236.90247
11.75,0.5,235.85247
11.75,0.5,234.30247
11.75,0.5,232.25248
11.75,0.5,229.70248
11.75,0.5,226.65247
11.75,0.5,223.10247
12.25,0.5,237.79172
12.25,0.5,237.74172
12.25,0.5,237.69172
12.25,0.5,237.64172
12.25,0.5,237.46672
12.25,0.5,236.91672
12.25,0.5,235.86672
12.25,0.5,234.31672
12.25,0.5,232.26672
12.25,0.5,229.71672
12.25,0.5,226.66672
12.25,0.5,223.11672
12.75,0.5,237.80117
12.75,0.5,237.75117
12.75,0.5,237.70118
12.75,0.5,237.65118
12.75,0.5,237.47617
12.75,0.5,236.92617
12.75,0.5,235.87617
12.75,0.5,234.32618
12.75,0.5,232.27618
12.75,0.5,229.72617
12.75,0.5,226.67617
12.75,0.5,223.12617
13.25,0.5,237.81063
13.25,0.5,237.76063
13.25,0.5,237.71063
13.25,0.5,237.66063
13.25,0.5,237.48563
13.25,0.5,236.93563
13.25,0.5,235.88563
13.25,0.5,234.33563
13.25,0.5,232.28563
13.25,0.5,229.73563
13.25,0.5,226.68563
13.25,0.5,223.13563
13.75,0.5,237.82008
13.75,0.5,237.77008
13.75,0.5,237.72008
13.75,0.5,237.67008
13.75,0.5,237.49508
13.75,0.5,236.94508
13.75,0.5,235.89508
13.75,0.5,234.34508
13.75,0.5,232.29508
13.75,0.5,229.74508
13.75,0.5,226.69508
13.75,0.5,223.14508
14.25,0.5,237.82954
14.25,0.5,237.77953
14.25,0.5,237.72953
14.25,0.5,237.67953
14.25,0.5,237.50454
14.25,0.5,236.95454
14.25,0.5,235.90453
14.25,0.5,234.35453
14.25,0.5,232.30453
14.25,0.5,229.75454
14.25,0.5,226.70454
14.25,0.5,223.15453
14.75,0.5,239.63899
14.75,0.5,239.58899
14.75,0.5,239.53899
14.75,0.5,239.48899
14.75,0.5,239.43899
14.75,0.5,239.38899
14.75,0.5,239.33899
14.75,0.5,239.28899
14.75,0.5,239.23899
14.75,0.5,239.18899
14.75,0.5,239.13899
14.75,0.5,239.08899
14.75,0.5,239.03899
14.75,0.5,238.98899
14.75,0.5,238.93899
14.75,0.5,238.88899
14.75,0.5,238.83899
14.75,0.5,238.78899
14.75,0.5,238.73899
14.75,0.5,238.68899
14.75,0.5,238.63899
14.75,0.5,238.58899
14.75,0.5,238.53899
14.75,0.5,238.48899
14.75,0.5,238.43899
14.75,0.5,238.38899
14.75,0.5,238.33899
14.75,0.5,238.28899
14.75,0.5,238.23899
14.75,0.5,238.18899
14.75,0.5,238.13899
14.75,0.5,238.08899
14.75,0.5,238.03899
14.75,0.5,237.98899
14.75,0.5,237.93899
14.75,0.5,237.88899
15.25,0.5,239.64845
15.25,0.5,239.59844
15.25,0.5,239.54844
15.25,0.5,239.49844
15.25,0.5,239.44844
15.25,0.5,239.39845
15.25,0.5,239.34844
15.25,0.5,239.29844
15.25,0.5,239.24844
15.25,0.5,239.19844
15.25,0.5,239.14845
15.25,0.5,239.09844
15.25,0.5,239.04844
15.25,0.5,238.99844
15.25,0.5,238.94844
15.25,0.5,238.89845
15.25,0.5,238.84844
15.25,0.5,238.79844
15.25,0.5,238.74844
15.25,0.5,238.69844
15.25,0.5,238.64845
15.25,0.5,238.59844
15.25,0.5,238.54844
15.25,0.5,238.49844
15.25,0.5,238.44844
15.25,0.5,238.39845
15.25,0.5,238.34844
15.25,0.5,238.29844
15.25,0.5,238.24844
15.25,0.5,238.19844
15.25,0.5,238.14845
15.25,0.5,238.09844
15.25,0.5,238.04844
15.25,0.5,237.99844
15.25,0.5,237.94844
15.25,0.5,237.89845
15.75,0.5,239.65776
15.75,0.5,239.60776
15.75,0.5,239.55776
15.75,0.5,239.50776
15.75,0.5,239.45776
15.75,0.5,239.40776
15.75,0.5,239.35776
15.75,0.5,239.30776
15.75,0.5,239.25776
15.75,0.5,239.20776
15.75,0.5,239.15776
15.75,0.5,239.10776
15.75,0.5,239.05776
15.75,0.5,239.00776
15.75,0.5,238.95776
15.75,0.5,238.90776
15.75,0.5,238.85776
15.75,0.5,238.80776
15.75,0.5,238.75776
15.75,0.5,238.70776
15.75,0.5,238.65776
15.75,0.5,238.60776
15.75,0.5,238.55776
15.75,0.5,238.50776
15.75,0.5,238.45776
15.75,0.5,238.40776
15.75,0.5,238.35776
15.75,0.5,238.30776
15.75,0.5,238.25776
15.75,0.5,238.20776
15.75,0.5,238.15776
15.75,0.5,238.10776
15.75,0.5,238.05776
15.75,0.5,238.00776
15.75,0.5,237.95776
15.75,0.5,237.90776
16.25,0.5,239.66567
16.25,0.5,239.61567
16.25,0.5,239.56567
16.25,0.5,239.51567
16.25,0.5,239.46567
16.25,0.5,239.41567
16.25,0.5,239.36567
16.25,0.5,239.31567
16.25,0.5,239.26567
16.25,0.5,239.21567
16.25,0.5,239.16567
16.25,0.5,239.11567
16.25,0.5,239.06567
16.25,0.5,239.01567
16.25,0.5,238.96567
16.25,0.5,238.91567
16.25,0.5,238.86567
16.25,0.5,238.81567
16.25,0.5,238.76567
16.25,0.5,238.71567
16.25,0.5,238.66567
16.25,0.5,238.61567
16.25,0.5,238.56567
16.25,0.5,238.51567
16.25,0.5,238.46567
16.25,0.5,238.41567
16.25,0.5,238.36567
16.25,0.5,238.31567
16.25,0.5,238.26567
16.25,0.5,238.21567
16.25,0.5,238.16567
16.25,0.5,238.11567
16.25,0.5,238.06567
16.25,0.5,238.01567
16.25,0.5,237.96567
16.25,0.5,237.91567
16.75,0.5,239.67232
16.75,0.5,239.62232
16.75,0.5,239.57232
16.75,0.5,239.52232
16.75,0.5,239.47232
16.75,0.5,239.42232
16.75,0.5,239.37232
16.75,0.5,239.32232
16.75,0.5,239.27232
16.75,0.5,239.22232
16.75,0.5,239.17232
16.75,0.5,239.12232
16.75,0.5,239.07232
16.75,0.5,239.02232
16.75,0.5,238.97232
16.75,0.5,238.92232
16.75,0.5,238.87232
16.75,0.5,238.82232
16.75,0.5,238.77232
16.75,0.5,238.72232
16.75,0.5,238.67232
16.75,0.5,238.62232
16.75,0.5,238.57232
16.75,0.5,238.52232
16.75,0.5,238.47232
16.75,0.5,238.42232
16.75,0.5,238.37232
16.75,0.5,238.32232
16.75,0.5,238.27232
16.75,0.5,238.22232
16.75,0.5,238.17232
16.75,0.5,238.12232
16.75,0.5,238.07232
16.75,0.5,238.02232
16.75,0.5,237.97232
16.75,0.5,237.92232
17.25,0.5,239.67896
17.25,0.5,239.62896
17.25,0.5,239.57896
17.25,0.5,239.52896
17.25,0.5,239.47896
17.25,0.5,239.42896
17.25,0.5,239.37896
17.25,0.5,239.32896
17.25,0.5,239.27896
17.25,0.5,239.22896
17.25,0.5,239.17896
17.25,0.5,239.12896
17.25,0.5,239.07896
17.25,0.5,239.02896
17.25,0.5,238.97896
17.25,0.5,238.92896
17.25,0.5,238.87896
17.25,0.5,238.82896
17.25,0.5,238.77896
17.25,0.5,238.72896
17.25,0.5,238.67896
17.25,0.5,238.62896
17.25,0.5,238.57896
17.25,0.5,238.52896
17.25,0.5,238.47896
17.25,0.5,238.42896
17.25,0.5,238.37896
17.25,0.5,238.32896
17.25,0.5,238.27896
17.25,0.5,238.22896
17.25,0.5,238.17896
17.25,0.5,238.12896
17.25,0.5,238.07896
17.25,0.5,238.02896
17.25,0.5,237.97896
17.25,0.5,237.92896
14.75,0.5,237.83899
14.75,0.5,237.78899
14.75,0.5,237.73899
14.75,0.5,237.68899
14.75,0.5,237.51399
14.75,0.5,236.96399
14.75,0.5,235.91399
14.75,0.5,234.36399
14.75,0.5,232.31399
14.75,0.5,229.76399
14.75,0.5,226.71399
14.75,0.5,223.16399
15.25,0.5,237.84844
15.25,0.5,237.79844
15.25,0.5,237.74844
15.25,0.5,237.69844
15.25,0.5,237.52345
15.25,0.5,236.97344
15.25,0.5,235.92344
15.25,0.5,234.37344
15.25,0.5,232.32344
15.25,0.5,229.77345
15.25,0.5,226.72344
15.25,0.5,223.17344
15.75,0.5,237.85776
15.75,0.5,237.80776
15.75,0.5,237.75776
15.75,0.5,237.70776
15.75,0.5,237.53276
15.75,0.5,236.98276
15.75,0.5,235.93276
15.75,0.5,234.38276
15.75,0.5,232.33276
15.75,0.5,229.78276
15.75,0.5,226.73276
15.75,0.5,223.18276
16.25,0.5,237.86567
16.25,0.5,237.81567
16.25,0.5,237.76567
16.25,0.5,237.71567
16.25,0.5,237.54067
16.25,0.5,236.99067
16.25,0.5,235.94067
16.25,0.5,234.39067
16.25,0.5,232.34067
16.25,0.5,229.79067
16.25,0.5,226.74067
16.25,0.5,223.19067
16.75,0.5,237.87232
16.75,0.5,237.82232
16.75,0.5,237.77232
16.75,0.5,237.72232
16.75,0.5,237.54732
16.75,0.5,236.99732
16.75,0.5,235.94732
16.75,0.5,234.39732
16.75,0.5,232.34732
16.75,0.5,229.79732
16.75,0.5,226.74732
16.75,0.5,223.19732
17.25,0.5,237.87896
17.25,0.5,237.82896
17.25,0.5,237.77896
17.25,0.5,237.72896
17.25,0.5,237.55396
17.25,0.5,237.00396
17.25,0.5,235.95396
17.25,0.5,234.40396
17.25,0.5,232.35396
17.25,0.5,229.80396
17.25,0.5,226.75396
17.25,0.5,223.20396
17.75,0.5,239.68561
17.75,0.5,239.63561
17.75,0.5,239.58561
17.75,0.5,239.53561
17.75,0.5,239.48561
17.75,0.5,239.43561
17.75,0.5,239.38561
17.75,0.5,239.33561
17.75,0.5,239.28561
17.75,0.5,239.23561
17.75,0.5,239.18561
17.75,0.5,239.13561
17.75,0.5,239.08561
17.75,0.5,239.03561
17.75,0.5,238.98561
17.75,0.5,238.93561
17.75,0.5,238.88561
17.75,0.5,238.83561
17.75,0.5,238.78561
17.75,0.5,238.73561
17.75,0.5,238.68561
17.75,0.5,238.63561
17.75,0.5,238.58561
17.75,0.5,238.53561
17.75,0.5,238.48561
17.75,0.5,238.43561
17.75,0.5,238.38561
17.75,0.5,238.33561
17.75,0.5,238.28561
17.75,0.5,238.23561
17.75,0.5,238.18561
17.75,0.5,238.13561
17.75,0.5,238.08561
17.75,0.5,238.03561
17.75,0.5,237.98561
17.75,0.5,237.93561
18.25,0.5,239.69225
18.25,0.5,239.64225
18.25,0.5,239.59225
18.25,0.5,239.54225
18.25,0.5,239.49225
18.25,0.5,239.44225
18.25,0.5,239.39225
18.25,0.5,239.34225
18.25,0.5,239.29225
18.25,0.5,239.24225
18.25,0.5,239.19225
18.25,0.5,239.14225
18.25,0.5,239.09225
18.25,0.5,239.04225
18.25,0.5,238.99225
18.25,0.5,238.94225
18.25,0.5,238.89225
18.25,0.5,238.84225
18.25,0.5,238.79225
18.25,0.5,238.74225
18.25,0.5,238.69225
18.25,0.5,238.64225
18.25,0.5,238.59225
18.25,0.5,238.54225
18.25,0.5,238.49225
18.25,0.5,238.44225
18.25,0.5,238.39225
18.25,0.5,238.34225
18.25,0.5,238.29225
18.25,0.5,238.24225
18.25,0.5,238.19225
18.25,0.5,238.14225
18.25,0.5,238.09225
18.25,0.5,238.04225
18.25,0.5,237.99225
18.25,0.5,237.94225
18.75,0.5,239.6989
18.75,0.5,239.6489
18.75,0.5,239.5989
18.75,0.5,239.5489
18.75,0.5,239.4989
18.75,0.5,239.4489
18.75,0.5,239.3989
18.75,0.5,239.3489
18.75,0.5,239.2989
18.75,0.5,239.2489
18.75,0.5,239.1989
18.75,0.5,239.1489
18.75,0.5,239.0989
18.75,0.5,239.0489
18.75,0.5,238.9989
18.75,0.5,238.9489
18.75,0.5,238.8989
18.75,0.5,238.8489
18.75,0.5,238.7989
18.75,0.5,238.7489
18.75,0.5,238.6989
18.75,0.5,238.6489
18.75,0.5,238.5989
18.75,0.5,238.5489
18.75,0.5,238.4989
18.75,0.5,238.4489
18.75,0.5,238.3989
18.75,0.5,238.3489
18.75,0.5,238.2989
18.75,0.5,238.2489
18.75,0.5,238.1989
18.75,0.5,238.1489
18.75,0.5,238.0989
18.75,0.5,238.0489
18.75,0.5,237.9989
18.75,0.5,237.9489
19.25,0.5,239.70554
19.25,0.5,239.65554
19.25,0.5,239.60554
19.25,0.5,239.55554
19.25,0.5,239.50554
19.25,0.5,239.45554
19.25,0.5,239.40554
19.25,0.5,239.35554
19.25,0.5,239.30554
19.25,0.5,239.25554
19.25,0.5,239.20554
19.25,0.5,239.15554
19.25,0.5,239.10554
19.25,0.5,239.05554
19.25,0.5,239.00554
19.25,0.5,238.95554
19.25,0.5,238.90554
19.25,0.5,238.85554
19.25,0.5,238.80554
19.25,0.5,238.75554
19.25,0.5,238.70554
19.25,0.5,238.65554
19.25,0.5,238.60554
19.25,0.5,238.55554
19.25,0.5,238.50554
19.25,0.5,238.45554
19.25,0.5,238.40554
19.25,0.5,238.35554
19.25,0.5,238.30554
19.25,0.5,238.25554
19.25,0.5,238.20554
19.25,0.5,238.15554
19.25,0.5,238.10554
19.25,0.5,238.05554
19.25,0.5,238.00554
19.25,0.5,237.95554
19.75,0.5,239.71205
19.75,0.5,239.66205
19.75,0.5,239.61205
19.75,0.5,239.56205
19.75,0.5,239.51205
19.75,0.5,239.46205
19.75,0.5,239.41205
19.75,0.5,239.36205
19.75,0.5,239.31205
19.75,0.5,239.26205
19.75,0.5,239.21205
19.75,0.5,239.16205
19.75,0.5,239.11205
19.75,0.5,239.06205
19.75,0.5,239.01205
19.75,0.5,238.96205
19.75,0.5,238.91205
19.75,0.5,238.86205
19.75,0.5,238.81205
19.75,0.5,238.76205
19.75,0.5,238.71205
19.75,0.5,238.66205
19.75,0.5,238.61205
19.75,0.5,238.56205
19.75,0.5,238.51205
19.75,0.5,238.46205
19.75,0.5,238.41205
19.75,0.5,238.36205
19.75,0.5,238.31205
19.75,0.5,238.26205
19.75,0.5,238.21205
19.75,0.5,238.16205
19.75,0.5,238.11205
19.75,0.5,238.06205
19.75,0.5,238.01205
19.75,0.5,237.96205
20.25,0.5,239.71744
20.25,0.5,239.66744
20.25,0.5,239.61744
20.25,0.5,239.56744
20.25,0.5,239.51744
20.25,0.5,239.46744
20.25,0.5,239.41744
20.25,0.5,239.36744
20.25,0.5,239.31744
20.25,0.5,239.26744
20.25,0.5,239.21744
20.25,0.5,239.16744
20.25,0.5,239.11744
20.25,0.5,239.06744
20.25,0.5,239.01744
20.25,0.5,238.96744
20.25,0.5,238.91744
20.25,0.5,238.86744
20.25,0.5,238.81744
20.25,0.5,238.76744
20.25,0.5,238.71744
20.25,0.5,238.66744
20.25,0.5,238.61744
20.25,0.5,238.56744
20.25,0.5,238.51744
20.25,0.5,238.46744
20.25,0.5,238.41744
20.25,0.5,238.36744
20.25,0.5,238.31744
20.25,0.5,238.26744
20.25,0.5,238.21744
20.25,0.5,238.16744
20.25,0.5,238.11744
20.25,0.5,238.06744
20.25,0.5,238.01744
20.25,0.5,237.96744
17.75,0.5,237.88561
17.75,0.5,237.83561
17.75,0.5,237.78561
17.75,0.5,237.73561
17.75,0.5,237.56061
17.75,0.5,237.01061
17.75,0.5,235.96061
17.75,0.5,234.41061
17.75,0.5,232.36061
17.75,0.5,229.81061
17.75,0.5,226.76061
17.75,0.5,223.21061
18.25,0.5,237.89225
18.25,0.5,237.84225
18.25,0.5,237.79225
18.25,0.5,237.74225
18.25,0.5,237.56725
18.25,0.5,237.01725
18.25,0.5,235.96725
18.25,0.5,234.41725
18.25,0.5,232.36725
18.25,0.5,229.81725
18.25,0.5,226.76725
18.25,0.5,223.21725
18.75,0.5,237.8989
18.75,0.5,237.8489
18.75,0.5,237.7989
18.75,0.5,237.7489
18.75,0.5,237.5739
18.75,0.5,237.0239
18.75,0.5,235.9739
18.75,0.5,234.4239
18.75,0.5,232.3739
18.75,0.5,229.8239
18.75,0.5,226.7739
18.75,0.5,223.2239
19.25,0.5,237.90554
19.25,0.5,237.85554
19.25,0.5,237.80554
19.25,0.5,237.75554
19.25,0.5,237.58054
19.25,0.5,237.03054
19.25,0.5,235.98054
19.25,0.5,234.43054
19.25,0.5,232.38054
19.25,0.5,229.83054
19.25,0.5,226.78054
19.25,0.5,223.23054
19.75,0.5,237.91205
19.75,0.5,237.86205
19.75,0.5,237.81205
19.75,0.5,237.76205
19.75,0.5,237.58705
19.75,0.5,237.03705
19.75,0.5,235.98705
19.75,0.5,234.43705
19.75,0.5,232.38705
19.75,0.5,229.83705
19.75,0.5,226.78705
19.75,0.5,223.23705
20.25,0.5,237.91744
20.25,0.5,237.86744
20.25,0.5,237.81744
20.25,0.5,237.76744
20.25,0.5,237.59244
20.25,0.5,237.04244
20.25,0.5,235.99244
20.25,0.5,234.44244
20.25,0.5,232.39244
20.25,0.5,229.84244
20.25,0.5,226.79244
20.25,0.5,223.24244
20.75,0.5,239.72184
20.75,0.5,239.67184
20.75,0.5,239.62184
20.75,0.5,239.57184
20.75,0.5,239.52184
20.75,0.5,239.47184
20.75,0.5,239.42184
20.75,0.5,239.37184
20.75,0.5,239.32184
20.75,0.5,239.27184
20.75,0.5,239.22184
20.75,0.5,239.17184
20.75,0.5,239.12184
20.75,0.5,239.07184
20.75,0.5,239.02184
20.75,0.5,238.97184
20.75,0.5,238.92184
20.75,0.5,238.87184
20.75,0.5,238.82184
20.75,0.5,238.77184
20.75,0.5,238.72184
20.75,0.5,238.67184
20.75,0.5,238.62184
20.75,0.5,238.57184
20.75,0.5,238.52184
20.75,0.5,238.47184
20.75,0.5,238.42184
20.75,0.5,238.37184
20.75,0.5,238.32184
20.75,0.5,238.27184
20.75,0.5,238.22184
20.75,0.5,238.17184
20.75,0.5,238.12184
20.75,0.5,238.07184
20.75,0.5,238.02184
20.75,0.5,237.97184
21.25,0.5,239.72624
21.25,0.5,239.67624
21.25,0.5,239.62624
21.25,0.5,239.57624
21.25,0.5,239.52624
21.25,0.5,239.47624
21.25,0.5,239.42624
21.25,0.5,239.37624
21.25,0.5,239.32624
21.25,0.5,239.27624
21.25,0.5,239.22624
21.25,0.5,239.17624
21.25,0.5,239.12624
21.25,0.5,239.07624
21.25,0.5,239.02624
21.25,0.5,238.97624
21.25,0.5,238.92624
21.25,0.5,238.87624
21.25,0.5,238.82624
21.25,0.5,238.77624
21.25,0.5,238.72624
21.25,0.5,238.67624
21.25,0.5,238.62624
21.25,0.5,238.57624
21.25,0.5,238.52624
21.25,0.5,238.47624
21.25,0.5,238.42624
21.25,0.5,238.37624
21.25,0.5,238.32624
21.25,0.5,238.27624
21.25,0.5,238.22624
21.25,0.5,238.17624
21.25,0.5,238.12624
21.25,0.5,238.07624
21.25,0.5,238.02624
21.25,0.5,237.97624
21.75,0.5,239.73064
21.75,0.5,239.68064
21.75,0.5,239.63064
21.75,0.5,239.58064
21.75,0.5,239.53064
21.75,0.5,239.48064
21.75,0.5,239.43064
21.75,0.5,239.38064
21.75,0.5,239.33064
21.75,0.5,239.28064
21.75,0.5,239.23064
21.75,0.5,239.18064
21.75,0.5,239.13064
21.75,0.5,239.08064
21.75,0.5,239.03064
21.75,0.5,238.98064
21.75,0.5,238.93064
21.75,0.5,238.88064
21.75,0.5,238.83064
21.75,0.5,238.78064
21.75,0.5,238.73064
21.75,0.5,238.68064
21.75,0.5,238.63064
21.75,0.5,238.58064
21.75,0.5,238.53064
21.75,0.5,238.48064
21.75,0.5,238.43064
21.75,0.5,238.38064
21.75,0.5,238.33064
21.75,0.5,238.28064
21.75,0.5,238.23064
21.75,0.5,238.18064
21.75,0.5,238.13064
21.75,0.5,238.08064
21.75,0.5,238.03064
21.75,0.5,237.98064
22.25,0.5,239.73504
22.25,0.5,239.68504
22.25,0.5,239.63504
22.25,0.5,239.58504
22.25,0.5,239.53504
22.25,0.5,239.48504
22.25,0.5,239.43504
22.25,0.5,239.38504
22.25,0.5,239.33504
22.25,0.5,239.28504
22.25,0.5,239.23504
22.25,0.5,239.18504
22.25,0.5,239.13504
22.25,0.5,239.08504
22.25,0.5,239.03504
22.25,0.5,238.98504
22.25,0.5,238.93504
22.25,0.5,238.88504
22.25,0.5,238.83504
22.25,0.5,238.78504
22.25,0.5,238.73504
22.25,0.5,238.68504
22.25,0.5,238.63504
22.25,0.5,238.58504
22.25,0.5,238.53504
22.25,0.5,238.48504
22.25,0.5,238.43504
22.25,0.5,238.38504
22.25,0.5,238.33504
22.25,0.5,238.28504
22.25,0.5,238.23504
22.25,0.5,238.18504
22.25,0.5,238.13504
22.25,0.5,238.08504
22.25,0.5,238.03504
22.25,0.5,237.98504
22.75,0.5,239.73944
22.75,0.5,239.68944
22.75,0.5,239.63944
22.75,0.5,239.58944
22.75,0.5,239.53944
22.75,0.5,239.48944
22.75,0.5,239.43944
22.75,0.5,239.38944
22.75,0.5,239.33944
22.75,0.5,239.28944
22.75,0.5,239.23944
22.75,0.5,239.18944
22.75,0.5,239.13944
22.75,0.5,239.08944
22.75,0.5,239.03944
22.75,0.5,238.98944
22.75,0.5,238.93944
22.75,0.5,238.88944
22.75,0.5,238.83944
22.75,0.5,238.78944
22.75,0.5,238.73944
22.75,0.5,238.68944
22.75,0.5,238.63944
22.75,0.5,238.58944
22.75,0.5,238.53944
22.75,0.5,238.48944
22.75,0.5,238.43944
22.75,0.5,238.38944
22.75,0.5,238.33944
22.75,0.5,238.28944
22.75,0.5,238.23944
22.75,0.5,238.18944
22.75,0.5,238.13944
22.75,0.5,238.08944
22.75,0.5,238.03944
22.75,0.5,237.98944
23.25,0.5,239.74384
23.25,0.5,239.69384
23.25,0.5,239.64384
23.25,0.5,239.59384
23.25,0.5,239.54384
23.25,0.5,239.49384
23.25,0.5,239.44384
23.25,0.5,239.39384
23.25,0.5,239.34384
23.25,0.5,239.29384
23.25,0.5,239.24384
23.25,0.5,239.19384
23.25,0.5,239.14384
23.25,0.5,239.09384
23.25,0.5,239.04384
23.25,0.5,238.99384
23.25,0.5,238.94384
23.25,0.5,238.89384
23.25,0.5,238.84384
23.25,0.5,238.79384
23.25,0.5,238.74384
23.25,0.5,238.69384
23.25,0.5,238.64384
23.25,0.5,238.59384
23.25,0.5,238.54384
23.25,0.5,238.49384
23.25,0.5,238.44384
23.25,0.5,238.39384
23.25,0.5,238.34384
23.25,0.5,238.29384
23.25,0.5,238.24384
23.25,0.5,238.19384
23.25,0.5,238.14384
23.25,0.5,238.09384
23.25,0.5,238.04384
23.25,0.5,237.99384
20.75,0.5,237.92184
20.75,0.5,237.87184
20.75,0.5,237.82184
20.75,0.5,237.77184
20.75,0.5,237.59684
20.75,0.5,237.04684
20.75,0.5,235.99684
20.75,0.5,234.44684
20.75,0.5,232.39684
20.75,0.5,229.84684
20.75,0.5,226.79684
20.75,0.5,223.24684
21.25,0.5,237.92624
21.25,0.5,237.87624
21.25,0.5,237.82624
21.25,0.5,237.77624
21.25,0.5,237.60124
21.25,0.5,237.05124
21.25,0.5,236.00124
21.25,0.5,234.45124
21.25,0.5,232.40124
21.25,0.5,229.85124
21.25,0.5,226.80124
21.25,0.5,223.25124
21.75,0.5,237.93064
21.75,0.5,237.88064
21.75,0.5,237.83064
21.75,0.5,237.78064
21.75,0.5,237.60564
21.75,0.5,237.05564
21.75,0.5,236.00564
21.75,0.5,234.45564
21.75,0.5,232.40564
21.75,0.5,229.85564
21.75,0.5,226.80564
21.75,0.5,223.25564
22.25,0.5,237.93504
22.25,0.5,237.88504
22.25,0.5,237.83504
22.25,0.5,237.78504
22.25,0.5,237.61004
22.25,0.5,237.06004
22.25,0.5,236.01004
22.25,0.5,234.46004
22.25,0.5,232.41004
22.25,0.5,229.86004
22.25,0.5,226.81004
22.25,0.5,223.26004
22.75,0.5,237.93944
22.75,0.5,237.88944
22.75,0.5,237.83944
22.75,0.5,237.78944
22.75,0.5,237.61444
22.75,0.5,237.06444
22.75,0.5,236.01444
22.75,0.5,234.46444
22.75,0.5,232.41444
22.75,0.5,229.86444
22.75,0.5,226.81444
22.75,0.5,223.26444
23.25,0.5,237.94384
23.25,0.5,237.89384
23.25,0.5,237.84384
23.25,0.5,237.79384
23.25,0.5,237.61884
23.25,0.5,237.06884
23.25,0.5,236.01884
23.25,0.5,234.46884
23.25,0.5,232.41884
23.25,0.5,229.86884
23.25,0.5,226.81884
23.25,0.5,223.26884
23.75,0.5,239.74802
23.75,0.5,239.69802
23.75,0.5,239.64803
23.75,0.5,239.59803
23.75,0.5,239.54803
23.75,0.5,239.49802
23.75,0.5,239.44802
23.75,0.5,239.39803
23.75,0.5,239.34803
23.75,0.5,239.29803
23.75,0.5,239.24802
23.75,0.5,239.19802
23.75,0.5,239.14803
23.75,0.5,239.09803
23.75,0.5,239.04803
23.75,0.5,238.99802
23.75,0.5,238.94802
23.75,0.5,238.89803
23.75,0.5,238.84803
23.75,0.5,238.79803
23.75,0.5,238.74802
23.75,0.5,238.69802
23.75,0.5,238.64803
23.75,0.5,238.59803
23.75,0.5,238.54803
23.75,0.5,238.49802
23.75,0.5,238.44802
23.75,0.5,238.39803
23.75,0.5,238.34803
23.75,0.5,238.29803
23.75,0.5,238.24802
23.75,0.5,238.19802
23.75,0.5,238.14803
23.75,0.5,238.09803
23.75,0.5,238.04803
23.75,0.5,237.99802
24.25,0.5,239.75073
24.25,0.5,239.70073
24.25,0.5,239.65073
24.25,0.5,239.60073
24.25,0.5,239.55073
24.25,0.5,239.50073
24.25,0.5,239.45073
24.25,0.5,239.40073
24.25,0.5,239.35073
24.25,0.5,239.30073
24.25,0.5,239.25073
24.25,0.5,239.20073
24.25,0.5,239.15073
24.25,0.5,239.10073
24.25,0.5,239.05073
24.25,0.5,239.00073
24.25,0.5,238.95073
24.25,0.5,238.90073
24.25,0.5,238.85073
24.25,0.5,238.80073
24.25,0.5,238.75073
24.25,0.5,238.70073
24.25,0.5,238.65073
24.25,0.5,238.60073
24.25,0.5,238.55073
24.25,0.5,238.50073
24.25,0.5,238.45073
24.25,0.5,238.40073
24.25,0.5,238.35073
24.25,0.5,238.30073
24.25,0.5,238.25073
24.25,0.5,238.20073
24.25,0.5,238.15073
24.25,0.5,238.10073
24.25,0.5,238.05073
24.25,0.5,238.00073
24.75,0.5,239.75217
24.75,0.5,239.70218
24.75,0.5,239.65218
24.75,0.5,239.60217
24.75,0.5,239.55217
24.75,0.5,239.50217
24.75,0.5,239.45218
24.75,0.5,239.40218
24.75,0.5,239.35217
24.75,0.5,239.30217
24.75,0.5,239.25217
24.75,0.5,239.20218
24.75,0.5,239.15218
24.75,0.5,239.10217
24.75,0.5,239.05217
24.75,0.5,239.00217
24.75,0.5,238.95218
24.75,0.5,238.90218
24.75,0.5,238.85217
24.75,0.5,238.80217
24.75,0.5,238.75217
24.75,0.5,238.70218
24.75,0.5,238.65218
24.75,0.5,238.60217
24.75,0.5,238.55217
24.75,0.5,238.50217
24.75,0.5,238.45218
24.75,0.5,238.40218
24.75,0.5,238.35217
24.75,0.5,238.30217
24.75,0.5,238.25217
24.75,0.5,238.20218
24.75,0.5,238.15218
24.75,0.5,238.10217
24.75,0.5,238.05217
24.75,0.5,238.00217
25.25,0.5,239.75362
25.25,0.5,239.70362
25.25,0.5,239.65362
25.25,0.5,239.60361
25.25,0.5,239.55362
25.25,0.5,239.50362
25.25,0.5,239.45362
25.25,0.5,239.40362
25.25,0.5,239.35361
25.25,0.5,239.30362
25.25,0.5,239.25362
25.25,0.5,239.20362
25.25,0.5,239.15362
25.25,0.5,239.10361
25.25,0.5,239.05362
25.25,0.5,239.00362
25.25,0.5,238.95362
25.25,0.5,238.90362
25.25,0.5,238.85361
25.25,0.5,238.80362
25.25,0.5,238.75362
25.25,0.5,238.70362
25.25,0.5,238.65362
25.25,0.5,238.60361
25.25,0.5,238.55362
25.25,0.5,238.50362
25.25,0.5,238.45362
25.25,0.5,238.40362
25.25,0.5,238.35361
25.25,0.5,238.30362
25.25,0.5,238.25362
25.25,0.5,238.20362
25.25,0.5,238.15362
25.25,0.5,238.10361
25.25,0.5,238.05362
25.25,0.5,238.00362
25.75,0.5,239.75506
25.75,0.5,239.70506
25.75,0.5,239.65506
25.75,0.5,239.60506
25.75,0.5,239.55506
25.75,0.5,239.50506
25.75,0.5,239.45506
25.75,0.5,239.40506
25.75,0.5,239.35506
25.75,0.5,239.30506
25.75,0.5,239.25506
25.75,0.5,239.20506
25.75,0.5,239.15506
25.75,0.5,239.10506
25.75,0.5,239.05506
25.75,0.5,239.00506
25.75,0.5,238.95506
25.75,0.5,238.90506
25.75,0.5,238.85506
25.75,0.5,238.80506
25.75,0.5,238.75506
25.75,0.5,238.70506
25.75,0.5,238.65506
25.75,0.5,238.60506
25.75,0.5,238.55506
25.75,0.5,238.50506
25.75,0.5,238.45506
25.75,0.5,238.40506
25.75,0.5,238.35506
25.75,0.5,238.30506
25.75,0.5,238.25506
25.75,0.5,238.20506
25.75,0.5,238.15506
25.75,0.5,238.10506
25.75,0.5,238.05506
25.75,0.5,238.00506
26.25,0.5,239.7565
26.25,0.5,239.7065
26.25,0.5,239.6565
26.25,0.5,239.6065
26.25,0.5,239.5565
26.25,0.5,239.5065
26.25,0.5,239.4565
26.25,0.5,239.4065
26.25,0.5,239.3565
26.25,0.5,239.3065
26.25,0.5,239.2565
26.25,0.5,239.2065
26.25,0.5,239.1565
26.25,0.5,239.1065
26.25,0.5,239.0565
26.25,0.5,239.0065
26.25,0.5,238.9565
26.25,0.5,238.9065
26.25,0.5,238.8565
26.25,0.5,238.8065
26.25,0.5,238.7565
26.25,0.5,238.7065
26.25,0.5,238.6565
26.25,0.5,238.6065
26.25,0.5,238.5565
26.25,0.5,238.5065
26.25,0.5,238.4565
26.25,0.5,238.4065
26.25,0.5,238.3565
26.25,0.5,238.3065
26.25,0.5,238.2565
26.25,0.5,238.2065
26.25,0.5,238.1565
26.25,0.5,238.1065
26.25,0.5,238.0565
26.25,0.5,238.0065
23.75,0.5,237.94802
23.75,0.5,237.89803
23.75,0.5,237.84803
23.75,0.5,237.79803
23.75,0.5,237.62302
23.75,0.5,237.07302
23.75,0.5,236.02303
23.75,0.5,234.47303
23.75,0.5,232.42303
23.75,0.5,229.87302
23.75,0.5,226.82302
23.75,0.5,223.27303
24.25,0.5,237.95073
24.25,0.5,237.90073
24.25,0.5,237.85073
24.25,0.5,237.80073
24.25,0.5,237.62573
24.25,0.5,237.07573
24.25,0.5,236.02573
24.25,0.5,234.47573
24.25,0.5,232.42573
24.25,0.5,229.87573
24.25,0.5,226.82573
24.25,0.5,223.27573
24.75,0.5,237.95218
24.75,0.5,237.90218
24.75,0.5,237.85217
24.75,0.5,237.80217
24.75,0.5,237.62717
24.75,0.5,237.07718
24.75,0.5,236.02718
24.75,0.5,234.47717
24.75,0.5,232.42717
24.75,0.5,229.87717
24.75,0.5,226.82718
24.75,0.5,223.27718
25.25,0.5,237.95362
25.25,0.5,237.90362
25.25,0.5,237.85361
25.25,0.5,237.80362
25.25,0.5,237.62862
25.25,0.5,237.07862
25.25,0.5,236.02862
25.25,0.5,234.47861
25.25,0.5,232.42862
25.25,0.5,229.87862
25.25,0.5,226.82862
25.25,0.5,223.27862
25.75,0.5,237.95506
25.75,0.5,237.90506
25.75,0.5,237.85506
25.75,0.5,237.80506
25.75,0.5,237.63006
25.75,0.5,237.08006
25.75,0.5,236.03006
25.75,0.5,234.48006
25.75,0.5,232.43006
25.75,0.5,229.88006
25.75,0.5,226.83006
25.75,0.5,223.28006
26.25,0.5,237.9565
26.25,0.5,237.9065
26.25,0.5,237.8565
26.25,0.5,237.8065
26.25,0.5,237.6315
26.25,0.5,237.0815
26.25,0.5,236.0315
26.25,0.5,234.4815
26.25,0.5,232.4315
26.25,0.5,229.8815
26.25,0.5,226.8315
26.25,0.5,223.2815
26.75,0.5,239.75794
26.75,0.5,239.70794
26.75,0.5,239.65794
26.75,0.5,239.60794
26.75,0.5,239.55794
26.75,0.5,239.50794
26.75,0.5,239.45794
26.75,0.5,239.40794
26.75,0.5,239.35794
26.75,0.5,239.30794
26.75,0.5,239.25794
26.75,0.5,239.20794
26.75,0.5,239.15794
26.75,0.5,239.10794
26.75,0.5,239.05794
26.75,0.5,239.00794
26.75,0.5,238.95794
26.75,0.5,238.90794
26.75,0.5,238.85794
26.75,0.5,238.80794
26.75,0.5,238.75794
26.75,0.5,238.70794
26.75,0.5,238.65794
26.75,0.5,238.60794
26.75,0.5,238.55794
26.75,0.5,238.50794
26.75,0.5,238.45794
26.75,0.5,238.40794
26.75,0.5,238.35794
26.75,0.5,238.30794
26.75,0.5,238.25794
26.75,0.5,238.20794
26.75,0.5,238.15794
26.75,0.5,238.10794
26.75,0.5,238.05794
26.75,0.5,238.00794
27.25,0.5,239.75938
27.25,0.5,239.70938
27.25,0.5,239.65939
27.25,0.5,239.60938
27.25,0.5,239.55938
27.25,0.5,239.50938
27.25,0.5,239.45938
27.25,0.5,239.40939
27.25,0.5,239.35938
27.25,0.5,239.30938
27.25,0.5,239.25938
27.25,0.5,239.20938
27.25,0.5,239.15939
27.25,0.5,239.10938
27.25,0.5,239.05938
27.25,0.5,239.00938
27.25,0.5,238.95938
27.25,0.5,238.90939
27.25,0.5,238.85938
27.25,0.5,238.80938
27.25,0.5,238.75938
27.25,0.5,238.70938
27.25,0.5,238.65939
27.25,0.5,238.60938
27.25,0.5,238.55938
27.25,0.5,238.50938
27.25,0.5,238.45938
27.25,0.5,238.40939
27.25,0.5,238.35938
27.25,0.5,238.30938
27.25,0.5,238.25938
27.25,0.5,238.20938
27.25,0.5,238.15939
27.25,0.5,238.10938
27.25,0.5,238.05938
27.25,0.5,238.00938
27.75,0.5,239.76119
27.75,0.5,239.71119
27.75,0.5,239.66119
27.75,0.5,239.61119
27.75,0.5,239.56119
27.75,0.5,239.51119
27.75,0.5,239.46119
27.75,0.5,239.41119
27.75,0.5,239.36119
27.75,0.5,239.31119
27.75,0.5,239.26119
27.75,0.5,239.21119
27.75,0.5,239.16119
27.75,0.5,239.11119
27.75,0.5,239.06119
27.75,0.5,239.01119
27.75,0.5,238.96119
27.75,0.5,238.91119
27.75,0.5,238.86119
27.75,0.5,238.81119
27.75,0.5,238.76119
27.75,0.5,238.71119
27.75,0.5,238.66119
27.75,0.5,238.61119
27.75,0.5,238.56119
27.75,0.5,238.51119
27.75,0.5,238.46119
27.75,0.5,238.41119
27.75,0.5,238.36119
27.75,0.5,238.31119
27.75,0.5,238.26119
27.75,0.5,238.21119
27.75,0.5,238.16119
27.75,0.5,238.11119
27.75,0.5,238.06119
27.75,0.5,238.01119
28.25,0.5,239.76513
28.25,0.5,239.71513
28.25,0.5,239.66512
28.25,0.5,239.61513
28.25,0.5,239.56513
28.25,0.5,239.51513
28.25,0.5,239.46513
28.25,0.5,239.41512
28.25,0.5,239.36513
28.25,0.5,239.31513
28.25,0.5,239.26513
28.25,0.5,239.21513
28.25,0.5,239.16512
28.25,0.5,239.11513
28.25,0.5,239.06513
28.25,0.5,239.01513
28.25,0.5,238.96513
28.25,0.5,238.91512
28.25,0.5,238.86513
28.25,0.5,238.81513
28.25,0.5,238.76513
28.25,0.5,238.71513
28.25,0.5,238.66512
28.25,0.5,238.61513
28.25,0.5,238.56513
28.25,0.5,238.51513
28.25,0.5,238.46513
28.25,0.5,238.41512
28.25,0.5,238.36513
28.25,0.5,238.31513
28.25,0.5,238.26513
28.25,0.5,238.21513
28.25,0.5,238.16512
28.25,0.5,238.11513
28.25,0.5,238.06513
28.25,0.5,238.01513
28.75,0.5,239.77084
28.75,0.5,239.72083
28.75,0.5,239.67083
28.75,0.5,239.62083
28.75,0.5,239.57084
28.75,0.5,239.52084
28.75,0.5,239.47083
28.75,0.5,239.42083
28.75,0.5,239.37083
28.75,0.5,239.32084
28.75,0.5,239.27084
28.75,0.5,239.22083
28.75,0.5,239.17083
28.75,0.5,239.12083
28.75,0.5,239.07084
28.75,0.5,239.02084
28.75,0.5,238.97083
28.75,0.5,238.92083
28.75,0.5,238.87083
28.75,0.5,238.82084
28.75,0.5,238.77084
28.75,0.5,238.72083
28.75,0.5,238.67083
28.75,0.5,238.62083
28.75,0.5,238.57084
28.75,0.5,238.52084
28.75,0.5,238.47083
28.75,0.5,238.42083
28.75,0.5,238.37083
28.75,0.5,238.32084
28.75,0.5,238.27084
28.75,0.5,238.22083
28.75,0.5,238.17083
28.75,0.5,238.12083
28.75,0.5,238.07084
28.75,0.5,238.02084
29.25,0.5,239.77654
29.25,0.5,239.72654
29.25,0.5,239.67654
29.25,0.5,239.62653
29.25,0.5,239.57653
29.25,0.5,239.52654
29.25,0.5,239.47654
29.25,0.5,239.42654
29.25,0.5,239.37653
29.25,0.5,239.32653
29.25,0.5,239.27654
29.25,0.5,239.22654
29.25,0.5,239.17654
29.25,0.5,239.12653
29.25,0.5,239.07653
29.25,0.5,239.02654
29.25,0.5,238.97654
29.25,0.5,238.92654
29.25,0.5,238.87653
29.25,0.5,238.82653
29.25,0.5,238.77654
29.25,0.5,238.72654
29.25,0.5,238.67654
29.25,0.5,238.62653
29.25,0.5,238.57653
29.25,0.5,238.52654
29.25,0.5,238.47654
29.25,0.5,238.42654
29.25,0.5,238.37653
29.25,0.5,238.32653
29.25,0.5,238.27654
29.25,0.5,238.22654
29.25,0.5,238.17654
29.25,0.5,238.12653
29.25,0.5,238.07653
29.25,0.5,238.02654
26.75,0.5,237.95794
26.75,0.5,237.90794
26.75,0.5,237.85794
26.75,0.5,237.80794
26.75,0.5,237.63294
26.75,0.5,237.08294
26.75,0.5,236.03294
26.75,0.5,234.48294
26.75,0.5,232.43294
26.75,0.5,229.88294
26.75,0.5,226.83294
26.75,0.5,223.28294
27.25,0.5,237.95938
27.25,0.5,237.90939
27.25,0.5,237.85938
27.25,0.5,237.80938
27.25,0.5,237.63438
27.25,0.5,237.08438
27.25,0.5,236.03439
27.25,0.5,234.48438
27.25,0.5,232.43438
27.25,0.5,229.88438
27.25,0.5,226.83438
27.25,0.5,223.28439
27.75,0.5,237.96119
27.75,0.5,237.91119
27.75,0.5,237.86119
27.75,0.5,237.81119
27.75,0.5,237.63619
27.75,0.5,237.08619
27.75,0.5,236.03619
27.75,0.5,234.48619
27.75,0.5,232.43619
27.75,0.5,229.88619
27.75,0.5,226.83619
27.75,0.5,223.28619
28.25,0.5,237.96513
28.25,0.5,237.91512
28.25,0.5,237.86513
28.25,0.5,237.81513
28.25,0.5,237.64013
28.25,0.5,237.09013
28.25,0.5,236.04012
28.25,0.5,234.49013
28.25,0.5,232.44013
28.25,0.5,229.89013
28.25,0.5,226.84013
28.25,0.5,223.29012
28.75,0.5,237.97083
28.75,0.5,237.92083
28.75,0.5,237.87083
28.75,0.5,237.82084
28.75,0.5,237.64584
28.75,0.5,237.09583
28.75,0.5,236.04583
28.75,0.5,234.49583
28.75,0.5,232.44584
28.75,0.5,229.89584
28.75,0.5,226.84583
28.75,0.5,223.29583
29.25,0.5,237.97654
29.25,0.5,237.92654
29.25,0.5,237.87653
29.25,0.5,237.82653
29.25,0.5,237.65154
29.25,0.5,237.10154
29.25,0.5,236.05154
29.25,0.5,234.50153
29.25,0.5,232.45153
29.25,0.5,229.90154
29.25,0.5,226.85154
29.25,0.5,223.30154
29.75,0.5,239.78224
29.75,0.5,239.73225
29.75,0.5,239.68224
29.75,0.5,239.63224
29.75,0.5,239.58224
29.75,0.5,239.53224
29.75,0.5,239.48225
29.75,0.5,239.43224
29.75,0.5,239.38224
29.75,0.5,239.33224
29.75,0.5,239.28224
29.75,0.5,239.23225
29.75,0.5,239.18224
29.75,0.5,239.13224
29.75,0.5,239.08224
29.75,0.5,239.03224
29.75,0.5,238.98225
29.75,0.5,238.93224
29.75,0.5,238.88224
29.75,0.5,238.83224
29.75,0.5,238.78224
29.75,0.5,238.73225
29.75,0.5,238.68224
29.75,0.5,238.63224
29.75,0.5,238.58224
29.75,0.5,238.53224
29.75,0.5,238.48225
29.75,0.5,238.43224
29.75,0.5,238.38224
29.75,0.5,238.33224
29.75,0.5,238.28224
29.75,0.5,238.23225
29.75,0.5,238.18224
29.75,0.5,238.13224
29.75,0.5,238.08224
29.75,0.5,238.03224
30.25,0.5,239.78794
30.25,0.5,239.73795
30.25,0.5,239.68795
30.25,0.5,239.63795
30.25,0.5,239.58794
30.25,0.5,239.53794
30.25,0.5,239.48795
30.25,0.5,239.43795
30.25,0.5,239.38795
30.25,0.5,239.33794
30.25,0.5,239.28794
30.25,0.5,239.23795
30.25,0.5,239.18795
30.25,0.5,239.13795
30.25,0.5,239.08794
30.25,0.5,239.03794
30.25,0.5,238.98795
30.25,0.5,238.93795
30.25,0.5,238.88795
30.25,0.5,238.83794
30.25,0.5,238.78794
30.25,0.5,238.73795
30.25,0.5,238.68795
30.25,0.5,238.63795
30.25,0.5,238.58794
30.25,0.5,238.53794
30.25,0.5,238.48795
30.25,0.5,238.43795
30.25,0.5,238.38795
30.25,0.5,238.33794
30.25,0.5,238.28794
30.25,0.5,238.23795
30.25,0.5,238.18795
30.25,0.5,238.13795
30.25,0.5,238.08794
30.25,0.5,238.03794
30.75,0.5,239.79365
30.75,0.5,239.74365
30.75,0.5,239.69365
30.75,0.5,239.64365
30.75,0.5,239.59365
30.75,0.5,239.54365
30.75,0.5,239.49365
30.75,0.5,239.44365
30.75,0.5,239.39365
30.75,0.5,239.34365
30.75,0.5,239.29365
30.75,0.5,239.24365
30.75,0.5,239.19365
30.75,0.5,239.14365
30.75,0.5,239.09365
30.75,0.5,239.04365
30.75,0.5,238.99365
30.75,0.5,238.94365
30.75,0.5,238.89365
30.75,0.5,238.84365
30.75,0.5,238.79365
30.75,0.5,238.74365
30.75,0.5,238.69365
30.75,0.5,238.64365
30.75,0.5,238.59365
30.75,0.5,238.54365
30.75,0.5,238.49365
30.75,0.5,238.44365
30.75,0.5,238.39365
30.75,0.5,238.34365
30.75,0.5,238.29365
30.75,0.5,238.24365
30.75,0.5,238.19365
30.75,0.5,238.14365
30.75,0.5,238.09365
30.75,0.5,238.04365
31.25,0.5,239.79935
31.25,0.5,239.74935
31.25,0.5,239.69936
31.25,0.5,239.64936
31.25,0.5,239.59936
31.25,0.5,239.54935
31.25,0.5,239.49935
31.25,0.5,239.44936
31.25,0.5,239.39936
31.25,0.5,239.34936
31.25,0.5,239.29935
31.25,0.5,239.24935
31.25,0.5,239.19936
31.25,0.5,239.14936
31.25,0.5,239.09936
31.25,0.5,239.04935
31.25,0.5,238.99935
31.25,0.5,238.94936
31.25,0.5,238.89936
31.25,0.5,238.84936
31.25,0.5,238.79935
31.25,0.5,238.74935
31.25,0.5,238.69936
31.25,0.5,238.64936
31.25,0.5,238.59936
31.25,0.5,238.54935
31.25,0.5,238.49935
31.25,0.5,238.44936
31.25,0.5,238.39936
31.25,0.5,238.34936
31.25,0.5,238.29935
31.25,0.5,238.24935
31.25,0.5,238.19936
31.25,0.5,238.14936
31.25,0.5,238.09936
31.25,0.5,238.04935
31.75,0.5,239.80614
31.75,0.5,239.75613
31.75,0.5,239.70613
31.75,0.5,239.65614
31.75,0.5,239.60614
31.75,0.5,239.55614
31.75,0.5,239.50613
31.75,0.5,239.45613
31.75,0.5,239.40614
31.75,0.5,239.35614
31.75,0.5,239.30614
31.75,0.5,239.25613
31.75,0.5,239.20613
31.75,0.5,239.15614
31.75,0.5,239.10614
31.75,0.5,239.05614
31.75,0.5,239.00613
31.75,0.5,238.95613
31.75,0.5,238.90614
31.75,0.5,238.85614
31.75,0.5,238.80614
31.75,0.5,238.75613
31.75,0.5,238.70613
31.75,0.5,238.65614
31.75,0.5,238.60614
31.75,0.5,238.55614
31.75,0.5,238.50613
31.75,0.5,238.45613
31.75,0.5,238.40614
31.75,0.5,238.35614
31.75,0.5,238.30614
31.75,0.5,238.25613
31.75,0.5,238.20613
31.75,0.5,238.15614
31.75,0.5,238.10614
31.75,0.5,238.05614
32.25,0.5,239.81844
32.25,0.5,239.76843
32.25,0.5,239.71843
32.25,0.5,239.66843
32.25,0.5,239.61844
32.25,0.5,239.56844
32.25,0.5,239.51843
32.25,0.5,239.46843
32.25,0.5,239.41843
32.25,0.5,239.36844
32.25,0.5,239.31844
32.25,0.5,239.26843
32.25,0.5,239.21843
32.25,0.5,239.16843
32.25,0.5,239.11844
32.25,0.5,239.06844
32.25,0.5,239.01843
32.25,0.5,238.96843
32.25,0.5,238.91843
32.25,0.5,238.86844
32.25,0.5,238.81844
32.25,0.5,238.76843
32.25,0.5,238.71843
32.25,0.5,238.66843
32.25,0.5,238.61844
32.25,0.5,238.56844
32.25,0.5,238.51843
32.25,0.5,238.46843
32.25,0.5,238.41843
32.25,0.5,238.36844
32.25,0.5,238.31844
32.25,0.5,238.26843
32.25,0.5,238.21843
32.25,0.5,238.16843
32.25,0.5,238.11844
32.25,0.5,238.06844
29.75,0.5,237.98225
29.75,0.5,237.93224
29.75,0.5,237.88224
29.75,0.5,237.83224
29.75,0.5,237.65724
29.75,0.5,237.10725
29.75,0.5,236.05724
29.75,0.5,234.50724
29.75,0.5,232.45724
29.75,0.5,229.90724
29.75,0.5,226.85725
29.75,0.5,223.30724
30.25,0.5,237.98795
30.25,0.5,237.93795
30.25,0.5,237.88795
30.25,0.5,237.83794
30.25,0.5,237.66294
30.25,0.5,237.11295
30.25,0.5,236.06295
30.25,0.5,234.51295
30.25,0.5,232.46294
30.25,0.5,229.91294
30.25,0.5,226.86295
30.25,0.5,223.31295
30.75,0.5,237.99365
30.75,0.5,237.94365
30.75,0.5,237.89365
30.75,0.5,237.84365
30.75,0.5,237.66865
30.75,0.5,237.11865
30.75,0.5,236.06865
30.75,0.5,234.51865
30.75,0.5,232.46865
30.75,0.5,229.91865
30.75,0.5,226.86865
30.75,0.5,223.31865
31.25,0.5,237.99935
31.25,0.5,237.94936
31.25,0.5,237.89936
31.25,0.5,237.84936
31.25,0.5,237.67435
31.25,0.5,237.12435
31.25,0.5,236.07436
31.25,0.5,234.52436
31.25,0.5,232.47436
31.25,0.5,229.92435
31.25,0.5,226.87435
31.25,0.5,223.32436
31.75,0.5,238.00613
31.75,0.5,237.95613
31.75,0.5,237.90614
31.75,0.5,237.85614
31.75,0.5,237.68114
31.75,0.5,237.13113
31.75,0.5,236.08113
31.75,0.5,234.53114
31.75,0.5,232.48114
31.75,0.5,229.93114
31.75,0.5,226.88113
31.75,0.5,223.33113
32.25,0.5,238.01843
32.25,0.5,237.96843
32.25,0.5,237.91843
32.25,0.5,237.86844
32.25,0.5,237.69344
32.25,0.5,237.14343
32.25,0.5,236.09343
32.25,0.5,234.54343
32.25,0.5,232.49344
32.25,0.5,229.94344
32.25,0.5,226.89343
32.25,0.5,223.34343
32.75,0.5,239.83517
32.75,0.5,239.78517
32.75,0.5,239.73517
32.75,0.5,239.68517
32.75,0.5,239.63518
32.75,0.5,239.58517
32.75,0.5,239.53517
32.75,0.5,239.48517
32.75,0.5,239.43517
32.75,0.5,239.38518
32.75,0.5,239.33517
32.75,0.5,239.28517
32.75,0.5,239.23517
32.75,0.5,239.18517
32.75,0.5,239.13518
32.75,0.5,239.08517
32.75,0.5,239.03517
32.75,0.5,238.98517
32.75,0.5,238.93517
32.75,0.5,238.88518
32.75,0.5,238.83517
32.75,0.5,238.78517
32.75,0.5,238.73517
32.75,0.5,238.68517
32.75,0.5,238.63518
32.75,0.5,238.58517
32.75,0.5,238.53517
32.75,0.5,238.48517
32.75,0.5,238.43517
32.75,0.5,238.38518
32.75,0.5,238.33517
32.75,0.5,238.28517
32.75,0.5,238.23517
32.75,0.5,238.18517
32.75,0.5,238.13518
32.75,0.5,238.08517
33.25,0.5,239.85191
33.25,0.5,239.80191
33.25,0.5,239.75191
33.25,0.5,239.70191
33.25,0.5,239.65192
33.25,0.5,239.60191
33.25,0.5,239.55191
33.25,0.5,239.50191
33.25,0.5,239.45191
33.25,0.5,239.40192
33.25,0.5,239.35191
33.25,0.5,239.30191
33.25,0.5,239.25191
33.25,0.5,239.20191
33.25,0.5,239.15192
33.25,0.5,239.10191
33.25,0.5,239.05191
33.25,0.5,239.00191
33.25,0.5,238.95191
33.25,0.5,238.90192
33.25,0.5,238.85191
33.25,0.5,238.80191
33.25,0.5,238.75191
33.25,0.5,238.70191
33.25,0.5,238.65192
33.25,0.5,238.60191
33.25,0.5,238.55191
33.25,0.5,238.50191
33.25,0.5,238.45191
33.25,0.5,238.40192
33.25,0.5,238.35191
33.25,0.5,238.30191
33.25,0.5,238.25191
33.25,0.5,238.20191
33.25,0.5,238.15192
33.25,0.5,238.10191
33.75,0.5,239.86865
33.75,0.5,239.81865
33.75,0.5,239.76865
33.75,0.5,239.71865
33.75,0.5,239.66866
33.75,0.5,239.61865
33.75,0.5,239.56865
33.75,0.5,239.51865
33.75,0.5,239.46865
33.75,0.5,239.41866
33.75,0.5,239.36865
33.75,0.5,239.31865
33.75,0.5,239.26865
33.75,0.5,239.21865
33.75,0.5,239.16866
33.75,0.5,239.11865
33.75,0.5,239.06865
33.75,0.5,239.01865
33.75,0.5,238.96865
33.75,0.5,238.91866
33.75,0.5,238.86865
33.75,0.5,238.81865
33.75,0.5,238.76865
33.75,0.5,238.71865
33.75,0.5,238.66866
33.75,0.5,238.61865
33.75,0.5,238.56865
33.75,0.5,238.51865
33.75,0.5,238.46865
33.75,0.5,238.41866
33.75,0.5,238.36865
33.75,0.5,238.31865
33.75,0.5,238.26865
33.75,0.5,238.21865
33.75,0.5,238.16866
33.75,0.5,238.11865
34.25,0.5,239.88539
34.25,0.5,239.83539
34.25,0.5,239.78539
34.25,0.5,239.73539
34.25,0.5,239.68539
34.25,0.5,239.63539
34.25,0.5,239.58539
34.25,0.5,239.53539
34.25,0.5,239.48539
34.25,0.5,239.43539
34.25,0.5,239.38539
34.25,0.5,239.33539
34.25,0.5,239.28539
34.25,0.5,239.23539
34.25,0.5,239.18539
34.25,0.5,239.13539
34.25,0.5,239.08539
34.25,0.5,239.03539
34.25,0.5,238.98539
34.25,0.5,238.93539
34.25,0.5,238.88539
34.25,0.5,238.83539
34.25,0.5,238.78539
34.25,0.5,238.73539
34.25,0.5,238.68539
34.25,0.5,238.63539
34.25,0.5,238.58539
34.25,0.5,238.53539
34.25,0.5,238.48539
34.25,0.5,238.43539
34.25,0.5,238.38539
34.25,0.5,238.33539
34.25,0.5,238.28539
34.25,0.5,238.23539
34.25,0.5,238.18539
34.25,0.5,238.13539
34.75,0.5,239.90213
34.75,0.5,239.85213
34.75,0.5,239.80212
34.75,0.5,239.75213
34.75,0.5,239.70213
34.75,0.5,239.65213
34.75,0.5,239.60213
34.75,0.5,239.55212
34.75,0.5,239.50213
34.75,0.5,239.45213
34.75,0.5,239.40213
34.75,0.5,239.35213
34.75,0.5,239.30212
34.75,0.5,239.25213
34.75,0.5,239.20213
34.75,0.5,239.15213
34.75,0.5,239.10213
34.75,0.5,239.05212
34.75,0.5,239.00213
34.75,0.5,238.95213
34.75,0.5,238.90213
34.75,0.5,238.85213
34.75,0.5,238.80212
34.75,0.5,238.75213
34.75,0.5,238.70213
34.75,0.5,238.65213
34.75,0.5,238.60213
34.75,0.5,238.55212
34.75,0.5,238.50213
34.75,0.5,238.45213
34.75,0.5,238.40213
34.75,0.5,238.35213
34.75,0.5,238.30212
34.75,0.5,238.25213
34.75,0.5,238.20213
34.75,0.5,238.15213
35.25,0.5,239.91887
35.25,0.5,239.86887
35.25,0.5,239.81886
35.25,0.5,239.76887
35.25,0.5,239.71887
35.25,0.5,239.66887
35.25,0.5,239.61887
35.25,0.5,239.56886
35.25,0.5,239.51887
35.25,0.5,239.46887
35.25,0.5,239.41887
35.25,0.5,239.36887
35.25,0.5,239.31886
35.25,0.5,239.26887
35.25,0.5,239.21887
35.25,0.5,239.16887
35.25,0.5,239.11887
35.25,0.5,239.06886
35.25,0.5,239.01887
35.25,0.5,238.96887
35.25,0.5,238.91887
35.25,0.5,238.86887
35.25,0.5,238.81886
35.25,0.5,238.76887
35.25,0.5,238.71887
35.25,0.5,238.66887
35.25,0.5,238.61887
35.25,0.5,238.56886
35.25,0.5,238.51887
35.25,0.5,238.46887
35.25,0.5,238.41887
35.25,0.5,238.36887
35.25,0.5,238.31886
35.25,0.5,238.26887
35.25,0.5,238.21887
35.25,0.5,238.16887
32.75,0.5,238.03517
32.75,0.5,237.98517
32.75,0.5,237.93517
32.75,0.5,237.88518
32.75,0.5,237.71017
32.75,0.5,237.16017
32.75,0.5,236.11017
32.75,0.5,234.56017
32.75,0.5,232.51018
32.75,0.5,229.96017
32.75,0.5,226.91017
32.75,0.5,223.36017
33.25,0.5,238.05191
33.25,0.5,238.00191
33.25,0.5,237.95191
33.25,0.5,237.90192
33.25,0.5,237.72691
33.25,0.5,237.17691
33.25,0.5,236.12691
33.25,0.5,234.57691
33.25,0.5,232.52692
33.25,0.5,229.97691
33.25,0.5,226.92691
33.25,0.5,223.37691
33.75,0.5,238.06865
33.75,0.5,238.01865
33.75,0.5,237.96865
33.75,0.5,237.91866
33.75,0.5,237.74365
33.75,0.5,237.19365
33.75,0.5,236.14365
33.75,0.5,234.59365
33.75,0.5,232.54366
33.75,0.5,229.99365
33.75,0.5,226.94365
33.75,0.5,223.39365
34.25,0.5,238.08539
34.25,0.5,238.03539
34.25,0.5,237.98539
34.25,0.5,237.93539
34.25,0.5,237.76039
34.25,0.5,237.21039
34.25,0.5,236.16039
34.25,0.5,234.61039
34.25,0.5,232.56039
34.25,0.5,230.01039
34.25,0.5,226.96039
34.25,0.5,223.41039
34.75,0.5,238.10213
34.75,0.5,238.05212
34.75,0.5,238.00213
34.75,0.5,237.95213
34.75,0.5,237.77713
34.75,0.5,237.22713
34.75,0.5,236.17712
34.75,0.5,234.62713
34.75,0.5,232.57713
34.75,0.5,230.02713
34.75,0.5,226.97713
34.75,0.5,223.42712
35.25,0.5,238.11887
35.25,0.5,238.06886
35.25,0.5,238.01887
35.25,0.5,237.96887
35.25,0.5,237.79387
35.25,0.5,237.24387
35.25,0.5,236.19386
35.25,0.5,234.64387
35.25,0.5,232.59387
35.25,0.5,230.04387
35.25,0.5,226.99387
35.25,0.5,223.44386
35.75,0.5,239.93622
35.75,0.5,239.88622
35.75,0.5,239.83621
35.75,0.5,239.78621
35.75,0.5,239.73622
35.75,0.5,239.68622
35.75,0.5,239.63622
35.75,0.5,239.58621
35.75,0.5,239.53621
35.75,0.5,239.48622
35.75,0.5,239.43622
35.75,0.5,239.38622
35.75,0.5,239.33621
35.75,0.5,239.28621
35.75,0.5,239.23622
35.75,0.5,239.18622
35.75,0.5,239.13622
35.75,0.5,239.08621
35.75,0.5,239.03621
35.75,0.5,238.98622
35.75,0.5,238.93622
35.75,0.5,238.88622
35.75,0.5,238.83621
35.75,0.5,238.78621
35.75,0.5,238.73622
35.75,0.5,238.68622
35.75,0.5,238.63622
35.75,0.5,238.58621
35.75,0.5,238.53621
35.75,0.5,238.48622
35.75,0.5,238.43622
35.75,0.5,238.38622
35.75,0.5,238.33621
35.75,0.5,238.28621
35.75,0.5,238.23622
35.75,0.5,238.18622
36.25,0.5,239.95634
36.25,0.5,239.90633
36.25,0.5,239.85633
36.25,0.5,239.80633
36.25,0.5,239.75634
36.25,0.5,239.70634
36.25,0.5,239.65633
36.25,0.5,239.60633
36.25,0.5,239.55633
36.25,0.5,239.50634
36.25,0.5,239.45634
36.25,0.5,239.40633
36.25,0.5,239.35633
36.25,0.5,239.30633
36.25,0.5,239.25634
36.25,0.5,239.20634
36.25,0.5,239.15633
36.25,0.5,239.10633
36.25,0.5,239.05633
36.25,0.5,239.00634
36.25,0.5,238.95634
36.25,0.5,238.90633
36.25,0.5,238.85633
36.25,0.5,238.80633
36.25,0.5,238.75634
36.25,0.5,238.70634
36.25,0.5,238.65633
36.25,0.5,238.60633
36.25,0.5,238.55633
36.25,0.5,238.50634
36.25,0.5,238.45634
36.25,0.5,238.40633
36.25,0.5,238.35633
36.25,0.5,238.30633
36.25,0.5,238.25634
36.25,0.5,238.20634
36.75,0.5,239.97861
36.75,0.5,239.92861
36.75,0.5,239.87861
36.75,0.5,239.82862
36.75,0.5,239.77862
36.75,0.5,239.72861
36.75,0.5,239.67861
36.75,0.5,239.62861
36.75,0.5,239.57862
36.75,0.5,239.52862
36.75,0.5,239.47861
36.75,0.5,239.42861
36.75,0.5,239.37861
36.75,0.5,239.32862
36.75,0.5,239.27862
36.75,0.5,239.22861
36.75,0.5,239.17861
36.75,0.5,239.12861
36.75,0.5,239.07862
36.75,0.5,239.02862
36.75,0.5,238.97861
36.75,0.5,238.92861
36.75,0.5,238.87861
36.75,0.5,238.82862
36.75,0.5,238.77862
36.75,0.5,238.72861
36.75,0.5,238.67861
36.75,0.5,238.62861
36.75,0.5,238.57862
36.75,0.5,238.52862
36.75,0.5,238.47861
36.75,0.5,238.42861
36.75,0.5,238.37861
36.75,0.5,238.32862
36.75,0.5,238.27862
36.75,0.5,238.22861
37.25,0.5,240.00089
37.25,0.5,239.95089
37.25,0.5,239.9009
37.25,0.5,239.8509
37.25,0.5,239.8009
37.25,0.5,239.75089
37.25,0.5,239.70089
37.25,0.5,239.6509
37.25,0.5,239.6009
37.25,0.5,239.5509
37.25,0.5,239.50089
37.25,0.5,239.45089
37.25,0.5,239.4009
37.25,0.5,239.3509
37.25,0.5,239.3009
37.25,0.5,239.25089
37.25,0.5,239.20089
37.25,0.5,239.1509
37.25,0.5,239.1009
37.25,0.5,239.0509
37.25,0.5,239.00089
37.25,0.5,238.95089
37.25,0.5,238.9009
37.25,0.5,238.8509
37.25,0.5,238.8009
37.25,0.5,238.75089
37.25,0.5,238.70089
37.25,0.5,238.6509
37.25,0.5,238.6009
37.25,0.5,238.5509
37.25,0.5,238.50089
37.25,0.5,238.45089
37.25,0.5,238.4009
37.25,0.5,238.3509
37.25,0.5,238.3009
37.25,0.5,238.25089
37.75,0.5,240.02317
37.75,0.5,239.97318
37.75,0.5,239.92318
37.75,0.5,239.87318
37.75,0.5,239.82317
37.75,0.5,239.77317
37.75,0.5,239.72318
37.75,0.5,239.67318
37.75,0.5,239.62318
37.75,0.5,239.57317
37.75,0.5,239.52317
37.75,0.5,239.47318
37.75,0.5,239.42318
37.75,0.5,239.37318
37.75,0.5,239.32317
37.75,0.5,239.27317
37.75,0.5,239.22318
37.75,0.5,239.17318
37.75,0.5,239.12318
37.75,0.5,239.07317
37.75,0.5,239.02317
37.75,0.5,238.97318
37.75,0.5,238.92318
37.75,0.5,238.87318
37.75,0.5,238.82317
37.75,0.5,238.77317
37.75,0.5,238.72318
37.75,0.5,238.67318
37.75,0.5,238.62318
37.75,0.5,238.57317
37.75,0.5,238.52317
37.75,0.5,238.47318
37.75,0.5,238.42318
37.75,0.5,238.37318
37.75,0.5,238.32317
37.75,0.5,238.27317
38.25,0.5,240.04546
38.25,0.5,239.99546
38.25,0.5,239.94546
38.25,0.5,239.89545
38.25,0.5,239.84546
38.25,0.5,239.79546
38.25,0.5,239.74546
38.25,0.5,239.69546
38.25,0.5,239.64545
38.25,0.5,239.59546
38.25,0.5,239.54546
38.25,0.5,239.49546
38.25,0.5,239.44546
38.25,0.5,239.39545
38.25,0.5,239.34546
38.25,0.5,239.29546
38.25,0.5,239.24546
38.25,0.5,239.19546
38.25,0.5,239.14545
38.25,0.5,239.09546
38.25,0.5,239.04546
38.25,0.5,238.99546
38.25,0.5,238.94546
38.25,0.5,238.89545
38.25,0.5,238.84546
38.25,0.5,238.79546
38.25,0.5,238.74546
38.25,0.5,238.69546
38.25,0.5,238.64545
38.25,0.5,238.59546
38.25,0.5,238.54546
38.25,0.5,238.49546
38.25,0.5,238.44546
38.25,0.5,238.39545
38.25,0.5,238.34546
38.25,0.5,238.29546
35.75,0.5,238.13622
35.75,0.5,238.08621
35.75,0.5,238.03621
35.75,0.5,237.98622
35.75,0.5,237.81122
35.75,0.5,237.26122
35.75,0.5,236.21121
35.75,0.5,234.66121
35.75,0.5,232.61122
35.75,0.5,230.06122
35.75,0.5,227.01122
35.75,0.5,223.46121
36.25,0.5,238.15633
36.25,0.5,238.10633
36.25,0.5,238.05633
36.25,0.5,238.00634
36.25,0.5,237.83134
36.25,0.5,237.28133
36.25,0.5,236.23133
36.25,0.5,234.68133
36.25,0.5,232.63134
36.25,0.5,230.08134
36.25,0.5,227.03133
36.25,0.5,223.48133
36.75,0.5,238.17861
36.75,0.5,238.12861
36.75,0.5,238.07862
36.75,0.5,238.02862
36.75,0.5,237.85361
36.75,0.5,237.30361
36.75,0.5,236.25361
36.75,0.5,234.70362
36.75,0.5,232.65362
36.75,0.5,230.10361
36.75,0.5,227.05361
36.75,0.5,223.50361
37.25,0.5,238.20089
37.25,0.5,238.1509
37.25,0.5,238.1009
37.25,0.5,238.0509
37.25,0.5,237.87589
37.25,0.5,237.32589
37.25,0.5,236.2759
37.25,0.5,234.7259
37.25,0.5,232.6759
37.25,0.5,230.12589
37.25,0.5,227.07589
37.25,0.5,223.5259
37.75,0.5,238.22318
37.75,0.5,238.17318
37.75,0.5,238.12318
37.75,0.5,238.07317
37.75,0.5,237.89817
37.75,0.5,237.34818
37.75,0.5,236.29818
37.75,0.5,234.74818
37.75,0.5,232.69817
37.75,0.5,230.14817
37.75,0.5,227.09818
37.75,0.5,223.54818
38.25,0.5,238.24546
38.25,0.5,238.19546
38.25,0.5,238.14545
38.25,0.5,238.09546
38.25,0.5,237.92046
38.25,0.5,237.37046
38.25,0.5,236.32046
38.25,0.5,234.77045
38.25,0.5,232.72046
38.25,0.5,230.17046
38.25,0.5,227.12046
38.25,0.5,223.57046
38.75,0.5,240.06774
38.75,0.5,240.01774
38.75,0.5,239.96774
38.75,0.5,239.91774
38.75,0.5,239.86774
38.75,0.5,239.81774
38.75,0.5,239.76774
38.75,0.5,239.71774
38.75,0.5,239.66774
38.75,0.5,239.61774
38.75,0.5,239.56774
38.75,0.5,239.51774
38.75,0.5,239.46774
38.75,0.5,239.41774
38.75,0.5,239.36774
38.75,0.5,239.31774
38.75,0.5,239.26774
38.75,0.5,239.21774
38.75,0.5,239.16774
38.75,0.5,239.11774
38.75,0.5,239.06774
38.75,0.5,239.01774
38.75,0.5,238.96774
38.75,0.5,238.91774
38.75,0.5,238.86774
38.75,0.5,238.81774
38.75,0.5,238.76774
38.75,0.5,238.71774
38.75,0.5,238.66774
38.75,0.5,238.61774
38.75,0.5,238.56774
38.75,0.5,238.51774
38.75,0.5,238.46774
38.75,0.5,238.41774
38.75,0.5,238.36774
38.75,0.5,238.31774
39.25,0.5,240.09002
39.25,0.5,240.04002
39.25,0.5,239.99002
39.25,0.5,239.94002
39.25,0.5,239.89002
39.25,0.5,239.84002
39.25,0.5,239.79002
39.25,0.5,239.74002
39.25,0.5,239.69002
39.25,0.5,239.64002
39.25,0.5,239.59002
39.25,0.5,239.54002
39.25,0.5,239.49002
39.25,0.5,239.44002
39.25,0.5,239.39002
39.25,0.5,239.34002
39.25,0.5,239.29002
39.25,0.5,239.24002
39.25,0.5,239.19002
39.25,0.5,239.14002
39.25,0.5,239.09002
39.25,0.5,239.04002
39.25,0.5,238.99002
39.25,0.5,238.94002
39.25,0.5,238.89002
39.25,0.5,238.84002
39.25,0.5,238.79002
39.25,0.5,238.74002
39.25,0.5,238.69002
39.25,0.5,238.64002
39.25,0.5,238.59002
39.25,0.5,238.54002
39.25,0.5,238.49002
39.25,0.5,238.44002
39.25,0.5,238.39002
39.25,0.5,238.34002
39.75,0.5,240.111
39.75,0.5,240.061
39.75,0.5,240.011
39.75,0.5,239.961
39.75,0.5,239.911
39.75,0.5,239.861
39.75,0.5,239.811
39.75,0.5,239.761
39.75,0.5,239.711
39.75,0.5,239.661
39.75,0.5,239.611
39.75,0.5,239.561
39.75,0.5,239.511
39.75,0.5,239.461
39.75,0.5,239.411
39.75,0.5,239.361
39.75,0.5,239.311
39.75,0.5,239.261
39.75,0.5,239.211
39.75,0.5,239.161
39.75,0.5,239.111
39.75,0.5,239.061
39.75,0.5,239.011
39.75,0.5,238.961
39.75,0.5,238.911
39.75,0.5,238.861
39.75,0.5,238.811
39.75,0.5,238.761
39.75,0.5,238.711
39.75,0.5,238.661
39.75,0.5,238.611
39.75,0.5,238.561
39.75,0.5,238.511
39.75,0.5,238.461
39.75,0.5,238.411
39.75,0.5,238.361
40.25,0.5,240.12666
40.25,0.5,240.07666
40.25,0.5,240.02666
40.25,0.5,239.97666
40.25,0.5,239.92666
40.25,0.5,239.87666
40.25,0.5,239.82666
40.25,0.5,239.77666
40.25,0.5,239.72666
40.25,0.5,239.67666
40.25,0.5,239.62666
40.25,0.5,239.57666
40.25,0.5,239.52666
40.25,0.5,239.47666
40.25,0.5,239.42666
40.25,0.5,239.37666
40.25,0.5,239.32666
40.25,0.5,239.27666
40.25,0.5,239.22666
40.25,0.5,239.17666
40.25,0.5,239.12666
40.25,0.5,239.07666
40.25,0.5,239.02666
40.25,0.5,238.97666
40.25,0.5,238.92666
40.25,0.5,238.87666
40.25,0.5,238.82666
40.25,0.5,238.77666
40.25,0.5,238.72666
40.25,0.5,238.67666
40.25,0.5,238.62666
40.25,0.5,238.57666
40.25,0.5,238.52666
40.25,0.5,238.47666
40.25,0.5,238.42666
40.25,0.5,238.37666
40.75,0.5,240.13829
40.75,0.5,240.08829
40.75,0.5,240.03829
40.75,0.5,239.98829
40.75,0.5,239.93829
40.75,0.5,239.88829
40.75,0.5,239.83829
40.75,0.5,239.78829
40.75,0.5,239.73829
40.75,0.5,239.68829
40.75,0.5,239.63829
40.75,0.5,239.58829
40.75,0.5,239.53829
40.75,0.5,239.48829
40.75,0.5,239.43829
40.75,0.5,239.38829
40.75,0.5,239.33829
40.75,0.5,239.28829
40.75,0.5,239.23829
40.75,0.5,239.18829
40.75,0.5,239.13829
40.75,0.5,239.08829
40.75,0.5,239.03829
40.75,0.5,238.98829
40.75,0.5,238.93829
40.75,0.5,238.88829
40.75,0.5,238.83829
40.75,0.5,238.78829
40.75,0.5,238.73829
40.75,0.5,238.68829
40.75,0.5,238.63829
40.75,0.5,238.58829
40.75,0.5,238.53829
40.75,0.5,238.48829
40.75,0.5,238.43829
40.75,0.5,238.38829
41.25,0.5,240.14993
41.25,0.5,240.09993
41.25,0.5,240.04993
41.25,0.5,239.99993
41.25,0.5,239.94993
41.25,0.5,239.89993
41.25,0.5,239.84993
41.25,0.5,239.79993
41.25,0.5,239.74993
41.25,0.5,239.69993
41.25,0.5,239.64993
41.25,0.5,239.59993
41.25,0.5,239.54993
41.25,0.5,239.49993
41.25,0.5,239.44993
41.25,0.5,239.39993
41.25,0.5,239.34993
41.25,0.5,239.29993
41.25,0.5,239.24993
41.25,0.5,239.19993
41.25,0.5,239.14993
41.25,0.5,239.09993
41.25,0.5,239.04993
41.25,0.5,238.99993
41.25,0.5,238.94993
41.25,0.5,238.89993
41.25,0.5,238.84993
41.25,0.5,238.79993
41.25,0.5,238.74993
41.25,0.5,238.69993
41.25,0.5,238.64993
41.25,0.5,238.59993
41.25,0.5,238.54993
41.25,0.5,238.49993
41.25,0.5,238.44993
41.25,0.5,238.39993
38.75,0.5,238.26774
38.75,0.5,238.21774
38.75,0.5,238.16774
38.75,0.5,238.11774
38.75,0.5,237.94274
38.75,0.5,237.39274
38.75,0.5,236.34274
38.75,0.5,234.79274
38.75,0.5,232.74274
38.75,0.5,230.19274
38.75,0.5,227.14274
38.75,0.5,223.59274
39.25,0.5,238.29002
39.25,0.5,238.24002
39.25,0.5,238.19002
39.25,0.5,238.14002
39.25,0.5,237.96502
39.25,0.5,237.41502
39.25,0.5,236.36502
39.25,0.5,234.81502
39.25,0.5,232.76502
39.25,0.5,230.21502
39.25,0.5,227.16502
39.25,0.5,223.61502
39.75,0.5,238.311
39.75,0.5,238.261
39.75,0.5,238.211
39.75,0.5,238.161
39.75,0.5,237.986
39.75,0.5,237.436
39.75,0.5,236.386
39.75,0.5,234.836
39.75,0.5,232.786
39.75,0.5,230.236
39.75,0.5,227.186
39.75,0.5,223.636
40.25,0.5,238.32666
40.25,0.5,238.27666
40.25,0.5,238.22666
40.25,0.5,238.17666
40.25,0.5,238.00166
40.25,0.5,237.45166
40.25,0.5,236.40166
40.25,0.5,234.85166
40.25,0.5,232.80166
40.25,0.5,230.25166
40.25,0.5,227.20166
40.25,0.5,223.65166
40.75,0.5,238.33829
40.75,0.5,238.28829
40.75,0.5,238.23829
40.75,0.5,238.18829
40.75,0.5,238.01329
40.75,0.5,237.46329
40.75,0.5,236.41329
40.75,0.5,234.86329
40.75,0.5,232.81329
40.75,0.5,230.26329
40.75,0.5,227.21329
40.75,0.5,223.66329
41.25,0.5,238.34993
41.25,0.5,238.29993
41.25,0.5,238.24993
41.25,0.5,238.19993
41.25,0.5,238.02493
41.25,0.5,237.47493
41.25,0.5,236.42493
41.25,0.5,234.87493
41.25,0.5,232.82493
41.25,0.5,230.27493
41.25,0.5,227.22493
41.25,0.5,223.67493
41.75,0.5,240.16156
41.75,0.5,240.11156
41.75,0.5,240.06156
41.75,0.5,240.01156
41.75,0.5,239.96156
41.75,0.5,239.91156
41.75,0.5,239.86156
41.75,0.5,239.81156
41.75,0.5,239.76156
41.75,0.5,239.71156
41.75,0.5,239.66156
41.75,0.5,239.61156
41.75,0.5,239.56156
41.75,0.5,239.51156
41.75,0.5,239.46156
41.75,0.5,239.41156
41.75,0.5,239.36156
41.75,0.5,239.31156
41.75,0.5,239.26156
41.75,0.5,239.21156
41.75,0.5,239.16156
41.75,0.5,239.11156
41.75,0.5,239.06156
41.75,0.5,239.01156
41.75,0.5,238.96156
41.75,0.5,238.91156
41.75,0.5,238.86156
41.75,0.5,238.81156
41.75,0.5,238.76156
41.75,0.5,238.71156
41.75,0.5,238.66156
41.75,0.5,238.61156
41.75,0.5,238.56156
41.75,0.5,238.51156
41.75,0.5,238.46156
41.75,0.5,238.41156
42.25,0.5,240.1732
42.25,0.5,240.1232
42.25,0.5,240.0732
42.25,0.5,240.0232
42.25,0.5,239.9732
42.25,0.5,239.9232
42.25,0.5,239.8732
42.25,0.5,239.8232
42.25,0.5,239.7732
42.25,0.5,239.7232
42.25,0.5,239.6732
42.25,0.5,239.6232
42.25,0.5,239.5732
42.25,0.5,239.5232
42.25,0.5,239.4732
42.25,0.5,239.4232
42.25,0.5,239.3732
42.25,0.5,239.3232
42.25,0.5,239.2732
42.25,0.5,239.2232
42.25,0.5,239.1732
42.25,0.5,239.1232
42.25,0.5,239.0732
42.25,0.5,239.0232
42.25,0.5,238.9732
42.25,0.5,238.9232
42.25,0.5,238.8732
42.25,0.5,238.8232
42.25,0.5,238.7732
42.25,0.5,238.7232
42.25,0.5,238.6732
42.25,0.5,238.6232
42.25,0.5,238.5732
42.25,0.5,238.5232
42.25,0.5,238.4732
42.25,0.5,238.4232
42.75,0.5,240.18483
42.75,0.5,240.13483
42.75,0.5,240.08484
42.75,0.5,240.03484
42.75,0.5,239.98483
42.75,0.5,239.93483
42.75,0.5,239.88483
42.75,0.5,239.83484
42.75,0.5,239.78484
42.75,0.5,239.73483
42.75,0.5,239.68483
42.75,0.5,239.63483
42.75,0.5,239.58484
42.75,0.5,239.53484
42.75,0.5,239.48483
42.75,0.5,239.43483
42.75,0.5,239.38483
42.75,0.5,239.33484
42.75,0.5,239.28484
42.75,0.5,239.23483
42.75,0.5,239.18483
42.75,0.5,239.13483
42.75,0.5,239.08484
42.75,0.5,239.03484
42.75,0.5,238.98483
42.75,0.5,238.93483
42.75,0.5,238.88483
42.75,0.5,238.83484
42.75,0.5,238.78484
42.75,0.5,238.73483
42.75,0.5,238.68483
42.75,0.5,238.63483
42.75,0.5,238.58484
42.75,0.5,238.53484
42.75,0.5,238.48483
42.75,0.5,238.43483
43.25,0.5,240.19647
43.25,0.5,240.14647
43.25,0.5,240.09647
43.25,0.5,240.04647
43.25,0.5,239.99647
43.25,0.5,239.94647
43.25,0.5,239.89647
43.25,0.5,239.84647
43.25,0.5,239.79647
43.25,0.5,239.74647
43.25,0.5,239.69647
43.25,0.5,239.64647
43.25,0.5,239.59647
43.25,0.5,239.54647
43.25,0.5,239.49647
43.25,0.5,239.44647
43.25,0.5,239.39647
43.25,0.5,239.34647
43.25,0.5,239.29647
43.25,0.5,239.24647
43.25,0.5,239.19647
43.25,0.5,239.14647
43.25,0.5,239.09647
43.25,0.5,239.04647
43.25,0.5,238.99647
43.25,0.5,238.94647
43.25,0.5,238.89647
43.25,0.5,238.84647
43.25,0.5,238.79647
43.25,0.5,238.74647
43.25,0.5,238.69647
43.25,0.5,238.64647
43.25,0.5,238.59647
43.25,0.5,238.54647
43.25,0.5,238.49647
43.25,0.5,238.44647
43.75,0.5,240.20808
43.75,0.5,240.15809
43.75,0.5,240.10809
43.75,0.5,240.05808
43.75,0.5,240.00808
43.75,0.5,239.95808
43.75,0.5,239.90809
43.75,0.5,239.85809
43.75,0.5,239.80808
43.75,0.5,239.75808
43.75,0.5,239.70808
43.75,0.5,239.65809
43.75,0.5,239.60809
43.75,0.5,239.55808
43.75,0.5,239.50808
43.75,0.5,239.45808
43.75,0.5,239.40809
43.75,0.5,239.35809
43.75,0.5,239.30808
43.75,0.5,239.25808
43.75,0.5,239.20808
43.75,0.5,239.15809
43.75,0.5,239.10809
43.75,0.5,239.05808
43.75,0.5,239.00808
43.75,0.5,238.95808
43.75,0.5,238.90809
43.75,0.5,238.85809
43.75,0.5,238.80808
43.75,0.5,238.75808
43.75,0.5,238.70808
43.75,0.5,238.65809
43.75,0.5,238.60809
43.75,0.5,238.55808
43.75,0.5,238.50808
43.75,0.5,238.45808
44.25,0.5,240.21962
44.25,0.5,240.16962
44.25,0.5,240.11963
44.25,0.5,240.06963
44.25,0.5,240.01962
44.25,0.5,239.96962
44.25,0.5,239.91962
44.25,0.5,239.86963
44.25,0.5,239.81963
44.25,0.5,239.76962
44.25,0.5,239.71962
44.25,0.5,239.66962
44.25,0.5,239.61963
44.25,0.5,239.56963
44.25,0.5,239.51962
44.25,0.5,239.46962
44.25,0.5,239.41962
44.25,0.5,239.36963
44.25,0.5,239.31963
44.25,0.5,239.26962
44.25,0.5,239.21962
44.25,0.5,239.16962
44.25,0.5,239.11963
44.25,0.5,239.06963
44.25,0.5,239.01962
44.25,0.5,238.96962
44.25,0.5,238.91962
44.25,0.5,238.86963
44.25,0.5,238.81963
44.25,0.5,238.76962
44.25,0.5,238.71962
44.25,0.5,238.66962
44.25,0.5,238.61963
44.25,0.5,238.56963
44.25,0.5,238.51962
44.25,0.5,238.46962
41.75,0.5,238.36156
41.75,0.5,238.31156
41.75,0.5,238.26156
41.75,0.5,238.21156
41.75,0.5,238.03656
41.75,0.5,237.48656
41.75,0.5,236.43656
41.75,0.5,234.88656
41.75,0.5,232.83656
41.75,0.5,230.28656
41.75,0.5,227.23656
41.75,0.5,223.68656
42.25,0.5,238.3732
42.25,0.5,238.3232
42.25,0.5,238.2732
42.25,0.5,238.2232
42.25,0.5,238.0482
42.25,0.5,237.4982
42.25,0.5,236.4482
42.25,0.5,234.8982
42.25,0.5,232.8482
42.25,0.5,230.2982
42.25,0.5,227.2482
42.25,0.5,223.6982
42.75,0.5,238.38483
42.75,0.5,238.33484
42.75,0.5,238.28484
42.75,0.5,238.23483
42.75,0.5,238.05983
42.75,0.5,237.50983
42.75,0.5,236.45984
42.75,0.5,234.90984
42.75,0.5,232.85983
42.75,0.5,230.30983
42.75,0.5,227.25983
42.75,0.5,223.70984
43.25,0.5,238.39647
43.25,0.5,238.34647
43.25,0.5,238.29647
43.25,0.5,238.24647
43.25,0.5,238.07147
43.25,0.5,237.52147
43.25,0.5,236.47147
43.25,0.5,234.92147
43.25,0.5,232.87147
43.25,0.5,230.32147
43.25,0.5,227.27147
43.25,0.5,223.72147
43.75,0.5,238.40809
43.75,0.5,238.35809
43.75,0.5,238.30808
43.75,0.5,238.25808
43.75,0.5,238.08308
43.75,0.5,237.53309
43.75,0.5,236.48309
43.75,0.5,234.93308
43.75,0.5,232.88308
43.75,0.5,230.33308
43.75,0.5,227.28309
43.75,0.5,223.73309
44.25,0.5,238.41962
44.25,0.5,238.36963
44.25,0.5,238.31963
44.25,0.5,238.26962
44.25,0.5,238.09462
44.25,0.5,237.54462
44.25,0.5,236.49463
44.25,0.5,234.94463
44.25,0.5,232.89462
44.25,0.5,230.34462
44.25,0.5,227.29462
44.25,0.5,223.74463
44.75,0.5,240.23111
44.75,0.5,240.18111
44.75,0.5,240.13111
44.75,0.5,240.08111
44.75,0.5,240.03111
44.75,0.5,239.98111
44.75,0.5,239.93111
44.75,0.5,239.88111
44.75,0.5,239.83111
44.75,0.5,239.78111
44.75,0.5,239.73111
44.75,0.5,239.68111
44.75,0.5,239.63111
44.75,0.5,239.58111
44.75,0.5,239.53111
44.75,0.5,239.48111
44.75,0.5,239.43111
44.75,0.5,239.38111
44.75,0.5,239.33111
44.75,0.5,239.28111
44.75,0.5,239.23111
44.75,0.5,239.18111
44.75,0.5,239.13111
44.75,0.5,239.08111
44.75,0.5,239.03111
44.75,0.5,238.98111
44.75,0.5,238.93111
44.75,0.5,238.88111
44.75,0.5,238.83111
44.75,0.5,238.78111
44.75,0.5,238.73111
44.75,0.5,238.68111
44.75,0.5,238.63111
44.75,0.5,238.58111
44.75,0.5,238.53111
44.75,0.5,238.48111
45.25,0.5,240.2426
45.25,0.5,240.1926
45.25,0.5,240.14259
45.25,0.5,240.09259
45.25,0.5,240.04259
45.25,0.5,239.9926
45.25,0.5,239.9426
45.25,0.5,239.89259
45.25,0.5,239.84259
45.25,0.5,239.79259
45.25,0.5,239.7426
45.25,0.5,239.6926
45.25,0.5,239.64259
45.25,0.5,239.59259
45.25,0.5,239.54259
45.25,0.5,239.4926
45.25,0.5,239.4426
45.25,0.5,239.39259
45.25,0.5,239.34259
45.25,0.5,239.29259
45.25,0.5,239.2426
45.25,0.5,239.1926
45.25,0.5,239.14259
45.25,0.5,239.09259
45.25,0.5,239.04259
45.25,0.5,238.9926
45.25,0.5,238.9426
45.25,0.5,238.89259
45.25,0.5,238.84259
45.25,0.5,238.79259
45.25,0.5,238.7426
45.25,0.5,238.6926
45.25,0.5,238.64259
45.25,0.5,238.59259
45.25,0.5,238.54259
45.25,0.5,238.4926
45.75,0.5,240.25408
45.75,0.5,240.20408
45.75,0.5,240.15408
45.75,0.5,240.10408
45.75,0.5,240.05408
45.75,0.5,240.00408
45.75,0.5,239.95408
45.75,0.5,239.90408
45.75,0.5,239.85408
45.75,0.5,239.80408
45.75,0.5,239.75408
45.75,0.5,239.70408
45.75,0.5,239.65408
45.75,0.5,239.60408
45.75,0.5,239.55408
45.75,0.5,239.50408
45.75,0.5,239.45408
45.75,0.5,239.40408
45.75,0.5,239.35408
45.75,0.5,239.30408
45.75,0.5,239.25408
45.75,0.5,239.20408
45.75,0.5,239.15408
45.75,0.5,239.10408
45.75,0.5,239.05408
45.75,0.5,239.00408
45.75,0.5,238.95408
45.75,0.5,238.90408
45.75,0.5,238.85408
45.75,0.5,238.80408
45.75,0.5,238.75408
45.75,0.5,238.70408
45.75,0.5,238.65408
45.75,0.5,238.60408
45.75,0.5,238.55408
45.75,0.5,238.50408
46.25,0.5,240.26556
46.25,0.5,240.21556
46.25,0.5,240.16557
46.25,0.5,240.11557
46.25,0.5,240.06557
46.25,0.5,240.01556
46.25,0.5,239.96556
46.25,0.5,239.91557
46.25,0.5,239.86557
46.25,0.5,239.81557
46.25,0.5,239.76556
46.25,0.5,239.71556
46.25,0.5,239.66557
46.25,0.5,239.61557
46.25,0.5,239.56557
46.25,0.5,239.51556
46.25,0.5,239.46556
46.25,0.5,239.41557
46.25,0.5,239.36557
46.25,0.5,239.31557
46.25,0.5,239.26556
46.25,0.5,239.21556
46.25,0.5,239.16557
46.25,0.5,239.11557
46.25,0.5,239.06557
46.25,0.5,239.01556
46.25,0.5,238.96556
46.25,0.5,238.91557
46.25,0.5,238.86557
46.25,0.5,238.81557
46.25,0.5,238.76556
46.25,0.5,238.71556
46.25,0.5,238.66557
46.25,0.5,238.61557
46.25,0.5,238.56557
46.25,0.5,238.51556
46.75,0.5,240.27705
46.75,0.5,240.22705
46.75,0.5,240.17705
46.75,0.5,240.12705
46.75,0.5,240.07705
46.75,0.5,240.02705
46.75,0.5,239.97705
46.75,0.5,239.92705
46.75,0.5,239.87705
46.75,0.5,239.82705
46.75,0.5,239.77705
46.75,0.5,239.72705
46.75,0.5,239.67705
46.75,0.5,239.62705
46.75,0.5,239.57705
46.75,0.5,239.52705
46.75,0.5,239.47705
46.75,0.5,239.42705
46.75,0.5,239.37705
46.75,0.5,239.32705
46.75,0.5,239.27705
46.75,0.5,239.22705
46.75,0.5,239.17705
46.75,0.5,239.12705
46.75,0.5,239.07705
46.75,0.5,239.02705
46.75,0.5,238.97705
46.75,0.5,238.92705
46.75,0.5,238.87705
46.75,0.5,238.82705
46.75,0.5,238.77705
46.75,0.5,238.72705
46.75,0.5,238.67705
46.75,0.5,238.62705
46.75,0.5,238.57705
46.75,0.5,238.52705
47.25,0.5,240.28854
47.25,0.5,240.23854
47.25,0.5,240.18854
47.25,0.5,240.13853
47.25,0.5,240.08854
47.25,0.5,240.03854
47.25,0.5,239.98854
47.25,0.5,239.93854
47.25,0.5,239.88853
47.25,0.5,239.83854
47.25,0.5,239.78854
47.25,0.5,239.73854
47.25,0.5,239.68854
47.25,0.5,239.63853
47.25,0.5,239.58854
47.25,0.5,239.53854
47.25,0.5,239.48854
47.25,0.5,239.43854
47.25,0.5,239.38853
47.25,0.5,239.33854
47.25,0.5,239.28854
47.25,0.5,239.23854
47.25,0.5,239.18854
47.25,0.5,239.13853
47.25,0.5,239.08854
47.25,0.5,239.03854
47.25,0.5,238.98854
47.25,0.5,238.93854
47.25,0.5,238.88853
47.25,0.5,238.83854
47.25,0.5,238.78854
47.25,0.5,238.73854
47.25,0.5,238.68854
47.25,0.5,238.63853
47.25,0.5,238.58854
47.25,0.5,238.53854
44.75,0.5,238.43111
44.75,0.5,238.38111
44.75,0.5,238.33111
44.75,0.5,238.28111
44.75,0.5,238.10611
44.75,0.5,237.55611
44.75,0.5,236.50611
44.75,0.5,234.95611
44.75,0.5,232.90611
44.75,0.5,230.35611
44.75,0.5,227.30611
44.75,0.5,223.75611
45.25,0.5,238.4426
45.25,0.5,238.39259
45.25,0.5,238.34259
45.25,0.5,238.29259
45.25,0.5,238.1176
45.25,0.5,237.5676
45.25,0.5,236.51759
45.25,0.5,234.96759
45.25,0.5,232.91759
45.25,0.5,230.3676
45.25,0.5,227.3176
45.25,0.5,223.76759
45.75,0.5,238.45408
45.75,0.5,238.40408
45.75,0.5,238.35408
45.75,0.5,238.30408
45.75,0.5,238.12908
45.75,0.5,237.57908
45.75,0.5,236.52908
45.75,0.5,234.97908
45.75,0.5,232.92908
45.75,0.5,230.37908
45.75,0.5,227.32908
45.75,0.5,223.77908
46.25,0.5,238.46556
46.25,0.5,238.41557
46.25,0.5,238.36557
46.25,0.5,238.31557
46.25,0.5,238.14056
46.25,0.5,237.59056
46.25,0.5,236.54057
46.25,0.5,234.99057
46.25,0.5,232.94057
46.25,0.5,230.39056
46.25,0.5,227.34056
46.25,0.5,223.79057
46.75,0.5,238.47705
46.75,0.5,238.42705
46.75,0.5,238.37705
46.75,0.5,238.32705
46.75,0.5,238.15205
46.75,0.5,237.60205
46.75,0.5,236.55205
46.75,0.5,235.00205
46.75,0.5,232.95205
46.75,0.5,230.40205
46.75,0.5,227.35205
46.75,0.5,223.80205
47.25,0.5,238.48854
47.25,0.5,238.43854
47.25,0.5,238.38853
47.25,0.5,238.33854
47.25,0.5,238.16354
47.25,0.5,237.61354
47.25,0.5,236.56354
47.25,0.5,235.01353
47.25,0.5,232.96354
47.25,0.5,230.41354
47.25,0.5,227.36354
47.25,0.5,223.81354
47.75,0.5,240.30112
47.75,0.5,240.25112
47.75,0.5,240.20112
47.75,0.5,240.15112
47.75,0.5,240.10112
47.75,0.5,240.05112
47.75,0.5,240.00112
47.75,0.5,239.95112
47.75,0.5,239.90112
47.75,0.5,239.85112
47.75,0.5,239.80112
47.75,0.5,239.75112
47.75,0.5,239.70112
47.75,0.5,239.65112
47.75,0.5,239.60112
47.75,0.5,239.55112
47.75,0.5,239.50112
47.75,0.5,239.45112
47.75,0.5,239.40112
47.75,0.5,239.35112
47.75,0.5,239.30112
47.75,0.5,239.25112
47.75,0.5,239.20112
47.75,0.5,239.15112
47.75,0.5,239.10112
47.75,0.5,239.05112
47.75,0.5,239.00112
47.75,0.5,238.95112
47.75,0.5,238.90112
47.75,0.5,238.85112
47.75,0.5,238.80112
47.75,0.5,238.75112
47.75,0.5,238.70112
47.75,0.5,238.65112
47.75,0.5,238.60112
47.75,0.5,238.55112
48.25,0.5,240.31744
48.25,0.5,240.26744
48.25,0.5,240.21744
48.25,0.5,240.16744
48.25,0.5,240.11744
48.25,0.5,240.06744
48.25,0.5,240.01744
48.25,0.5,239.96744
48.25,0.5,239.91744
48.25,0.5,239.86744
48.25,0.5,239.81744
48.25,0.5,239.76744
48.25,0.5,239.71744
48.25,0.5,239.66744
48.25,0.5,239.61744
48.25,0.5,239.56744
48.25,0.5,239.51744
48.25,0.5,239.46744
48.25,0.5,239.41744
48.25,0.5,239.36744
48.25,0.5,239.31744
48.25,0.5,239.26744
48.25,0.5,239.21744
48.25,0.5,239.16744
48.25,0.5,239.11744
48.25,0.5,239.06744
48.25,0.5,239.01744
48.25,0.5,238.96744
48.25,0.5,238.91744
48.25,0.5,238.86744
48.25,0.5,238.81744
48.25,0.5,238.76744
48.25,0.5,238.71744
48.25,0.5,238.66744
48.25,0.5,238.61744
48.25,0.5,238.56744
48.75,0.5,240.33641
48.75,0.5,240.28641
48.75,0.5,240.23641
48.75,0.5,240.18641
48.75,0.5,240.13641
48.75,0.5,240.08641
48.75,0.5,240.03641
48.75,0.5,239.98641
48.75,0.5,239.93641
48.75,0.5,239.88641
48.75,0.5,239.83641
48.75,0.5,239.78641
48.75,0.5,239.73641
48.75,0.5,239.68641
48.75,0.5,239.63641
48.75,0.5,239.58641
48.75,0.5,239.53641
48.75,0.5,239.48641
48.75,0.5,239.43641
48.75,0.5,239.38641
48.75,0.5,239.33641
48.75,0.5,239.28641
48.75,0.5,239.23641
48.75,0.5,239.18641
48.75,0.5,239.13641
48.75,0.5,239.08641
48.75,0.5,239.03641
48.75,0.5,238.98641
48.75,0.5,238.93641
48.75,0.5,238.88641
48.75,0.5,238.83641
48.75,0.5,238.78641
48.75,0.5,238.73641
48.75,0.5,238.68641
48.75,0.5,238.63641
48.75,0.5,238.58641
49.25,0.5,240.35538
49.25,0.5,240.30538
49.25,0.5,240.25538
49.25,0.5,240.20538
49.25,0.5,240.15538
49.25,0.5,240.10538
49.25,0.5,240.05538
49.25,0.5,240.00538
49.25,0.5,239.95538
49.25,0.5,239.90538
49.25,0.5,239.85538
49.25,0.5,239.80538
49.25,0.5,239.75538
49.25,0.5,239.70538
49.25,0.5,239.65538
49.25,0.5,239.60538
49.25,0.5,239.55538
49.25,0.5,239.50538
49.25,0.5,239.45538
49.25,0.5,239.40538
49.25,0.5,239.35538
49.25,0.5,239.30538
49.25,0.5,239.25538
49.25,0.5,239.20538
49.25,0.5,239.15538
49.25,0.5,239.10538
49.25,0.5,239.05538
49.25,0.5,239.00538
49.25,0.5,238.95538
49.25,0.5,238.90538
49.25,0.5,238.85538
49.25,0.5,238.80538
49.25,0.5,238.75538
49.25,0.5,238.70538
49.25,0.5,238.65538
49.25,0.5,238.60538
49.75,0.5,240.37435
49.75,0.5,240.32435
49.75,0.5,240.27435
49.75,0.5,240.22435
49.75,0.5,240.17435
49.75,0.5,240.12435
49.75,0.5,240.07435
49.75,0.5,240.02435
49.75,0.5,239.97435
49.75,0.5,239.92435
49.75,0.5,239.87435
49.75,0.5,239.82435
49.75,0.5,239.77435
49.75,0.5,239.72435
49.75,0.5,239.67435
49.75,0.5,239.62435
49.75,0.5,239.57435
49.75,0.5,239.52435
49.75,0.5,239.47435
49.75,0.5,239.42435
49.75,0.5,239.37435
49.75,0.5,239.32435
49.75,0.5,239.27435
49.75,0.5,239.22435
49.75,0.5,239.17435
49.75,0.5,239.12435
49.75,0.5,239.07435
49.75,0.5,239.02435
49.75,0.5,238.97435
49.75,0.5,238.92435
49.75,0.5,238.87435
49.75,0.5,238.82435
49.75,0.5,238.77435
49.75,0.5,238.72435
49.75,0.5,238.67435
49.75,0.5,238.62435
50.25,0.5,240.39332
50.25,0.5,240.34332
50.25,0.5,240.29332
50.25,0.5,240.24332
50.25,0.5,240.19332
50.25,0.5,240.14332
50.25,0.5,240.09332
50.25,0.5,240.04332
50.25,0.5,239.99332
50.25,0.5,239.94332
50.25,0.5,239.89332
50.25,0.5,239.84332
50.25,0.5,239.79332
50.25,0.5,239.74332
50.25,0.5,239.69332
50.25,0.5,239.64332
50.25,0.5,239.59332
50.25,0.5,239.54332
50.25,0.5,239.49332
50.25,0.5,239.44332
50.25,0.5,239.39332
50.25,0.5,239.34332
50.25,0.5,239.29332
50.25,0.5,239.24332
50.25,0.5,239.19332
50.25,0.5,239.14332
50.25,0.5,239.09332
50.25,0.5,239.04332
50.25,0.5,238.99332
50.25,0.5,238.94332
50.25,0.5,238.89332
50.25,0.5,238.84332
50.25,0.5,238.79332
50.25,0.5,238.74332
50.25,0.5,238.69332
50.25,0.5,238.64332
47.75,0.5,238.50112
47.75,0.5,238.45112
47.75,0.5,238.40112
47.75,0.5,238.35112
47.75,0.5,238.17612
47.75,0.5,237.62612
47.75,0.5,236.57612
47.75,0.5,235.02612
47.75,0.5,232.97612
47.75,0.5,230.42612
47.75,0.5,227.37612
47.75,0.5,223.82612
48.25,0.5,238.51744
48.25,0.5,238.46744
48.25,0.5,238.41744
48.25,0.5,238.36744
48.25,0.5,238.19244
48.25,0.5,237.64244
48.25,0.5,236.59244
48.25,0.5,235.04244
48.25,0.5,232.99244
48.25,0.5,230.44244
48.25,0.5,227.39244
48.25,0.5,223.84244
48.75,0.5,238.53641
48.75,0.5,238.48641
48.75,0.5,238.43641
48.75,0.5,238.38641
48.75,0.5,238.21141
48.75,0.5,237.66141
48.75,0.5,236.61141
48.75,0.5,235.06141
48.75,0.5,233.01141
48.75,0.5,230.46141
48.75,0.5,227.41141
48.75,0.5,223.86141
49.25,0.5,238.55538
49.25,0.5,238.50538
49.25,0.5,238.45538
49.25,0.5,238.40538
49.25,0.5,238.23038
49.25,0.5,237.68038
49.25,0.5,236.63038
49.25,0.5,235.08038
49.25,0.5,233.03038
49.25,0.5,230.48038
49.25,0.5,227.43038
49.25,0.5,223.88038
49.75,0.5,238.57435
49.75,0.5,238.52435
49.75,0.5,238.47435
49.75,0.5,238.42435
49.75,0.5,238.24935
49.75,0.5,237.69935
49.75,0.5,236.64935
49.75,0.5,235.09935
49.75,0.5,233.04935
49.75,0.5,230.49935
49.75,0.5,227.44935
49.75,0.5,223.89935
50.25,0.5,238.59332
50.25,0.5,238.54332
50.25,0.5,238.49332
50.25,0.5,238.44332
50.25,0.5,238.26832
50.25,0.5,237.71832
50.25,0.5,236.66832
50.25,0.5,235.11832
50.25,0.5,233.06832
50.25,0.5,230.51832
50.25,0.5,227.46832
50.25,0.5,223.91832
50.75,0.5,240.41229
50.75,0.5,240.36229
50.75,0.5,240.31229
50.75,0.5,240.26229
50.75,0.5,240.21229
50.75,0.5,240.16229
50.75,0.5,240.11229
50.75,0.5,240.06229
50.75,0.5,240.01229
50.75,0.5,239.96229
50.75,0.5,239.91229
50.75,0.5,239.86229
50.75,0.5,239.81229
50.75,0.5,239.76229
50.75,0.5,239.71229
50.75,0.5,239.66229
50.75,0.5,239.61229
50.75,0.5,239.56229
50.75,0.5,239.51229
50.75,0.5,239.46229
50.75,0.5,239.41229
50.75,0.5,239.36229
50.75,0.5,239.31229
50.75,0.5,239.26229
50.75,0.5,239.21229
50.75,0.5,239.16229
50.75,0.5,239.11229
50.75,0.5,239.06229
50.75,0.5,239.01229
50.75,0.5,238.96229
50.75,0.5,238.91229
50.75,0.5,238.86229
50.75,0.5,238.81229
50.75,0.5,238.76229
50.75,0.5,238.71229
50.75,0.5,238.66229
51.25,0.5,240.43126
51.25,0.5,240.38126
51.25,0.5,240.33125
51.25,0.5,240.28126
51.25,0.5,240.23126
51.25,0.5,240.18126
51.25,0.5,240.13126
51.25,0.5,240.08125
51.25,0.5,240.03126
51.25,0.5,239.98126
51.25,0.5,239.93126
51.25,0.5,239.88126
51.25,0.5,239.83125
51.25,0.5,239.78126
51.25,0.5,239.73126
51.25,0.5,239.68126
51.25,0.5,239.63126
51.25,0.5,239.58125
51.25,0.5,239.53126
51.25,0.5,239.48126
51.25,0.5,239.43126
51.25,0.5,239.38126
51.25,0.5,239.33125
51.25,0.5,239.28126
51.25,0.5,239.23126
51.25,0.5,239.18126
51.25,0.5,239.13126
51.25,0.5,239.08125
51.25,0.5,239.03126
51.25,0.5,238.98126
51.25,0.5,238.93126
51.25,0.5,238.88126
51.25,0.5,238.83125
51.25,0.5,238.78126
51.25,0.5,238.73126
51.25,0.5,238.68126
51.75,0.5,240.45118
51.75,0.5,240.40118
51.75,0.5,240.35117
51.75,0.5,240.30118
51.75,0.5,240.25118
51.75,0.5,240.20118
51.75,0.5,240.15118
51.75,0.5,240.10117
51.75,0.5,240.05118
51.75,0.5,240.00118
51.75,0.5,239.95118
51.75,0.5,239.90118
51.75,0.5,239.85117
51.75,0.5,239.80118
51.75,0.5,239.75118
51.75,0.5,239.70118
51.75,0.5,239.65118
51.75,0.5,239.60117
51.75,0.5,239.55118
51.75,0.5,239.50118
51.75,0.5,239.45118
51.75,0.5,239.40118
51.75,0.5,239.35117
51.75,0.5,239.30118
51.75,0.5,239.25118
51.75,0.5,239.20118
51.75,0.5,239.15118
51.75,0.5,239.10117
51.75,0.5,239.05118
51.75,0.5,239.00118
51.75,0.5,238.95118
51.75,0.5,238.90118
51.75,0.5,238.85117
51.75,0.5,238.80118
51.75,0.5,238.75118
51.75,0.5,238.70118
52.25,0.5,240.47411
52.25,0.5,240.4241
52.25,0.5,240.3741
52.25,0.5,240.3241
52.25,0.5,240.27411
52.25,0.5,240.22411
52.25,0.5,240.1741
52.25,0.5,240.1241
52.25,0.5,240.0741
52.25,0.5,240.02411
52.25,0.5,239.97411
52.25,0.5,239.9241
52.25,0.5,239.8741
52.25,0.5,239.8241
52.25,0.5,239.77411
52.25,0.5,239.72411
52.25,0.5,239.6741
52.25,0.5,239.6241
52.25,0.5,239.5741
52.25,0.5,239.52411
52.25,0.5,239.47411
52.25,0.5,239.4241
52.25,0.5,239.3741
52.25,0.5,239.3241
52.25,0.5,239.27411
52.25,0.5,239.22411
52.25,0.5,239.1741
52.25,0.5,239.1241
52.25,0.5,239.0741
52.25,0.5,239.02411
52.25,0.5,238.97411
52.25,0.5,238.9241
52.25,0.5,238.8741
52.25,0.5,238.8241
52.25,0.5,238.77411
52.25,0.5,238.72411
52.75,0.5,240.49908
52.75,0.5,240.44908
52.75,0.5,240.39908
52.75,0.5,240.34908
52.75,0.5,240.29908
52.75,0.5,240.24908
52.75,0.5,240.19908
52.75,0.5,240.14908
52.75,0.5,240.09908
52.75,0.5,240.04908
52.75,0.5,239.99908
52.75,0.5,239.94908
52.75,0.5,239.89908
52.75,0.5,239.84908
52.75,0.5,239.79908
52.75,0.5,239.74908
52.75,0.5,239.69908
52.75,0.5,239.64908
52.75,0.5,239.59908
52.75,0.5,239.54908
52.75,0.5,239.49908
52.75,0.5,239.44908
52.75,0.5,239.39908
52.75,0.5,239.34908
52.75,0.5,239.29908
52.75,0.5,239.24908
52.75,0.5,239.19908
52.75,0.5,239.14908
52.75,0.5,239.09908
52.75,0.5,239.04908
52.75,0.5,238.99908
52.75,0.5,238.94908
52.75,0.5,238.89908
52.75,0.5,238.84908
52.75,0.5,238.79908
52.75,0.5,238.74908
53.25,0.5,240.52406
53.25,0.5,240.47406
53.25,0.5,240.42406
53.25,0.5,240.37405
53.25,0.5,240.32405
53.25,0.5,240.27406
53.25,0.5,240.22406
53.25,0.5,240.17406
53.25,0.5,240.12405
53.25,0.5,240.07405
53.25,0.5,240.02406
53.25,0.5,239.97406
53.25,0.5,239.92406
53.25,0.5,239.87405
53.25,0.5,239.82405
53.25,0.5,239.77406
53.25,0.5,239.72406
53.25,0.5,239.67406
53.25,0.5,239.62405
53.25,0.5,239.57405
53.25,0.5,239.52406
53.25,0.5,239.47406
53.25,0.5,239.42406
53.25,0.5,239.37405
53.25,0.5,239.32405
53.25,0.5,239.27406
53.25,0.5,239.22406
53.25,0.5,239.17406
53.25,0.5,239.12405
53.25,0.5,239.07405
53.25,0.5,239.02406
53.25,0.5,238.97406
53.25,0.5,238.92406
53.25,0.5,238.87405
53.25,0.5,238.82405
53.25,0.5,238.77406
50.75,0.5,238.61229
50.75,0.5,238.56229
50.75,0.5,238.51229
50.75,0.5,238.46229
50.75,0.5,238.28729
50.75,0.5,237.73729
50.75,0.5,236.68729
50.75,0.5,235.13729
50.75,0.5,233.08729
50.75,0.5,230.53729
50.75,0.5,227.48729
50.75,0.5,223.93729
51.25,0.5,238.63126
51.25,0.5,238.58125
51.25,0.5,238.53126
51.25,0.5,238.48126
51.25,0.5,238.30626
51.25,0.5,237.75626
51.25,0.5,236.70625
51.25,0.5,235.15626
51.25,0.5,233.10626
51.25,0.5,230.55626
51.25,0.5,227.50626
51.25,0.5,223.95625
51.75,0.5,238.65118
51.75,0.5,238.60117
51.75,0.5,238.55118
51.75,0.5,238.50118
51.75,0.5,238.32618
51.75,0.5,237.77618
51.75,0.5,236.72617
51.75,0.5,235.17618
51.75,0.5,233.12618
51.75,0.5,230.57618
51.75,0.5,227.52618
51.75,0.5,223.97617
52.25,0.5,238.6741
52.25,0.5,238.6241
52.25,0.5,238.5741
52.25,0.5,238.52411
52.25,0.5,238.34911
52.25,0.5,237.7991
52.25,0.5,236.7491
52.25,0.5,235.1991
52.25,0.5,233.14911
52.25,0.5,230.59911
52.25,0.5,227.5491
52.25,0.5,223.9991
52.75,0.5,238.69908
52.75,0.5,238.64908
52.75,0.5,238.59908
52.75,0.5,238.54908
52.75,0.5,238.37408
52.75,0.5,237.82408
52.75,0.5,236.77408
52.75,0.5,235.22408
52.75,0.5,233.17408
52.75,0.5,230.62408
52.75,0.5,227.57408
52.75,0.5,224.02408
53.25,0.5,238.72406
53.25,0.5,238.67406
53.25,0.5,238.62405
53.25,0.5,238.57405
53.25,0.5,238.39906
53.25,0.5,237.84906
53.25,0.5,236.79906
53.25,0.5,235.24905
53.25,0.5,233.19905
53.25,0.5,230.64906
53.25,0.5,227.59906
53.25,0.5,224.04906
53.75,0.5,240.54903
53.75,0.5,240.49903
53.75,0.5,240.44904
53.75,0.5,240.39903
53.75,0.5,240.34903
53.75,0.5,240.29903
53.75,0.5,240.24903
53.75,0.5,240.19904
53.75,0.5,240.14903
53.75,0.5,240.09903
53.75,0.5,240.04903
53.75,0.5,239.99903
53.75,0.5,239.94904
53.75,0.5,239.89903
53.75,0.5,239.84903
53.75,0.5,239.79903
53.75,0.5,239.74903
53.75,0.5,239.69904
53.75,0.5,239.64903
53.75,0.5,239.59903
53.75,0.5,239.54903
53.75,0.5,239.49903
53.75,0.5,239.44904
53.75,0.5,239.39903
53.75,0.5,239.34903
53.75,0.5,239.29903
53.75,0.5,239.24903
53.75,0.5,239.19904
53.75,0.5,239.14903
53.75,0.5,239.09903
53.75,0.5,239.04903
53.75,0.5,238.99903
53.75,0.5,238.94904
53.75,0.5,238.89903
53.75,0.5,238.84903
53.75,0.5,238.79903
54.25,0.5,240.57401
54.25,0.5,240.52401
54.25,0.5,240.47401
54.25,0.5,240.42401
54.25,0.5,240.37401
54.25,0.5,240.32401
54.25,0.5,240.27401
54.25,0.5,240.22401
54.25,0.5,240.17401
54.25,0.5,240.12401
54.25,0.5,240.07401
54.25,0.5,240.02401
54.25,0.5,239.97401
54.25,0.5,239.92401
54.25,0.5,239.87401
54.25,0.5,239.82401
54.25,0.5,239.77401
54.25,0.5,239.72401
54.25,0.5,239.67401
54.25,0.5,239.62401
54.25,0.5,239.57401
54.25,0.5,239.52401
54.25,0.5,239.47401
54.25,0.5,239.42401
54.25,0.5,239.37401
54.25,0.5,239.32401
54.25,0.5,239.27401
54.25,0.5,239.22401
54.25,0.5,239.17401
54.25,0.5,239.12401
54.25,0.5,239.07401
54.25,0.5,239.02401
54.25,0.5,238.97401
54.25,0.5,238.92401
54.25,0.5,238.87401
54.25,0.5,238.82401
54.75,0.5,240.59898
54.75,0.5,240.54898
54.75,0.5,240.49898
54.75,0.5,240.44899
54.75,0.5,240.39899
54.75,0.5,240.34898
54.75,0.5,240.29898
54.75,0.5,240.24898
54.75,0.5,240.19899
54.75,0.5,240.14899
54.75,0.5,240.09898
54.75,0.5,240.04898
54.75,0.5,239.99898
54.75,0.5,239.94899
54.75,0.5,239.89899
54.75,0.5,239.84898
54.75,0.5,239.79898
54.75,0.5,239.74898
54.75,0.5,239.69899
54.75,0.5,239.64899
54.75,0.5,239.59898
54.75,0.5,239.54898
54.75,0.5,239.49898
54.75,0.5,239.44899
54.75,0.5,239.39899
54.75,0.5,239.34898
54.75,0.5,239.29898
54.75,0.5,239.24898
54.75,0.5,239.19899
54.75,0.5,239.14899
54.75,0.5,239.09898
54.75,0.5,239.04898
54.75,0.5,238.99898
54.75,0.5,238.94899
54.75,0.5,238.89899
54.75,0.5,238.84898
55.25,0.5,240.62396
55.25,0.5,240.57396
55.25,0.5,240.52396
55.25,0.5,240.47396
55.25,0.5,240.42397
55.25,0.5,240.37396
55.25,0.5,240.32396
55.25,0.5,240.27396
55.25,0.5,240.22396
55.25,0.5,240.17397
55.25,0.5,240.12396
55.25,0.5,240.07396
55.25,0.5,240.02396
55.25,0.5,239.97396
55.25,0.5,239.92397
55.25,0.5,239.87396
55.25,0.5,239.82396
55.25,0.5,239.77396
55.25,0.5,239.72396
55.25,0.5,239.67397
55.25,0.5,239.62396
55.25,0.5,239.57396
55.25,0.5,239.52396
55.25,0.5,239.47396
55.25,0.5,239.42397
55.25,0.5,239.37396
55.25,0.5,239.32396
55.25,0.5,239.27396
55.25,0.5,239.22396
55.25,0.5,239.17397
55.25,0.5,239.12396
55.25,0.5,239.07396
55.25,0.5,239.02396
55.25,0.5,238.97396
55.25,0.5,238.92397
55.25,0.5,238.87396
55.75,0.5,240.64626
55.75,0.5,240.59626
55.75,0.5,240.54626
55.75,0.5,240.49627
55.75,0.5,240.44627
55.75,0.5,240.39626
55.75,0.5,240.34626
55.75,0.5,240.29626
55.75,0.5,240.24627
55.75,0.5,240.19627
55.75,0.5,240.14626
55.75,0.5,240.09626
55.75,0.5,240.04626
55.75,0.5,239.99627
55.75,0.5,239.94627
55.75,0.5,239.89626
55.75,0.5,239.84626
55.75,0.5,239.79626
55.75,0.5,239.74627
55.75,0.5,239.69627
55.75,0.5,239.64626
55.75,0.5,239.59626
55.75,0.5,239.54626
55.75,0.5,239.49627
55.75,0.5,239.44627
55.75,0.5,239.39626
55.75,0.5,239.34626
55.75,0.5,239.29626
55.75,0.5,239.24627
55.75,0.5,239.19627
55.75,0.5,239.14626
55.75,0.5,239.09626
55.75,0.5,239.04626
55.75,0.5,238.99627
55.75,0.5,238.94627
55.75,0.5,238.89626
56.25,0.5,240.66073
56.25,0.5,240.61073
56.25,0.5,240.56073
56.25,0.5,240.51073
56.25,0.5,240.46073
56.25,0.5,240.41073
56.25,0.5,240.36073
56.25,0.5,240.31073
56.25,0.5,240.26073
56.25,0.5,240.21073
56.25,0.5,240.16073
56.25,0.5,240.11073
56.25,0.5,240.06073
56.25,0.5,240.01073
56.25,0.5,239.96073
56.25,0.5,239.91073
56.25,0.5,239.86073
56.25,0.5,239.81073
56.25,0.5,239.76073
56.25,0.5,239.71073
56.25,0.5,239.66073
56.25,0.5,239.61073
56.25,0.5,239.56073
56.25,0.5,239.51073
56.25,0.5,239.46073
56.25,0.5,239.41073
56.25,0.5,239.36073
56.25,0.5,239.31073
56.25,0.5,239.26073
56.25,0.5,239.21073
56.25,0.5,239.16073
56.25,0.5,239.11073
56.25,0.5,239.06073
56.25,0.5,239.01073
56.25,0.5,238.96073
56.25,0.5,238.91073
53.75,0.5,238.74903
53.75,0.5,238.69904
53.75,0.5,238.64903
53.75,0.5,238.59903
53.75,0.5,238.42403
53.75,0.5,237.87403
53.75,0.5,236.82404
53.75,0.5,235.27403
53.75,0.5,233.22403
53.75,0.5,230.67403
53.75,0.5,227.62403
53.75,0.5,224.07404
54.25,0.5,238.77401
54.25,0.5,238.72401
54.25,0.5,238.67401
54.25,0.5,238.62401
54.25,0.5,238.44901
54.25,0.5,237.89901
54.25,0.5,236.84901
54.25,0.5,235.29901
54.25,0.5,233.24901
54.25,0.5,230.69901
54.25,0.5,227.64901
54.25,0.5,224.09901
54.75,0.5,238.79898
54.75,0.5,238.74898
54.75,0.5,238.69899
54.75,0.5,238.64899
54.75,0.5,238.47398
54.75,0.5,237.92398
54.75,0.5,236.87398
54.75,0.5,235.32399
54.75,0.5,233.27399
54.75,0.5,230.72398
54.75,0.5,227.67398
54.75,0.5,224.12398
55.25,0.5,238.82396
55.25,0.5,238.77396
55.25,0.5,238.72396
55.25,0.5,238.67397
55.25,0.5,238.49896
55.25,0.5,237.94896
55.25,0.5,236.89896
55.25,0.5,235.34896
55.25,0.5,233.29897
55.25,0.5,230.74896
55.25,0.5,227.69896
55.25,0.5,224.14896
55.75,0.5,238.84626
55.75,0.5,238.79626
55.75,0.5,238.74627
55.75,0.5,238.69627
55.75,0.5,238.52126
55.75,0.5,237.97126
55.75,0.5,236.92126
55.75,0.5,235.37127
55.75,0.5,233.32127
55.75,0.5,230.77126
55.75,0.5,227.72126
55.75,0.5,224.17126
56.25,0.5,238.86073
56.25,0.5,238.81073
56.25,0.5,238.76073
56.25,0.5,238.71073
56.25,0.5,238.53573
56.25,0.5,237.98573
56.25,0.5,236.93573
56.25,0.5,235.38573
56.25,0.5,233.33573
56.25,0.5,230.78573
56.25,0.5,227.73573
56.25,0.5,224.18573
56.75,0.5,240.67003
56.75,0.5,240.62003
56.75,0.5,240.57003
56.75,0.5,240.52003
56.75,0.5,240.47003
56.75,0.5,240.42003
56.75,0.5,240.37003
56.75,0.5,240.32003
56.75,0.5,240.27003
56.75,0.5,240.22003
56.75,0.5,240.17003
56.75,0.5,240.12003
56.75,0.5,240.07003
56.75,0.5,240.02003
56.75,0.5,239.97003
56.75,0.5,239.92003
56.75,0.5,239.87003
56.75,0.5,239.82003
56.75,0.5,239.77003
56.75,0.5,239.72003
56.75,0.5,239.67003
56.75,0.5,239.62003
56.75,0.5,239.57003
56.75,0.5,239.52003
56.75,0.5,239.47003
56.75,0.5,239.42003
56.75,0.5,239.37003
56.75,0.5,239.32003
56.75,0.5,239.27003
56.75,0.5,239.22003
56.75,0.5,239.17003
56.75,0.5,239.12003
56.75,0.5,239.07003
56.75,0.5,239.02003
56.75,0.5,238.97003
56.75,0.5,238.92003
57.25,0.5,240.67933
57.25,0.5,240.62934
57.25,0.5,240.57934
57.25,0.5,240.52934
57.25,0.5,240.47933
57.25,0.5,240.42933
57.25,0.5,240.37934
57.25,0.5,240.32934
57.25,0.5,240.27934
57.25,0.5,240.22933
57.25,0.5,240.17933
57.25,0.5,240.12934
57.25,0.5,240.07934
57.25,0.5,240.02934
57.25,0.5,239.97933
57.25,0.5,239.92933
57.25,0.5,239.87934
57.25,0.5,239.82934
57.25,0.5,239.77934
57.25,0.5,239.72933
57.25,0.5,239.67933
57.25,0.5,239.62934
57.25,0.5,239.57934
57.25,0.5,239.52934
57.25,0.5,239.47933
57.25,0.5,239.42933
57.25,0.5,239.37934
57.25,0.5,239.32934
57.25,0.5,239.27934
57.25,0.5,239.22933
57.25,0.5,239.17933
57.25,0.5,239.12934
57.25,0.5,239.07934
57.25,0.5,239.02934
57.25,0.5,238.97933
57.25,0.5,238.92933
57.75,0.5,240.68864
57.75,0.5,240.63864
57.75,0.5,240.58864
57.75,0.5,240.53864
57.75,0.5,240.48864
57.75,0.5,240.43864
57.75,0.5,240.38864
57.75,0.5,240.33864
57.75,0.5,240.28864
57.75,0.5,240.23864
57.75,0.5,240.18864
57.75,0.5,240.13864
57.75,0.5,240.08864
57.75,0.5,240.03864
57.75,0.5,239.98864
57.75,0.5,239.93864
57.75,0.5,239.88864
57.75,0.5,239.83864
57.75,0.5,239.78864
57.75,0.5,239.73864
57.75,0.5,239.68864
57.75,0.5,239.63864
57.75,0.5,239.58864
57.75,0.5,239.53864
57.75,0.5,239.48864
57.75,0.5,239.43864
57.75,0.5,239.38864
57.75,0.5,239.33864
57.75,0.5,239.28864
57.75,0.5,239.23864
57.75,0.5,239.18864
57.75,0.5,239.13864
57.75,0.5,239.08864
57.75,0.5,239.03864
57.75,0.5,238.98864
57.75,0.5,238.93864
58.25,0.5,240.69794
58.25,0.5,240.64794
58.25,0.5,240.59794
58.25,0.5,240.54794
58.25,0.5,240.49794
58.25,0.5,240.44794
58.25,0.5,240.39794
58.25,0.5,240.34794
58.25,0.5,240.29794
58.25,0.5,240.24794
58.25,0.5,240.19794
58.25,0.5,240.14794
58.25,0.5,240.09794
58.25,0.5,240.04794
58.25,0.5,239.99794
58.25,0.5,239.94794
58.25,0.5,239.89794
58.25,0.5,239.84794
58.25,0.5,239.79794
58.25,0.5,239.74794
58.25,0.5,239.69794
58.25,0.5,239.64794
58.25,0.5,239.59794
58.25,0.5,239.54794
58.25,0.5,239.49794
58.25,0.5,239.44794
58.25,0.5,239.39794
58.25,0.5,239.34794
58.25,0.5,239.29794
58.25,0.5,239.24794
58.25,0.5,239.19794
58.25,0.5,239.14794
58.25,0.5,239.09794
58.25,0.5,239.04794
58.25,0.5,238.99794
58.25,0.5,238.94794
58.75,0.5,240.70725
58.75,0.5,240.65725
58.75,0.5,240.60725
58.75,0.5,240.55724
58.75,0.5,240.50724
58.75,0.5,240.45725
58.75,0.5,240.40725
58.75,0.5,240.35725
58.75,0.5,240.30724
58.75,0.5,240.25724
58.75,0.5,240.20725
58.75,0.5,240.15725
58.75,0.5,240.10725
58.75,0.5,240.05724
58.75,0.5,240.00724
58.75,0.5,239.95725
58.75,0.5,239.90725
58.75,0.5,239.85725
58.75,0.5,239.80724
58.75,0.5,239.75724
58.75,0.5,239.70725
58.75,0.5,239.65725
58.75,0.5,239.60725
58.75,0.5,239.55724
58.75,0.5,239.50724
58.75,0.5,239.45725
58.75,0.5,239.40725
58.75,0.5,239.35725
58.75,0.5,239.30724
58.75,0.5,239.25724
58.75,0.5,239.20725
58.75,0.5,239.15725
58.75,0.5,239.10725
58.75,0.5,239.05724
58.75,0.5,239.00724
58.75,0.5,238.95725
59.25,0.5,240.71655
59.25,0.5,240.66655
59.25,0.5,240.61655
59.25,0.5,240.56655
59.25,0.5,240.51655
59.25,0.5,240.46655
59.25,0.5,240.41655
59.25,0.5,240.36655
59.25,0.5,240.31655
59.25,0.5,240.26655
59.25,0.5,240.21655
59.25,0.5,240.16655
59.25,0.5,240.11655
59.25,0.5,240.06655
59.25,0.5,240.01655
59.25,0.5,239.96655
59.25,0.5,239.91655
59.25,0.5,239.86655
59.25,0.5,239.81655
59.25,0.5,239.76655
59.25,0.5,239.71655
59.25,0.5,239.66655
59.25,0.5,239.61655
59.25,0.5,239.56655
59.25,0.5,239.51655
59.25,0.5,239.46655
59.25,0.5,239.41655
59.25,0.5,239.36655
59.25,0.5,239.31655
59.25,0.5,239.26655
59.25,0.5,239.21655
59.25,0.5,239.16655
59.25,0.5,239.11655
59.25,0.5,239.06655
59.25,0.5,239.01655
59.25,0.5,238.96655
56.75,0.5,238.87003
56.75,0.5,238.82003
56.75,0.5,238.77003
56.75,0.5,238.72003
56.75,0.5,238.54503
56.75,0.5,237.99503
56.75,0.5,236.94503
56.75,0.5,235.39503
56.75,0.5,233.34503
56.75,0.5,230.79503
56.75,0.5,227.74503
56.75,0.5,224.19503
57.25,0.5,238.87934
57.25,0.5,238.82934
57.25,0.5,238.77934
57.25,0.5,238.72933
57.25,0.5,238.55433
57.25,0.5,238.00434
57.25,0.5,236.95434
57.25,0.5,235.40434
57.25,0.5,233.35433
57.25,0.5,230.80433
57.25,0.5,227.75434
57.25,0.5,224.20434
57.75,0.5,238.88864
57.75,0.5,238.83864
57.75,0.5,238.78864
57.75,0.5,238.73864
57.75,0.5,238.56364
57.75,0.5,238.01364
57.75,0.5,236.96364
57.75,0.5,235.41364
57.75,0.5,233.36364
57.75,0.5,230.81364
57.75,0.5,227.76364
57.75,0.5,224.21364
58.25,0.5,238.89794
58.25,0.5,238.84794
58.25,0.5,238.79794
58.25,0.5,238.74794
58.25,0.5,238.57294
58.25,0.5,238.02294
58.25,0.5,236.97294
58.25,0.5,235.42294
58.25,0.5,233.37294
58.25,0.5,230.82294
58.25,0.5,227.77294
58.25,0.5,224.22294
58.75,0.5,238.90725
58.75,0.5,238.85725
58.75,0.5,238.80724
58.75,0.5,238.75724
58.75,0.5,238.58225
58.75,0.5,238.03225
58.75,0.5,236.98225
58.75,0.5,235.43224
58.75,0.5,233.38224
58.75,0.5,230.83225
58.75,0.5,227.78225
58.75,0.5,224.23225
59.25,0.5,238.91655
59.25,0.5,238.86655
59.25,0.5,238.81655
59.25,0.5,238.76655
59.25,0.5,238.59155
59.25,0.5,238.04155
59.25,0.5,236.99155
59.25,0.5,235.44155
59.25,0.5,233.39155
59.25,0.5,230.84155
59.25,0.5,227.79155
59.25,0.5,224.24155
59.75,0.5,240.72823
59.75,0.5,240.67823
59.75,0.5,240.62824
59.75,0.5,240.57824
59.75,0.5,240.52824
59.75,0.5,240.47823
59.75,0.5,240.42823
59.75,0.5,240.37824
59.75,0.5,240.32824
59.75,0.5,240.27824
59.75,0.5,240.22823
59.75,0.5,240.17823
59.75,0.5,240.12824
59.75,0.5,240.07824
59.75,0.5,240.02824
59.75,0.5,239.97823
59.75,0.5,239.92823
59.75,0.5,239.87824
59.75,0.5,239.82824
59.75,0.5,239.77824
59.75,0.5,239.72823
59.75,0.5,239.67823
59.75,0.5,239.62824
59.75,0.5,239.57824
59.75,0.5,239.52824
59.75,0.5,239.47823
59.75,0.5,239.42823
59.75,0.5,239.37824
59.75,0.5,239.32824
59.75,0.5,239.27824
59.75,0.5,239.22823
59.75,0.5,239.17823
59.75,0.5,239.12824
59.75,0.5,239.07824
59.75,0.5,239.02824
59.75,0.5,238.97823
60.25,0.5,240.74644
60.25,0.5,240.69644
60.25,0.5,240.64644
60.25,0.5,240.59644
60.25,0.5,240.54644
60.25,0.5,240.49644
60.25,0.5,240.44644
60.25,0.5,240.39644
60.25,0.5,240.34644
60.25,0.5,240.29644
60.25,0.5,240.24644
60.25,0.5,240.19644
60.25,0.5,240.14644
60.25,0.5,240.09644
60.25,0.5,240.04644
60.25,0.5,239.99644
60.25,0.5,239.94644
60.25,0.5,239.89644
60.25,0.5,239.84644
60.25,0.5,239.79644
60.25,0.5,239.74644
60.25,0.5,239.69644
60.25,0.5,239.64644
60.25,0.5,239.59644
60.25,0.5,239.54644
60.25,0.5,239.49644
60.25,0.5,239.44644
60.25,0.5,239.39644
60.25,0.5,239.34644
60.25,0.5,239.29644
60.25,0.5,239.24644
60.25,0.5,239.19644
60.25,0.5,239.14644
60.25,0.5,239.09644
60.25,0.5,239.04644
60.25,0.5,238.99644
60.75,0.5,240.76877
60.75,0.5,240.71877
60.75,0.5,240.66877
60.75,0.5,240.61877
60.75,0.5,240.56877
60.75,0.5,240.51877
60.75,0.5,240.46877
60.75,0.5,240.41877
60.75,0.5,240.36877
60.75,0.5,240.31877
60.75,0.5,240.26877
60.75,0.5,240.21877
60.75,0.5,240.16877
60.75,0.5,240.11877
60.75,0.5,240.06877
60.75,0.5,240.01877
60.75,0.5,239.96877
60.75,0.5,239.91877
60.75,0.5,239.86877
60.75,0.5,239.81877
60.75,0.5,239.76877
60.75,0.5,239.71877
60.75,0.5,239.66877
60.75,0.5,239.61877
60.75,0.5,239.56877
60.75,0.5,239.51877
60.75,0.5,239.46877
60.75,0.5,239.41877
60.75,0.5,239.36877
60.75,0.5,239.31877
60.75,0.5,239.26877
60.75,0.5,239.21877
60.75,0.5,239.16877
60.75,0.5,239.11877
60.75,0.5,239.06877
60.75,0.5,239.01877
61.25,0.5,240.7911
61.25,0.5,240.7411
61.25,0.5,240.6911
61.25,0.5,240.6411
61.25,0.5,240.59109
61.25,0.5,240.5411
61.25,0.5,240.4911
61.25,0.5,240.4411
61.25,0.5,240.3911
61.25,0.5,240.34109
61.25,0.5,240.2911
61.25,0.5,240.2411
61.25,0.5,240.1911
61.25,0.5,240.1411
61.25,0.5,240.09109
61.25,0.5,240.0411
61.25,0.5,239.9911
61.25,0.5,239.9411
61.25,0.5,239.8911
61.25,0.5,239.84109
61.25,0.5,239.7911
61.25,0.5,239.7411
61.25,0.5,239.6911
61.25,0.5,239.6411
61.25,0.5,239.59109
61.25,0.5,239.5411
61.25,0.5,239.4911
61.25,0.5,239.4411
61.25,0.5,239.3911
61.25,0.5,239.34109
61.25,0.5,239.2911
61.25,0.5,239.2411
61.25,0.5,239.1911
61.25,0.5,239.1411
61.25,0.5,239.09109
61.25,0.5,239.0411
61.75,0.5,240.81343
61.75,0.5,240.76343
61.75,0.5,240.71342
61.75,0.5,240.66343
61.75,0.5,240.61343
61.75,0.5,240.56343
61.75,0.5,240.51343
61.75,0.5,240.46342
61.75,0.5,240.41343
61.75,0.5,240.36343
61.75,0.5,240.31343
61.75,0.5,240.26343
61.75,0.5,240.21342
61.75,0.5,240.16343
61.75,0.5,240.11343
61.75,0.5,240.06343
61.75,0.5,240.01343
61.75,0.5,239.96342
61.75,0.5,239.91343
61.75,0.5,239.86343
61.75,0.5,239.81343
61.75,0.5,239.76343
61.75,0.5,239.71342
61.75,0.5,239.66343
61.75,0.5,239.61343
61.75,0.5,239.56343
61.75,0.5,239.51343
61.75,0.5,239.46342
61.75,0.5,239.41343
61.75,0.5,239.36343
61.75,0.5,239.31343
61.75,0.5,239.26343
61.75,0.5,239.21342
61.75,0.5,239.16343
61.75,0.5,239.11343
61.75,0.5,239.06343
62.25,0.5,240.83575
62.25,0.5,240.78576
62.25,0.5,240.73576
62.25,0.5,240.68576
62.25,0.5,240.63576
62.25,0.5,240.58575
62.25,0.5,240.53576
62.25,0.5,240.48576
62.25,0.5,240.43576
62.25,0.5,240.38576
62.25,0.5,240.33575
62.25,0.5,240.28576
62.25,0.5,240.23576
62.25,0.5,240.18576
62.25,0.5,240.13576
62.25,0.5,240.08575
62.25,0.5,240.03576
62.25,0.5,239.98576
62.25,0.5,239.93576
62.25,0.5,239.88576
62.25,0.5,239.83575
62.25,0.5,239.78576
62.25,0.5,239.73576
62.25,0.5,239.68576
62.25,0.5,239.63576
62.25,0.5,239.58575
62.25,0.5,239.53576
62.25,0.5,239.48576
62.25,0.5,239.43576
62.25,0.5,239.38576
62.25,0.5,239.33575
62.25,0.5,239.28576
62.25,0.5,239.23576
62.25,0.5,239.18576
62.25,0.5,239.13576
62.25,0.5,239.08575
59.75,0.5,238.92823
59.75,0.5,238.87824
59.75,0.5,238.82824
59.75,0.5,238.77824
59.75,0.5,238.60323
59.75,0.5,238.05323
59.75,0.5,237.00324
59.75,0.5,235.45324
59.75,0.5,233.40324
59.75,0.5,230.85323
59.75,0.5,227.80323
59.75,0.5,224.25324
60.25,0.5,238.94644
60.25,0.5,238.89644
60.25,0.5,238.84644
60.25,0.5,238.79644
60.25,0.5,238.62144
60.25,0.5,238.07144
60.25,0.5,237.02144
60.25,0.5,235.47144
60.25,0.5,233.42144
60.25,0.5,230.87144
60.25,0.5,227.82144
60.25,0.5,224.27144
60.75,0.5,238.96877
60.75,0.5,238.91877
60.75,0.5,238.86877
60.75,0.5,238.81877
60.75,0.5,238.64377
60.75,0.5,238.09377
60.75,0.5,237.04377
60.75,0.5,235.49377
60.75,0.5,233.44377
60.75,0.5,230.89377
60.75,0.5,227.84377
60.75,0.5,224.29377
61.25,0.5,238.9911
61.25,0.5,238.9411
61.25,0.5,238.8911
61.25,0.5,238.84109
61.25,0.5,238.6661
61.25,0.5,238.1161
61.25,0.5,237.0661
61.25,0.5,235.5161
61.25,0.5,233.46609
61.25,0.5,230.9161
61.25,0.5,227.8661
61.25,0.5,224.3161
61.75,0.5,239.01343
61.75,0.5,238.96342
61.75,0.5,238.91343
61.75,0.5,238.86343
61.75,0.5,238.68843
61.75,0.5,238.13843
61.75,0.5,237.08842
61.75,0.5,235.53843
61.75,0.5,233.48843
61.75,0.5,230.93843
61.75,0.5,227.88843
61.75,0.5,224.33842
62.25,0.5,239.03576
62.25,0.5,238.98576
62.25,0.5,238.93576
62.25,0.5,238.88576
62.25,0.5,238.71075
62.25,0.5,238.16076
62.25,0.5,237.11076
62.25,0.5,235.56076
62.25,0.5,233.51076
62.25,0.5,230.96075
62.25,0.5,227.91076
62.25,0.5,224.36076
62.75,0.5,240.85809
62.75,0.5,240.80809
62.75,0.5,240.75809
62.75,0.5,240.70808
62.75,0.5,240.65808
62.75,0.5,240.60809
62.75,0.5,240.55809
62.75,0.5,240.50809
62.75,0.5,240.45808
62.75,0.5,240.40808
62.75,0.5,240.35809
62.75,0.5,240.30809
62.75,0.5,240.25809
62.75,0.5,240.20808
62.75,0.5,240.15808
62.75,0.5,240.10809
62.75,0.5,240.05809
62.75,0.5,240.00809
62.75,0.5,239.95808
62.75,0.5,239.90808
62.75,0.5,239.85809
62.75,0.5,239.80809
62.75,0.5,239.75809
62.75,0.5,239.70808
62.75,0.5,239.65808
62.75,0.5,239.60809
62.75,0.5,239.55809
62.75,0.5,239.50809
62.75,0.5,239.45808
62.75,0.5,239.40808
62.75,0.5,239.35809
62.75,0.5,239.30809
62.75,0.5,239.25809
62.75,0.5,239.20808
62.75,0.5,239.15808
62.75,0.5,239.10809
63.25,0.5,240.88042
63.25,0.5,240.83041
63.25,0.5,240.78041
63.25,0.5,240.73042
63.25,0.5,240.68042
63.25,0.5,240.63042
63.25,0.5,240.58041
63.25,0.5,240.53041
63.25,0.5,240.48042
63.25,0.5,240.43042
63.25,0.5,240.38042
63.25,0.5,240.33041
63.25,0.5,240.28041
63.25,0.5,240.23042
63.25,0.5,240.18042
63.25,0.5,240.13042
63.25,0.5,240.08041
63.25,0.5,240.03041
63.25,0.5,239.98042
63.25,0.5,239.93042
63.25,0.5,239.88042
63.25,0.5,239.83041
63.25,0.5,239.78041
63.25,0.5,239.73042
63.25,0.5,239.68042
63.25,0.5,239.63042
63.25,0.5,239.58041
63.25,0.5,239.53041
63.25,0.5,239.48042
63.25,0.5,239.43042
63.25,0.5,239.38042
63.25,0.5,239.33041
63.25,0.5,239.28041
63.25,0.5,239.23042
63.25,0.5,239.18042
63.25,0.5,239.13042
63.75,0.5,240.90518
63.75,0.5,240.85518
63.75,0.5,240.80518
63.75,0.5,240.75519
63.75,0.5,240.70518
63.75,0.5,240.65518
63.75,0.5,240.60518
63.75,0.5,240.55518
63.75,0.5,240.50519
63.75,0.5,240.45518
63.75,0.5,240.40518
63.75,0.5,240.35518
63.75,0.5,240.30518
63.75,0.5,240.25519
63.75,0.5,240.20518
63.75,0.5,240.15518
63.75,0.5,240.10518
63.75,0.5,240.05518
63.75,0.5,240.00519
63.75,0.5,239.95518
63.75,0.5,239.90518
63.75,0.5,239.85518
63.75,0.5,239.80518
63.75,0.5,239.75519
63.75,0.5,239.70518
63.75,0.5,239.65518
63.75,0.5,239.60518
63.75,0.5,239.55518
63.75,0.5,239.50519
63.75,0.5,239.45518
63.75,0.5,239.40518
63.75,0.5,239.35518
63.75,0.5,239.30518
63.75,0.5,239.25519
63.75,0.5,239.20518
63.75,0.5,239.15518
64.25,0.5,240.9362
64.25,0.5,240.8862
64.25,0.5,240.8362
64.25,0.5,240.78621
64.25,0.5,240.73621
64.25,0.5,240.6862
64.25,0.5,240.6362
64.25,0.5,240.5862
64.25,0.5,240.53621
64.25,0.5,240.48621
64.25,0.5,240.4362
64.25,0.5,240.3862
64.25,0.5,240.3362
64.25,0.5,240.28621
64.25,0.5,240.23621
64.25,0.5,240.1862
64.25,0.5,240.1362
64.25,0.5,240.0862
64.25,0.5,240.03621
64.25,0.5,239.98621
64.25,0.5,239.9362
64.25,0.5,239.8862
64.25,0.5,239.8362
64.25,0.5,239.78621
64.25,0.5,239.73621
64.25,0.5,239.6862
64.25,0.5,239.6362
64.25,0.5,239.5862
64.25,0.5,239.53621
64.25,0.5,239.48621
64.25,0.5,239.4362
64.25,0.5,239.3862
64.25,0.5,239.3362
64.25,0.5,239.28621
64.25,0.5,239.23621
64.25,0.5,239.1862
64.75,0.5,240.97104
64.75,0.5,240.92104
64.75,0.5,240.87103
64.75,0.5,240.82103
64.75,0.5,240.77103
64.75,0.5,240.72104
64.75,0.5,240.67104
64.75,0.5,240.62103
64.75,0.5,240.57103
64.75,0.5,240.52103
64.75,0.5,240.47104
64.75,0.5,240.42104
64.75,0.5,240.37103
64.75,0.5,240.32103
64.75,0.5,240.27103
64.75,0.5,240.22104
64.75,0.5,240.17104
64.75,0.5,240.12103
64.75,0.5,240.07103
64.75,0.5,240.02103
64.75,0.5,239.97104
64.75,0.5,239.92104
64.75,0.5,239.87103
64.75,0.5,239.82103
64.75,0.5,239.77103
64.75,0.5,239.72104
64.75,0.5,239.67104
64.75,0.5,239.62103
64.75,0.5,239.57103
64.75,0.5,239.52103
64.75,0.5,239.47104
64.75,0.5,239.42104
64.75,0.5,239.37103
64.75,0.5,239.32103
64.75,0.5,239.27103
64.75,0.5,239.22104
65.25,0.5,241.00586
65.25,0.5,240.95587
65.25,0.5,240.90587
65.25,0.5,240.85587
65.25,0.5,240.80586
65.25,0.5,240.75586
65.25,0.5,240.70587
65.25,0.5,240.65587
65.25,0.5,240.60587
65.25,0.5,240.55586
65.25,0.5,240.50586
65.25,0.5,240.45587
65.25,0.5,240.40587
65.25,0.5,240.35587
65.25,0.5,240.30586
65.25,0.5,240.25586
65.25,0.5,240.20587
65.25,0.5,240.15587
65.25,0.5,240.10587
65.25,0.5,240.05586
65.25,0.5,240.00586
65.25,0.5,239.95587
65.25,0.5,239.90587
65.25,0.5,239.85587
65.25,0.5,239.80586
65.25,0.5,239.75586
65.25,0.5,239.70587
65.25,0.5,239.65587
65.25,0.5,239.60587
65.25,0.5,239.55586
65.25,0.5,239.50586
65.25,0.5,239.45587
65.25,0.5,239.40587
65.25,0.5,239.35587
65.25,0.5,239.30586
65.25,0.5,239.25586
62.75,0.5,239.05809
62.75,0.5,239.00809
62.75,0.5,238.95808
62.75,0.5,238.90808
62.75,0.5,238.73309
62.75,0.5,238.18309
62.75,0.5,237.13309
62.75,0.5,235.58308
62.75,0.5,233.53308
62.75,0.5,230.98309
62.75,0.5,227.93309
62.75,0.5,224.38309
63.25,0.5,239.08041
63.25,0.5,239.03041
63.25,0.5,238.98042
63.25,0.5,238.93042
63.25,0.5,238.75542
63.25,0.5,238.20541
63.25,0.5,237.15541
63.25,0.5,235.60542
63.25,0.5,233.55542
63.25,0.5,231.00542
63.25,0.5,227.95541
63.25,0.5,224.40541
63.75,0.5,239.10518
63.75,0.5,239.05518
63.75,0.5,239.00519
63.75,0.5,238.95518
63.75,0.5,238.78018
63.75,0.5,238.23018
63.75,0.5,237.18018
63.75,0.5,235.63019
63.75,0.5,233.58018
63.75,0.5,231.03018
63.75,0.5,227.98018
63.75,0.5,224.43018
64.25,0.5,239.1362
64.25,0.5,239.0862
64.25,0.5,239.03621
64.25,0.5,238.98621
64.25,0.5,238.8112
64.25,0.5,238.2612
64.25,0.5,237.2112
64.25,0.5,235.66121
64.25,0.5,233.61121
64.25,0.5,231.0612
64.25,0.5,228.0112
64.25,0.5,224.4612
64.75,0.5,239.17104
64.75,0.5,239.12103
64.75,0.5,239.07103
64.75,0.5,239.02103
64.75,0.5,238.84604
64.75,0.5,238.29604
64.75,0.5,237.24603
64.75,0.5,235.69603
64.75,0.5,233.64603
64.75,0.5,231.09604
64.75,0.5,228.04604
64.75,0.5,224.49603
65.25,0.5,239.20587
65.25,0.5,239.15587
65.25,0.5,239.10587
65.25,0.5,239.05586
65.25,0.5,238.88086
65.25,0.5,238.33087
65.25,0.5,237.28087
65.25,0.5,235.73087
65.25,0.5,233.68086
65.25,0.5,231.13086
65.25,0.5,228.08087
65.25,0.5,224.53087
65.75,0.5,241.0407
65.75,0.5,240.9907
65.75,0.5,240.9407
65.75,0.5,240.8907
65.75,0.5,240.8407
65.75,0.5,240.7907
65.75,0.5,240.7407
65.75,0.5,240.6907
65.75,0.5,240.6407
65.75,0.5,240.5907
65.75,0.5,240.5407
65.75,0.5,240.4907
65.75,0.5,240.4407
65.75,0.5,240.3907
65.75,0.5,240.3407
65.75,0.5,240.2907
65.75,0.5,240.2407
65.75,0.5,240.1907
65.75,0.5,240.1407
65.75,0.5,240.0907
65.75,0.5,240.0407
65.75,0.5,239.9907
65.75,0.5,239.9407
65.75,0.5,239.8907
65.75,0.5,239.8407
65.75,0.5,239.7907
65.75,0.5,239.7407
65.75,0.5,239.6907
65.75,0.5,239.6407
65.75,0.5,239.5907
65.75,0.5,239.5407
65.75,0.5,239.4907
65.75,0.5,239.4407
65.75,0.5,239.3907
65.75,0.5,239.3407
65.75,0.5,239.2907
66.25,0.5,241.07553
66.25,0.5,241.02553
66.25,0.5,240.97553
66.25,0.5,240.92553
66.25,0.5,240.87553
66.25,0.5,240.82553
66.25,0.5,240.77553
66.25,0.5,240.72553
66.25,0.5,240.67553
66.25,0.5,240.62553
66.25,0.5,240.57553
66.25,0.5,240.52553
66.25,0.5,240.47553
66.25,0.5,240.42553
66.25,0.5,240.37553
66.25,0.5,240.32553
66.25,0.5,240.27553
66.25,0.5,240.22553
66.25,0.5,240.17553
66.25,0.5,240.12553
66.25,0.5,240.07553
66.25,0.5,240.02553
66.25,0.5,239.97553
66.25,0.5,239.92553
66.25,0.5,239.87553
66.25,0.5,239.82553
66.25,0.5,239.77553
66.25,0.5,239.72553
66.25,0.5,239.67553
66.25,0.5,239.62553
66.25,0.5,239.57553
66.25,0.5,239.52553
66.25,0.5,239.47553
66.25,0.5,239.42553
66.25,0.5,239.37553
66.25,0.5,239.32553
66.75,0.5,241.11036
66.75,0.5,241.06036
66.75,0.5,241.01036
66.75,0.5,240.96036
66.75,0.5,240.91036
66.75,0.5,240.86036
66.75,0.5,240.81036
66.75,0.5,240.76036
66.75,0.5,240.71036
66.75,0.5,240.66036
66.75,0.5,240.61036
66.75,0.5,240.56036
66.75,0.5,240.51036
66.75,0.5,240.46036
66.75,0.5,240.41036
66.75,0.5,240.36036
66.75,0.5,240.31036
66.75,0.5,240.26036
66.75,0.5,240.21036
66.75,0.5,240.16036
66.75,0.5,240.11036
66.75,0.5,240.06036
66.75,0.5,240.01036
66.75,0.5,239.96036
66.75,0.5,239.91036
66.75,0.5,239.86036
66.75,0.5,239.81036
66.75,0.5,239.76036
66.75,0.5,239.71036
66.75,0.5,239.66036
66.75,0.5,239.61036
66.75,0.5,239.56036
66.75,0.5,239.51036
66.75,0.5,239.46036
66.75,0.5,239.41036
66.75,0.5,239.36036
67.25,0.5,241.14519
67.25,0.5,241.09519
67.25,0.5,241.04519
67.25,0.5,240.99519
67.25,0.5,240.94519
67.25,0.5,240.89519
67.25,0.5,240.84519
67.25,0.5,240.79519
67.25,0.5,240.74519
67.25,0.5,240.69519
67.25,0.5,240.64519
67.25,0.5,240.59519
67.25,0.5,240.54519
67.25,0.5,240.49519
67.25,0.5,240.44519
67.25,0.5,240.39519
67.25,0.5,240.34519
67.25,0.5,240.29519
67.25,0.5,240.24519
67.25,0.5,240.19519
67.25,0.5,240.14519
67.25,0.5,240.09519
67.25,0.5,240.04519
67.25,0.5,239.99519
67.25,0.5,239.94519
67.25,0.5,239.89519
67.25,0.5,239.84519
67.25,0.5,239.79519
67.25,0.5,239.74519
67.25,0.5,239.69519
67.25,0.5,239.64519
67.25,0.5,239.59519
67.25,0.5,239.54519
67.25,0.5,239.49519
67.25,0.5,239.44519
67.25,0.5,239.39519
67.75,0.5,241.18172
67.75,0.5,241.13172
67.75,0.5,241.08172
67.75,0.5,241.03172
67.75,0.5,240.98172
67.75,0.5,240.93172
67.75,0.5,240.88172
67.75,0.5,240.83172
67.75,0.5,240.78172
67.75,0.5,240.73172
67.75,0.5,240.68172
67.75,0.5,240.63172
67.75,0.5,240.58172
67.75,0.5,240.53172
67.75,0.5,240.48172
67.75,0.5,240.43172
67.75,0.5,240.38172
67.75,0.5,240.33172
67.75,0.5,240.28172
67.75,0.5,240.23172
67.75,0.5,240.18172
67.75,0.5,240.13172
67.75,0.5,240.08172
67.75,0.5,240.03172
67.75,0.5,239.98172
67.75,0.5,239.93172
67.75,0.5,239.88172
67.75,0.5,239.83172
67.75,0.5,239.78172
67.75,0.5,239.73172
67.75,0.5,239.68172
67.75,0.5,239.63172
67.75,0.5,239.58172
67.75,0.5,239.53172
67.75,0.5,239.48172
67.75,0.5,239.43172
68.25,0.5,241.22236
68.25,0.5,241.17236
68.25,0.5,241.12235
68.25,0.5,241.07235
68.25,0.5,241.02235
68.25,0.5,240.97236
68.25,0.5,240.92236
68.25,0.5,240.87235
68.25,0.5,240.82235
68.25,0.5,240.77235
68.25,0.5,240.72236
68.25,0.5,240.67236
68.25,0.5,240.62235
68.25,0.5,240.57235
68.25,0.5,240.52235
68.25,0.5,240.47236
68.25,0.5,240.42236
68.25,0.5,240.37235
68.25,0.5,240.32235
68.25,0.5,240.27235
68.25,0.5,240.22236
68.25,0.5,240.17236
68.25,0.5,240.12235
68.25,0.5,240.07235
68.25,0.5,240.02235
68.25,0.5,239.97236
68.25,0.5,239.92236
68.25,0.5,239.87235
68.25,0.5,239.82235
68.25,0.5,239.77235
68.25,0.5,239.72236
68.25,0.5,239.67236
68.25,0.5,239.62235
68.25,0.5,239.57235
68.25,0.5,239.52235
68.25,0.5,239.47236
65.75,0.5,239.2407
65.75,0.5,239.1907
65.75,0.5,239.1407
65.75,0.5,239.0907
65.75,0.5,238.9157
65.75,0.5,238.3657
65.75,0.5,237.3157
65.75,0.5,235.7657
65.75,0.5,233.7157
65.75,0.5,231.1657
65.75,0.5,228.1157
65.75,0.5,224.5657
66.25,0.5,239.27553
66.25,0.5,239.22553
66.25,0.5,239.17553
66.25,0.5,239.12553
66.25,0.5,238.95053
66.25,0.5,238.40053
66.25,0.5,237.35053
66.25,0.5,235.80053
66.25,0.5,233.75053
66.25,0.5,231.20053
66.25,0.5,228.15053
66.25,0.5,224.60053
66.75,0.5,239.31036
66.75,0.5,239.26036
66.75,0.5,239.21036
66.75,0.5,239.16036
66.75,0.5,238.98536
66.75,0.5,238.43536
66.75,0.5,237.38536
66.75,0.5,235.83536
66.75,0.5,233.78536
66.75,0.5,231.23536
66.75,0.5,228.18536
66.75,0.5,224.63536
67.25,0.5,239.34519
67.25,0.5,239.29519
67.25,0.5,239.24519
67.25,0.5,239.19519
67.25,0.5,239.02019
67.25,0.5,238.47019
67.25,0.5,237.42019
67.25,0.5,235.87019
67.25,0.5,233.82019
67.25,0.5,231.27019
67.25,0.5,228.22019
67.25,0.5,224.67019
67.75,0.5,239.38172
67.75,0.5,239.33172
67.75,0.5,239.28172
67.75,0.5,239.23172
67.75,0.5,239.05672
67.75,0.5,238.50672
67.75,0.5,237.45672
67.75,0.5,235.90672
67.75,0.5,233.85672
67.75,0.5,231.30672
67.75,0.5,228.25672
67.75,0.5,224.70672
68.25,0.5,239.42236
68.25,0.5,239.37235
68.25,0.5,239.32235
68.25,0.5,239.27235
68.25,0.5,239.09736
68.25,0.5,238.54736
68.25,0.5,237.49735
68.25,0.5,235.94735
68.25,0.5,233.89735
68.25,0.5,231.34736
68.25,0.5,228.29736
68.25,0.5,224.74735
68.75,0.5,241.26539
68.75,0.5,241.21539
68.75,0.5,241.16538
68.75,0.5,241.11538
68.75,0.5,241.06539
68.75,0.5,241.01539
68.75,0.5,240.96539
68.75,0.5,240.91538
68.75,0.5,240.86538
68.75,0.5,240.81539
68.75,0.5,240.76539
68.75,0.5,240.71539
68.75,0.5,240.66538
68.75,0.5,240.61538
68.75,0.5,240.56539
68.75,0.5,240.51539
68.75,0.5,240.46539
68.75,0.5,240.41538
68.75,0.5,240.36538
68.75,0.5,240.31539
68.75,0.5,240.26539
68.75,0.5,240.21539
68.75,0.5,240.16538
68.75,0.5,240.11538
68.75,0.5,240.06539
68.75,0.5,240.01539
68.75,0.5,239.96539
68.75,0.5,239.91538
68.75,0.5,239.86538
68.75,0.5,239.81539
68.75,0.5,239.76539
68.75,0.5,239.71539
68.75,0.5,239.66538
68.75,0.5,239.61538
68.75,0.5,239.56539
68.75,0.5,239.51539
69.25,0.5,241.30842
69.25,0.5,241.25842
69.25,0.5,241.20841
69.25,0.5,241.15842
69.25,0.5,241.10842
69.25,0.5,241.05842
69.25,0.5,241.00842
69.25,0.5,240.95841
69.25,0.5,240.90842
69.25,0.5,240.85842
69.25,0.5,240.80842
69.25,0.5,240.75842
69.25,0.5,240.70841
69.25,0.5,240.65842
69.25,0.5,240.60842
69.25,0.5,240.55842
69.25,0.5,240.50842
69.25,0.5,240.45841
69.25,0.5,240.40842
69.25,0.5,240.35842
69.25,0.5,240.30842
69.25,0.5,240.25842
69.25,0.5,240.20841
69.25,0.5,240.15842
69.25,0.5,240.10842
69.25,0.5,240.05842
69.25,0.5,240.00842
69.25,0.5,239.95841
69.25,0.5,239.90842
69.25,0.5,239.85842
69.25,0.5,239.80842
69.25,0.5,239.75842
69.25,0.5,239.70841
69.25,0.5,239.65842
69.25,0.5,239.60842
69.25,0.5,239.55842
69.75,0.5,241.35145
69.75,0.5,241.30145
69.75,0.5,241.25145
69.75,0.5,241.20145
69.75,0.5,241.15145
69.75,0.5,241.10145
69.75,0.5,241.05145
69.75,0.5,241.00145
69.75,0.5,240.95145
69.75,0.5,240.90145
69.75,0.5,240.85145
69.75,0.5,240.80145
69.75,0.5,240.75145
69.75,0.5,240.70145
69.75,0.5,240.65145
69.75,0.5,240.60145
69.75,0.5,240.55145
69.75,0.5,240.50145
69.75,0.5,240.45145
69.75,0.5,240.40145
69.75,0.5,240.35145
69.75,0.5,240.30145
69.75,0.5,240.25145
69.75,0.5,240.20145
69.75,0.5,240.15145
69.75,0.5,240.10145
69.75,0.5,240.05145
69.75,0.5,240.00145
69.75,0.5,239.95145
69.75,0.5,239.90145
69.75,0.5,239.85145
69.75,0.5,239.80145
69.75,0.5,239.75145
69.75,0.5,239.70145
69.75,0.5,239.65145
69.75,0.5,239.60145
70.25,0.5,241.39448
70.25,0.5,241.34447
70.25,0.5,241.29448
70.25,0.5,241.24448
70.25,0.5,241.19448
70.25,0.5,241.14448
70.25,0.5,241.09447
70.25,0.5,241.04448
70.25,0.5,240.99448
70.25,0.5,240.94448
70.25,0.5,240.89448
70.25,0.5,240.84447
70.25,0.5,240.79448
70.25,0.5,240.74448
70.25,0.5,240.69448
70.25,0.5,240.64448
70.25,0.5,240.59447
70.25,0.5,240.54448
70.25,0.5,240.49448
70.25,0.5,240.44448
70.25,0.5,240.39448
70.25,0.5,240.34447
70.25,0.5,240.29448
70.25,0.5,240.24448
70.25,0.5,240.19448
70.25,0.5,240.14448
70.25,0.5,240.09447
70.25,0.5,240.04448
70.25,0.5,239.99448
70.25,0.5,239.94448
70.25,0.5,239.89448
70.25,0.5,239.84447
70.25,0.5,239.79448
70.25,0.5,239.74448
70.25,0.5,239.69448
70.25,0.5,239.64448
70.75,0.5,241.43751
70.75,0.5,241.38751
70.75,0.5,241.33751
70.75,0.5,241.28751
70.75,0.5,241.23751
70.75,0.5,241.18751
70.75,0.5,241.13751
70.75,0.5,241.08751
70.75,0.5,241.03751
70.75,0.5,240.98751
70.75,0.5,240.93751
70.75,0.5,240.88751
70.75,0.5,240.83751
70.75,0.5,240.78751
70.75,0.5,240.73751
70.75,0.5,240.68751
70.75,0.5,240.63751
70.75,0.5,240.58751
70.75,0.5,240.53751
70.75,0.5,240.48751
70.75,0.5,240.43751
70.75,0.5,240.38751
70.75,0.5,240.33751
70.75,0.5,240.28751
70.75,0.5,240.23751
70.75,0.5,240.18751
70.75,0.5,240.13751
70.75,0.5,240.08751
70.75,0.5,240.03751
70.75,0.5,239.98751
70.75,0.5,239.93751
70.75,0.5,239.88751
70.75,0.5,239.83751
70.75,0.5,239.78751
70.75,0.5,239.73751
70.75,0.5,239.68751
71.25,0.5,241.48054
71.25,0.5,241.43054
71.25,0.5,241.38055
71.25,0.5,241.33054
71.25,0.5,241.28054
71.25,0.5,241.23054
71.25,0.5,241.18054
71.25,0.5,241.13055
71.25,0.5,241.08054
71.25,0.5,241.03054
71.25,0.5,240.98054
71.25,0.5,240.93054
71.25,0.5,240.88055
71.25,0.5,240.83054
71.25,0.5,240.78054
71.25,0.5,240.73054
71.25,0.5,240.68054
71.25,0.5,240.63055
71.25,0.5,240.58054
71.25,0.5,240.53054
71.25,0.5,240.48054
71.25,0.5,240.43054
71.25,0.5,240.38055
71.25,0.5,240.33054
71.25,0.5,240.28054
71.25,0.5,240.23054
71.25,0.5,240.18054
71.25,0.5,240.13055
71.25,0.5,240.08054
71.25,0.5,240.03054
71.25,0.5,239.98054
71.25,0.5,239.93054
71.25,0.5,239.88055
71.25,0.5,239.83054
71.25,0.5,239.78054
71.25,0.5,239.73054
68.75,0.5,239.46539
68.75,0.5,239.41538
68.75,0.5,239.36538
68.75,0.5,239.31539
68.75,0.5,239.14039
68.75,0.5,238.59039
68.75,0.5,237.54038
68.75,0.5,235.99038
68.75,0.5,233.94039
68.75,0.5,231.39039
68.75,0.5,228.34039
68.75,0.5,224.79038
69.25,0.5,239.50842
69.25,0.5,239.45841
69.25,0.5,239.40842
69.25,0.5,239.35842
69.25,0.5,239.18342
69.25,0.5,238.63342
69.25,0.5,237.58341
69.25,0.5,236.03342
69.25,0.5,233.98342
69.25,0.5,231.43342
69.25,0.5,228.38342
69.25,0.5,224.83341
69.75,0.5,239.55145
69.75,0.5,239.50145
69.75,0.5,239.45145
69.75,0.5,239.40145
69.75,0.5,239.22645
69.75,0.5,238.67645
69.75,0.5,237.62645
69.75,0.5,236.07645
69.75,0.5,234.02645
69.75,0.5,231.47645
69.75,0.5,228.42645
69.75,0.5,224.87645
70.25,0.5,239.59447
70.25,0.5,239.54448
70.25,0.5,239.49448
70.25,0.5,239.44448
70.25,0.5,239.26948
70.25,0.5,238.71947
70.25,0.5,237.66948
70.25,0.5,236.11948
70.25,0.5,234.06948
70.25,0.5,231.51948
70.25,0.5,228.46947
70.25,0.5,224.91948
70.75,0.5,239.63751
70.75,0.5,239.58751
70.75,0.5,239.53751
70.75,0.5,239.48751
70.75,0.5,239.31251
70.75,0.5,238.76251
70.75,0.5,237.71251
70.75,0.5,236.16251
70.75,0.5,234.11251
70.75,0.5,231.56251
70.75,0.5,228.51251
70.75,0.5,224.96251
71.25,0.5,239.68054
71.25,0.5,239.63055
71.25,0.5,239.58054
71.25,0.5,239.53054
71.25,0.5,239.35554
71.25,0.5,238.80554
71.25,0.5,237.75555
71.25,0.5,236.20554
71.25,0.5,234.15554
71.25,0.5,231.60554
71.25,0.5,228.55554
71.25,0.5,225.00555
71.75,0.5,241.52006
71.75,0.5,241.47007
71.75,0.5,241.42007
71.75,0.5,241.37006
71.75,0.5,241.32006
71.75,0.5,241.27006
71.75,0.5,241.22007
71.75,0.5,241.17007
71.75,0.5,241.12006
71.75,0.5,241.07006
71.75,0.5,241.02006
71.75,0.5,240.97007
71.75,0.5,240.92007
71.75,0.5,240.87006
71.75,0.5,240.82006
71.75,0.5,240.77006
71.75,0.5,240.72007
71.75,0.5,240.67007
71.75,0.5,240.62006
71.75,0.5,240.57006
71.75,0.5,240.52006
71.75,0.5,240.47007
71.75,0.5,240.42007
71.75,0.5,240.37006
71.75,0.5,240.32006
71.75,0.5,240.27006
71.75,0.5,240.22007
71.75,0.5,240.17007
71.75,0.5,240.12006
71.75,0.5,240.07006
71.75,0.5,240.02006
71.75,0.5,239.97007
71.75,0.5,239.92007
71.75,0.5,239.87006
71.75,0.5,239.82006
71.75,0.5,239.77006
72.25,0.5,241.55159
72.25,0.5,241.50159
72.25,0.5,241.45159
72.25,0.5,241.40159
72.25,0.5,241.35159
72.25,0.5,241.30159
72.25,0.5,241.25159
72.25,0.5,241.20159
72.25,0.5,241.15159
72.25,0.5,241.10159
72.25,0.5,241.05159
72.25,0.5,241.00159
72.25,0.5,240.95159
72.25,0.5,240.90159
72.25,0.5,240.85159
72.25,0.5,240.80159
72.25,0.5,240.75159
72.25,0.5,240.70159
72.25,0.5,240.65159
72.25,0.5,240.60159
72.25,0.5,240.55159
72.25,0.5,240.50159
72.25,0.5,240.45159
72.25,0.5,240.40159
72.25,0.5,240.35159
72.25,0.5,240.30159
72.25,0.5,240.25159
72.25,0.5,240.20159
72.25,0.5,240.15159
72.25,0.5,240.10159
72.25,0.5,240.05159
72.25,0.5,240.00159
72.25,0.5,239.95159
72.25,0.5,239.90159
72.25,0.5,239.85159
72.25,0.5,239.80159
72.75,0.5,241.57864
72.75,0.5,241.52864
72.75,0.5,241.47864
72.75,0.5,241.42864
72.75,0.5,241.37864
72.75,0.5,241.32864
72.75,0.5,241.27864
72.75,0.5,241.22864
72.75,0.5,241.17864
72.75,0.5,241.12864
72.75,0.5,241.07864
72.75,0.5,241.02864
72.75,0.5,240.97864
72.75,0.5,240.92864
72.75,0.5,240.87864
72.75,0.5,240.82864
72.75,0.5,240.77864
72.75,0.5,240.72864
72.75,0.5,240.67864
72.75,0.5,240.62864
72.75,0.5,240.57864
72.75,0.5,240.52864
72.75,0.5,240.47864
72.75,0.5,240.42864
72.75,0.5,240.37864
72.75,0.5,240.32864
72.75,0.5,240.27864
72.75,0.5,240.22864
72.75,0.5,240.17864
72.75,0.5,240.12864
72.75,0.5,240.07864
72.75,0.5,240.02864
72.75,0.5,239.97864
72.75,0.5,239.92864
72.75,0.5,239.87864
72.75,0.5,239.82864
73.25,0.5,241.60568
73.25,0.5,241.55568
73.25,0.5,241.50568
73.25,0.5,241.45568
73.25,0.5,241.40568
73.25,0.5,241.35568
73.25,0.5,241.30568
73.25,0.5,241.25568
73.25,0.5,241.20568
73.25,0.5,241.15568
73.25,0.5,241.10568
73.25,0.5,241.05568
73.25,0.5,241.00568
73.25,0.5,240.95568
73.25,0.5,240.90568
73.25,0.5,240.85568
73.25,0.5,240.80568
73.25,0.5,240.75568
73.25,0.5,240.70568
73.25,0.5,240.65568
73.25,0.5,240.60568
73.25,0.5,240.55568
73.25,0.5,240.50568
73.25,0.5,240.45568
73.25,0.5,240.40568
73.25,0.5,240.35568
73.25,0.5,240.30568
73.25,0.5,240.25568
73.25,0.5,240.20568
73.25,0.5,240.15568
73.25,0.5,240.10568
73.25,0.5,240.05568
73.25,0.5,240.00568
73.25,0.5,239.95568
73.25,0.5,239.90568
73.25,0.5,239.85568
73.75,0.5,241.63273
73.75,0.5,241.58273
73.75,0.5,241.53273
73.75,0.5,241.48273
73.75,0.5,241.43273
73.75,0.5,241.38273
73.75,0.5,241.33273
73.75,0.5,241.28273
73.75,0.5,241.23273
73.75,0.5,241.18273
73.75,0.5,241.13273
73.75,0.5,241.08273
73.75,0.5,241.03273
73.75,0.5,240.98273
73.75,0.5,240.93273
73.75,0.5,240.88273
73.75,0.5,240.83273
73.75,0.5,240.78273
73.75,0.5,240.73273
73.75,0.5,240.68273
73.75,0.5,240.63273
73.75,0.5,240.58273
73.75,0.5,240.53273
73.75,0.5,240.48273
73.75,0.5,240.43273
73.75,0.5,240.38273
73.75,0.5,240.33273
73.75,0.5,240.28273
73.75,0.5,240.23273
73.75,0.5,240.18273
73.75,0.5,240.13273
73.75,0.5,240.08273
73.75,0.5,240.03273
73.75,0.5,239.98273
73.75,0.5,239.93273
73.75,0.5,239.88273
74.25,0.5,241.65977
74.25,0.5,241.60977
74.25,0.5,241.55977
74.25,0.5,241.50977
74.25,0.5,241.45977
74.25,0.5,241.40977
74.25,0.5,241.35977
74.25,0.5,241.30977
74.25,0.5,241.25977
74.25,0.5,241.20977
74.25,0.5,241.15977
74.25,0.5,241.10977
74.25,0.5,241.05977
74.25,0.5,241.00977
74.25,0.5,240.95977
74.25,0.5,240.90977
74.25,0.5,240.85977
74.25,0.5,240.80977
74.25,0.5,240.75977
74.25,0.5,240.70977
74.25,0.5,240.65977
74.25,0.5,240.60977
74.25,0.5,240.55977
74.25,0.5,240.50977
74.25,0.5,240.45977
74.25,0.5,240.40977
74.25,0.5,240.35977
74.25,0.5,240.30977
74.25,0.5,240.25977
74.25,0.5,240.20977
74.25,0.5,240.15977
74.25,0.5,240.10977
74.25,0.5,240.05977
74.25,0.5,240.00977
74.25,0.5,239.95977
74.25,0.5,239.90977
71.75,0.5,239.72007
71.75,0.5,239.67007
71.75,0.5,239.62006
71.75,0.5,239.57006
71.75,0.5,239.39506
71.75,0.5,238.84507
71.75,0.5,237.79507
71.75,0.5,236.24506
71.75,0.5,234.19506
71.75,0.5,231.64506
71.75,0.5,228.59507
71.75,0.5,225.04507
72.25,0.5,239.75159
72.25,0.5,239.70159
72.25,0.5,239.65159
72.25,0.5,239.60159
72.25,0.5,239.42659
72.25,0.5,238.87659
72.25,0.5,237.82659
72.25,0.5,236.27659
72.25,0.5,234.22659
72.25,0.5,231.67659
72.25,0.5,228.62659
72.25,0.5,225.07659
72.75,0.5,239.77864
72.75,0.5,239.72864
72.75,0.5,239.67864
72.75,0.5,239.62864
72.75,0.5,239.45364
72.75,0.5,238.90364
72.75,0.5,237.85364
72.75,0.5,236.30364
72.75,0.5,234.25364
72.75,0.5,231.70364
72.75,0.5,228.65364
72.75,0.5,225.10364
73.25,0.5,239.80568
73.25,0.5,239.75568
73.25,0.5,239.70568
73.25,0.5,239.65568
73.25,0.5,239.48068
73.25,0.5,238.93068
73.25,0.5,237.88068
73.25,0.5,236.33068
73.25,0.5,234.28068
73.25,0.5,231.73068
73.25,0.5,228.68068
73.25,0.5,225.13068
73.75,0.5,239.83273
73.75,0.5,239.78273
73.75,0.5,239.73273
73.75,0.5,239.68273
73.75,0.5,239.50773
73.75,0.5,238.95773
73.75,0.5,237.90773
73.75,0.5,236.35773
73.75,0.5,234.30773
73.75,0.5,231.75773
73.75,0.5,228.70773
73.75,0.5,225.15773
74.25,0.5,239.85977
74.25,0.5,239.80977
74.25,0.5,239.75977
74.25,0.5,239.70977
74.25,0.5,239.53477
74.25,0.5,238.98477
74.25,0.5,237.93477
74.25,0.5,236.38477
74.25,0.5,234.33477
74.25,0.5,231.78477
74.25,0.5,228.73477
74.25,0.5,225.18477
74.75,0.5,241.68682
74.75,0.5,241.63682
74.75,0.5,241.58681
74.75,0.5,241.53682
74.75,0.5,241.48682
74.75,0.5,241.43682
74.75,0.5,241.38682
74.75,0.5,241.33681
74.75,0.5,241.28682
74.75,0.5,241.23682
74.75,0.5,241.18682
74.75,0.5,241.13682
74.75,0.5,241.08681
74.75,0.5,241.03682
74.75,0.5,240.98682
74.75,0.5,240.93682
74.75,0.5,240.88682
74.75,0.5,240.83681
74.75,0.5,240.78682
74.75,0.5,240.73682
74.75,0.5,240.68682
74.75,0.5,240.63682
74.75,0.5,240.58681
74.75,0.5,240.53682
74.75,0.5,240.48682
74.75,0.5,240.43682
74.75,0.5,240.38682
74.75,0.5,240.33681
74.75,0.5,240.28682
74.75,0.5,240.23682
74.75,0.5,240.18682
74.75,0.5,240.13682
74.75,0.5,240.08681
74.75,0.5,240.03682
74.75,0.5,239.98682
74.75,0.5,239.93682
75.25,0.5,241.71386
75.25,0.5,241.66386
75.25,0.5,241.61386
75.25,0.5,241.56386
75.25,0.5,241.51386
75.25,0.5,241.46386
75.25,0.5,241.41386
75.25,0.5,241.36386
75.25,0.5,241.31386
75.25,0.5,241.26386
75.25,0.5,241.21386
75.25,0.5,241.16386
75.25,0.5,241.11386
75.25,0.5,241.06386
75.25,0.5,241.01386
75.25,0.5,240.96386
75.25,0.5,240.91386
75.25,0.5,240.86386
75.25,0.5,240.81386
75.25,0.5,240.76386
75.25,0.5,240.71386
75.25,0.5,240.66386
75.25,0.5,240.61386
75.25,0.5,240.56386
75.25,0.5,240.51386
75.25,0.5,240.46386
75.25,0.5,240.41386
75.25,0.5,240.36386
75.25,0.5,240.31386
75.25,0.5,240.26386
75.25,0.5,240.21386
75.25,0.5,240.16386
75.25,0.5,240.11386
75.25,0.5,240.06386
75.25,0.5,240.01386
75.25,0.5,239.96386
75.75,0.5,241.73884
75.75,0.5,241.68884
75.75,0.5,241.63884
75.75,0.5,241.58884
75.75,0.5,241.53884
75.75,0.5,241.48884
75.75,0.5,241.43884
75.75,0.5,241.38884
75.75,0.5,241.33884
75.75,0.5,241.28884
75.75,0.5,241.23884
75.75,0.5,241.18884
75.75,0.5,241.13884
75.75,0.5,241.08884
75.75,0.5,241.03884
75.75,0.5,240.98884
75.75,0.5,240.93884
75.75,0.5,240.88884
75.75,0.5,240.83884
75.75,0.5,240.78884
75.75,0.5,240.73884
75.75,0.5,240.68884
75.75,0.5,240.63884
75.75,0.5,240.58884
75.75,0.5,240.53884
75.75,0.5,240.48884
75.75,0.5,240.43884
75.75,0.5,240.38884
75.75,0.5,240.33884
75.75,0.5,240.28884
75.75,0.5,240.23884
75.75,0.5,240.18884
75.75,0.5,240.13884
75.75,0.5,240.08884
75.75,0.5,240.03884
75.75,0.5,239.98884
76.25,0.5,241.75935
76.25,0.5,241.70935
76.25,0.5,241.65935
76.25,0.5,241.60935
76.25,0.5,241.55935
76.25,0.5,241.50935
76.25,0.5,241.45935
76.25,0.5,241.40935
76.25,0.5,241.35935
76.25,0.5,241.30935
76.25,0.5,241.25935
76.25,0.5,241.20935
76.25,0.5,241.15935
76.25,0.5,241.10935
76.25,0.5,241.05935
76.25,0.5,241.00935
76.25,0.5,240.95935
76.25,0.5,240.90935
76.25,0.5,240.85935
76.25,0.5,240.80935
76.25,0.5,240.75935
76.25,0.5,240.70935
76.25,0.5,240.65935
76.25,0.5,240.60935
76.25,0.5,240.55935
76.25,0.5,240.50935
76.25,0.5,240.45935
76.25,0.5,240.40935
76.25,0.5,240.35935
76.25,0.5,240.30935
76.25,0.5,240.25935
76.25,0.5,240.20935
76.25,0.5,240.15935
76.25,0.5,240.10935
76.25,0.5,240.05935
76.25,0.5,240.00935
76.75,0.5,241.77747
76.75,0.5,241.72747
76.75,0.5,241.67747
76.75,0.5,241.62747
76.75,0.5,241.57747
76.75,0.5,241.52747
76.75,0.5,241.47747
76.75,0.5,241.42747
76.75,0.5,241.37747
76.75,0.5,241.32747
76.75,0.5,241.27747
76.75,0.5,241.22747
76.75,0.5,241.17747
76.75,0.5,241.12747
76.75,0.5,241.07747
76.75,0.5,241.02747
76.75,0.5,240.97747
76.75,0.5,240.92747
76.75,0.5,240.87747
76.75,0.5,240.82747
76.75,0.5,240.77747
76.75,0.5,240.72747
76.75,0.5,240.67747
76.75,0.5,240.62747
76.75,0.5,240.57747
76.75,0.5,240.52747
76.75,0.5,240.47747
76.75,0.5,240.42747
76.75,0.5,240.37747
76.75,0.5,240.32747
76.75,0.5,240.27747
76.75,0.5,240.22747
76.75,0.5,240.17747
76.75,0.5,240.12747
76.75,0.5,240.07747
76.75,0.5,240.02747
77.25,0.5,241.79559
77.25,0.5,241.74559
77.25,0.5,241.69559
77.25,0.5,241.64559
77.25,0.5,241.59559
77.25,0.5,241.54559
77.25,0.5,241.49559
77.25,0.5,241.44559
77.25,0.5,241.39559
77.25,0.5,241.34559
77.25,0.5,241.29559
77.25,0.5,241.24559
77.25,0.5,241.19559
77.25,0.5,241.14559
77.25,0.5,241.09559
77.25,0.5,241.04559
77.25,0.5,240.99559
77.25,0.5,240.94559
77.25,0.5,240.89559
77.25,0.5,240.84559
77.25,0.5,240.79559
77.25,0.5,240.74559
77.25,0.5,240.69559
77.25,0.5,240.64559
77.25,0.5,240.59559
77.25,0.5,240.54559
77.25,0.5,240.49559
77.25,0.5,240.44559
77.25,0.5,240.39559
77.25,0.5,240.34559
77.25,0.5,240.29559
77.25,0.5,240.24559
77.25,0.5,240.19559
77.25,0.5,240.14559
77.25,0.5,240.09559
77.25,0.5,240.04559
74.75,0.5,239.88682
74.75,0.5,239.83681
74.75,0.5,239.78682
74.75,0.5,239.73682
74.75,0.5,239.56182
74.75,0.5,239.01182
74.75,0.5,237.96181
74.75,0.5,236.41182
74.75,0.5,234.36182
74.75,0.5,231.81182
74.75,0.5,228.76182
74.75,0.5,225.21181
75.25,0.5,239.91386
75.25,0.5,239.86386
75.25,0.5,239.81386
75.25,0.5,239.76386
75.25,0.5,239.58886
75.25,0.5,239.03886
75.25,0.5,237.98886
75.25,0.5,236.43886
75.25,0.5,234.38886
75.25,0.5,231.83886
75.25,0.5,228.78886
75.25,0.5,225.23886
75.75,0.5,239.93884
75.75,0.5,239.88884
75.75,0.5,239.83884
75.75,0.5,239.78884
75.75,0.5,239.61384
75.75,0.5,239.06384
75.75,0.5,238.01384
75.75,0.5,236.46384
75.75,0.5,234.41384
75.75,0.5,231.86384
75.75,0.5,228.81384
75.75,0.5,225.26384
76.25,0.5,239.95935
76.25,0.5,239.90935
76.25,0.5,239.85935
76.25,0.5,239.80935
76.25,0.5,239.63435
76.25,0.5,239.08435
76.25,0.5,238.03435
76.25,0.5,236.48435
76.25,0.5,234.43435
76.25,0.5,231.88435
76.25,0.5,228.83435
76.25,0.5,225.28435
76.75,0.5,239.97747
76.75,0.5,239.92747
76.75,0.5,239.87747
76.75,0.5,239.82747
76.75,0.5,239.65247
76.75,0.5,239.10247
76.75,0.5,238.05247
76.75,0.5,236.50247
76.75,0.5,234.45247
76.75,0.5,231.90247
76.75,0.5,228.85247
76.75,0.5,225.30247
77.25,0.5,239.99559
77.25,0.5,239.94559
77.25,0.5,239.89559
77.25,0.5,239.84559
77.25,0.5,239.67059
77.25,0.5,239.12059
77.25,0.5,238.07059
77.25,0.5,236.52059
77.25,0.5,234.47059
77.25,0.5,231.92059
77.25,0.5,228.87059
77.25,0.5,225.32059
77.75,0.5,241.81371
77.75,0.5,241.76371
77.75,0.5,241.71371
77.75,0.5,241.66371
77.75,0.5,241.61371
77.75,0.5,241.56371
77.75,0.5,241.51371
77.75,0.5,241.46371
77.75,0.5,241.41371
77.75,0.5,241.36371
77.75,0.5,241.31371
77.75,0.5,241.26371
77.75,0.5,241.21371
77.75,0.5,241.16371
77.75,0.5,241.11371
77.75,0.5,241.06371
77.75,0.5,241.01371
77.75,0.5,240.96371
77.75,0.5,240.91371
77.75,0.5,240.86371
77.75,0.5,240.81371
77.75,0.5,240.76371
77.75,0.5,240.71371
77.75,0.5,240.66371
77.75,0.5,240.61371
77.75,0.5,240.56371
77.75,0.5,240.51371
77.75,0.5,240.46371
77.75,0.5,240.41371
77.75,0.5,240.36371
77.75,0.5,240.31371
77.75,0.5,240.26371
77.75,0.5,240.21371
77.75,0.5,240.16371
77.75,0.5,240.11371
77.75,0.5,240.06371
78.25,0.5,241.83182
78.25,0.5,241.78183
78.25,0.5,241.73183
78.25,0.5,241.68182
78.25,0.5,241.63182
78.25,0.5,241.58182
78.25,0.5,241.53183
78.25,0.5,241.48183
78.25,0.5,241.43182
78.25,0.5,241.38182
78.25,0.5,241.33182
78.25,0.5,241.28183
78.25,0.5,241.23183
78.25,0.5,241.18182
78.25,0.5,241.13182
78.25,0.5,241.08182
78.25,0.5,241.03183
78.25,0.5,240.98183
78.25,0.5,240.93182
78.25,0.5,240.88182
78.25,0.5,240.83182
78.25,0.5,240.78183
78.25,0.5,240.73183
78.25,0.5,240.68182
78.25,0.5,240.63182
78.25,0.5,240.58182
78.25,0.5,240.53183
78.25,0.5,240.48183
78.25,0.5,240.43182
78.25,0.5,240.38182
78.25,0.5,240.33182
78.25,0.5,240.28183
78.25,0.5,240.23183
78.25,0.5,240.18182
78.25,0.5,240.13182
78.25,0.5,240.08182
78.75,0.5,241.84994
78.75,0.5,241.79994
78.75,0.5,241.74994
78.75,0.5,241.69994
78.75,0.5,241.64994
78.75,0.5,241.59994
78.75,0.5,241.54994
78.75,0.5,241.49994
78.75,0.5,241.44994
78.75,0.5,241.39994
78.75,0.5,241.34994
78.75,0.5,241.29994
78.75,0.5,241.24994
78.75,0.5,241.19994
78.75,0.5,241.14994
78.75,0.5,241.09994
78.75,0.5,241.04994
78.75,0.5,240.99994
78.75,0.5,240.94994
78.75,0.5,240.89994
78.75,0.5,240.84994
78.75,0.5,240.79994
78.75,0.5,240.74994
78.75,0.5,240.69994
78.75,0.5,240.64994
78.75,0.5,240.59994
78.75,0.5,240.54994
78.75,0.5,240.49994
78.75,0.5,240.44994
78.75,0.5,240.39994
78.75,0.5,240.34994
78.75,0.5,240.29994
78.75,0.5,240.24994
78.75,0.5,240.19994
78.75,0.5,240.14994
78.75,0.5,240.09994
79.25,0.5,241.86806
79.25,0.5,241.81806
79.25,0.5,241.76806
79.25,0.5,241.71806
79.25,0.5,241.66806
79.25,0.5,241.61806
79.25,0.5,241.56806
79.25,0.5,241.51806
79.25,0.5,241.46806
79.25,0.5,241.41806
79.25,0.5,241.36806
79.25,0.5,241.31806
79.25,0.5,241.26806
79.25,0.5,241.21806
79.25,0.5,241.16806
79.25,0.5,241.11806
79.25,0.5,241.06806
79.25,0.5,241.01806
79.25,0.5,240.96806
79.25,0.5,240.91806
79.25,0.5,240.86806
79.25,0.5,240.81806
79.25,0.5,240.76806
79.25,0.5,240.71806
79.25,0.5,240.66806
79.25,0.5,240.61806
79.25,0.5,240.56806
79.25,0.5,240.51806
79.25,0.5,240.46806
79.25,0.5,240.41806
79.25,0.5,240.36806
79.25,0.5,240.31806
79.25,0.5,240.26806
79.25,0.5,240.21806
79.25,0.5,240.16806
79.25,0.5,240.11806
79.75,0.5,241.887
79.75,0.5,241.837
79.75,0.5,241.787
79.75,0.5,241.737
79.75,0.5,241.687
79.75,0.5,241.637
79.75,0.5,241.587
79.75,0.5,241.537
79.75,0.5,241.487
79.75,0.5,241.437
79.75,0.5,241.387
79.75,0.5,241.337
79.75,0.5,241.287
79.75,0.5,241.237
79.75,0.5,241.187
79.75,0.5,241.137
79.75,0.5,241.087
79.75,0.5,241.037
79.75,0.5,240.987
79.75,0.5,240.937
79.75,0.5,240.887
79.75,0.5,240.837
79.75,0.5,240.787
79.75,0.5,240.737
79.75,0.5,240.687
79.75,0.5,240.637
79.75,0.5,240.587
79.75,0.5,240.537
79.75,0.5,240.487
79.75,0.5,240.437
79.75,0.5,240.387
79.75,0.5,240.337
79.75,0.5,240.287
79.75,0.5,240.237
79.75,0.5,240.187
79.75,0.5,240.137
80.25,0.5,241.90763
80.25,0.5,241.85763
80.25,0.5,241.80762
80.25,0.5,241.75763
80.25,0.5,241.70763
80.25,0.5,241.65763
80.25,0.5,241.60763
80.25,0.5,241.55762
80.25,0.5,241.50763
80.25,0.5,241.45763
80.25,0.5,241.40763
80.25,0.5,241.35763
80.25,0.5,241.30762
80.25,0.5,241.25763
80.25,0.5,241.20763
80.25,0.5,241.15763
80.25,0.5,241.10763
80.25,0.5,241.05762
80.25,0.5,241.00763
80.25,0.5,240.95763
80.25,0.5,240.90763
80.25,0.5,240.85763
80.25,0.5,240.80762
80.25,0.5,240.75763
80.25,0.5,240.70763
80.25,0.5,240.65763
80.25,0.5,240.60763
80.25,0.5,240.55762
80.25,0.5,240.50763
80.25,0.5,240.45763
80.25,0.5,240.40763
80.25,0.5,240.35763
80.25,0.5,240.30762
80.25,0.5,240.25763
80.25,0.5,240.20763
80.25,0.5,240.15763
77.75,0.5,240.01371
77.75,0.5,239.96371
77.75,0.5,239.91371
77.75,0.5,239.86371
77.75,0.5,239.68871
77.75,0.5,239.13871
77.75,0.5,238.08871
77.75,0.5,236.53871
77.75,0.5,234.48871
77.75,0.5,231.93871
77.75,0.5,228.88871
77.75,0.5,225.33871
78.25,0.5,240.03183
78.25,0.5,239.98183
78.25,0.5,239.93182
78.25,0.5,239.88182
78.25,0.5,239.70682
78.25,0.5,239.15683
78.25,0.5,238.10683
78.25,0.5,236.55682
78.25,0.5,234.50682
78.25,0.5,231.95682
78.25,0.5,228.90683
78.25,0.5,225.35683
78.75,0.5,240.04994
78.75,0.5,239.99994
78.75,0.5,239.94994
78.75,0.5,239.89994
78.75,0.5,239.72494
78.75,0.5,239.17494
78.75,0.5,238.12494
78.75,0.5,236.57494
78.75,0.5,234.52494
78.75,0.5,231.97494
78.75,0.5,228.92494
78.75,0.5,225.37494
79.25,0.5,240.06806
79.25,0.5,240.01806
79.25,0.5,239.96806
79.25,0.5,239.91806
79.25,0.5,239.74306
79.25,0.5,239.19306
79.25,0.5,238.14306
79.25,0.5,236.59306
79.25,0.5,234.54306
79.25,0.5,231.99306
79.25,0.5,228.94306
79.25,0.5,225.39306
79.75,0.5,240.087
79.75,0.5,240.037
79.75,0.5,239.987
79.75,0.5,239.937
79.75,0.5,239.762
79.75,0.5,239.212
79.75,0.5,238.162
79.75,0.5,236.612
79.75,0.5,234.562
79.75,0.5,232.012
79.75,0.5,228.962
79.75,0.5,225.412
80.25,0.5,240.10763
80.25,0.5,240.05762
80.25,0.5,240.00763
80.25,0.5,239.95763
80.25,0.5,239.78263
80.25,0.5,239.23263
80.25,0.5,238.18262
80.25,0.5,236.63263
80.25,0.5,234.58263
80.25,0.5,232.03263
80.25,0.5,228.98263
80.25,0.5,225.43262
80.75,0.5,241.92912
80.75,0.5,241.87912
80.75,0.5,241.82912
80.75,0.5,241.77912
80.75,0.5,241.72912
80.75,0.5,241.67912
80.75,0.5,241.62912
80.75,0.5,241.57912
80.75,0.5,241.52912
80.75,0.5,241.47912
80.75,0.5,241.42912
80.75,0.5,241.37912
80.75,0.5,241.32912
80.75,0.5,241.27912
80.75,0.5,241.22912
80.75,0.5,241.17912
80.75,0.5,241.12912
80.75,0.5,241.07912
80.75,0.5,241.02912
80.75,0.5,240.97912
80.75,0.5,240.92912
80.75,0.5,240.87912
80.75,0.5,240.82912
80.75,0.5,240.77912
80.75,0.5,240.72912
80.75,0.5,240.67912
80.75,0.5,240.62912
80.75,0.5,240.57912
80.75,0.5,240.52912
80.75,0.5,240.47912
80.75,0.5,240.42912
80.75,0.5,240.37912
80.75,0.5,240.32912
80.75,0.5,240.27912
80.75,0.5,240.22912
80.75,0.5,240.17912
81.25,0.5,241.95061
81.25,0.5,241.90061
81.25,0.5,241.85061
81.25,0.5,241.80061
81.25,0.5,241.75061
81.25,0.5,241.70061
81.25,0.5,241.65061
81.25,0.5,241.60061
81.25,0.5,241.55061
81.25,0.5,241.50061
81.25,0.5,241.45061
81.25,0.5,241.40061
81.25,0.5,241.35061
81.25,0.5,241.30061
81.25,0.5,241.25061
81.25,0.5,241.20061
81.25,0.5,241.15061
81.25,0.5,241.10061
81.25,0.5,241.05061
81.25,0.5,241.00061
81.25,0.5,240.95061
81.25,0.5,240.90061
81.25,0.5,240.85061
81.25,0.5,240.80061
81.25,0.5,240.75061
81.25,0.5,240.70061
81.25,0.5,240.65061
81.25,0.5,240.60061
81.25,0.5,240.55061
81.25,0.5,240.50061
81.25,0.5,240.45061
81.25,0.5,240.40061
81.25,0.5,240.35061
81.25,0.5,240.30061
81.25,0.5,240.25061
81.25,0.5,240.20061
81.75,0.5,241.9721
81.75,0.5,241.9221
81.75,0.5,241.8721
81.75,0.5,241.8221
81.75,0.5,241.7721
81.75,0.5,241.7221
81.75,0.5,241.6721
81.75,0.5,241.6221
81.75,0.5,241.5721
81.75,0.5,241.5221
81.75,0.5,241.4721
81.75,0.5,241.4221
81.75,0.5,241.3721
81.75,0.5,241.3221
81.75,0.5,241.2721
81.75,0.5,241.2221
81.75,0.5,241.1721
81.75,0.5,241.1221
81.75,0.5,241.0721
81.75,0.5,241.0221
81.75,0.5,240.9721
81.75,0.5,240.9221
81.75,0.5,240.8721
81.75,0.5,240.8221
81.75,0.5,240.7721
81.75,0.5,240.7221
81.75,0.5,240.6721
81.75,0.5,240.6221
81.75,0.5,240.5721
81.75,0.5,240.5221
81.75,0.5,240.4721
81.75,0.5,240.4221
81.75,0.5,240.3721
81.75,0.5,240.3221
81.75,0.5,240.2721
81.75,0.5,240.2221
82.25,0.5,241.99359
82.25,0.5,241.94359
82.25,0.5,241.89359
82.25,0.5,241.84359
82.25,0.5,241.79359
82.25,0.5,241.74359
82.25,0.5,241.69359
82.25,0.5,241.64359
82.25,0.5,241.59359
82.25,0.5,241.54359
82.25,0.5,241.49359
82.25,0.5,241.44359
82.25,0.5,241.39359
82.25,0.5,241.34359
82.25,0.5,241.29359
82.25,0.5,241.24359
82.25,0.5,241.19359
82.25,0.5,241.14359
82.25,0.5,241.09359
82.25,0.5,241.04359
82.25,0.5,240.99359
82.25,0.5,240.94359
82.25,0.5,240.89359
82.25,0.5,240.84359
82.25,0.5,240.79359
82.25,0.5,240.74359
82.25,0.5,240.69359
82.25,0.5,240.64359
82.25,0.5,240.59359
82.25,0.5,240.54359
82.25,0.5,240.49359
82.25,0.5,240.44359
82.25,0.5,240.39359
82.25,0.5,240.34359
82.25,0.5,240.29359
82.25,0.5,240.24359
82.75,0.5,242.01508
82.75,0.5,241.96508
82.75,0.5,241.91508
82.75,0.5,241.86508
82.75,0.5,241.81508
82.75,0.5,241.76508
82.75,0.5,241.71508
82.75,0.5,241.66508
82.75,0.5,241.61508
82.75,0.5,241.56508
82.75,0.5,241.51508
82.75,0.5,241.46508
82.75,0.5,241.41508
82.75,0.5,241.36508
82.75,0.5,241.31508
82.75,0.5,241.26508
82.75,0.5,241.21508
82.75,0.5,241.16508
82.75,0.5,241.11508
82.75,0.5,241.06508
82.75,0.5,241.01508
82.75,0.5,240.96508
82.75,0.5,240.91508
82.75,0.5,240.86508
82.75,0.5,240.81508
82.75,0.5,240.76508
82.75,0.5,240.71508
82.75,0.5,240.66508
82.75,0.5,240.61508
82.75,0.5,240.56508
82.75,0.5,240.51508
82.75,0.5,240.46508
82.75,0.5,240.41508
82.75,0.5,240.36508
82.75,0.5,240.31508
82.75,0.5,240.26508
83.25,0.5,242.03657
83.25,0.5,241.98657
83.25,0.5,241.93657
83.25,0.5,241.88657
83.25,0.5,241.83657
83.25,0.5,241.78657
83.25,0.5,241.73657
83.25,0.5,241.68657
83.25,0.5,241.63657
83.25,0.5,241.58657
83.25,0.5,241.53657
83.25,0.5,241.48657
83.25,0.5,241.43657
83.25,0.5,241.38657
83.25,0.5,241.33657
83.25,0.5,241.28657
83.25,0.5,241.23657
83.25,0.5,241.18657
83.25,0.5,241.13657
83.25,0.5,241.08657
83.25,0.5,241.03657
83.25,0.5,240.98657
83.25,0.5,240.93657
83.25,0.5,240.88657
83.25,0.5,240.83657
83.25,0.5,240.78657
83.25,0.5,240.73657
83.25,0.5,240.68657
83.25,0.5,240.63657
83.25,0.5,240.58657
83.25,0.5,240.53657
83.25,0.5,240.48657
83.25,0.5,240.43657
83.25,0.5,240.38657
83.25,0.5,240.33657
83.25,0.5,240.28657
80.75,0.5,240.12912
80.75,0.5,240.07912
80.75,0.5,240.02912
80.75,0.5,239.97912
80.75,0.5,239.80412
80.75,0.5,239.25412
80.75,0.5,238.20412
80.75,0.5,236.65412
80.75,0.5,234.60412
80.75,0.5,232.05412
80.75,0.5,229.00412
80.75,0.5,225.45412
81.25,0.5,240.15061
81.25,0.5,240.10061
81.25,0.5,240.05061
81.25,0.5,240.00061
81.25,0.5,239.82561
81.25,0.5,239.27561
81.25,0.5,238.22561
81.25,0.5,236.67561
81.25,0.5,234.62561
81.25,0.5,232.07561
81.25,0.5,229.02561
81.25,0.5,225.47561
81.75,0.5,240.1721
81.75,0.5,240.1221
81.75,0.5,240.0721
81.75,0.5,240.0221
81.75,0.5,239.8471
81.75,0.5,239.2971
81.75,0.5,238.2471
81.75,0.5,236.6971
81.75,0.5,234.6471
81.75,0.5,232.0971
81.75,0.5,229.0471
81.75,0.5,225.4971
82.25,0.5,240.19359
82.25,0.5,240.14359
82.25,0.5,240.09359
82.25,0.5,240.04359
82.25,0.5,239.86859
82.25,0.5,239.31859
82.25,0.5,238.26859
82.25,0.5,236.71859
82.25,0.5,234.66859
82.25,0.5,232.11859
82.25,0.5,229.06859
82.25,0.5,225.51859
82.75,0.5,240.21508
82.75,0.5,240.16508
82.75,0.5,240.11508
82.75,0.5,240.06508
82.75,0.5,239.89008
82.75,0.5,239.34008
82.75,0.5,238.29008
82.75,0.5,236.74008
82.75,0.5,234.69008
82.75,0.5,232.14008
82.75,0.5,229.09008
82.75,0.5,225.54008
83.25,0.5,240.23657
83.25,0.5,240.18657
83.25,0.5,240.13657
83.25,0.5,240.08657
83.25,0.5,239.91157
83.25,0.5,239.36157
83.25,0.5,238.31157
83.25,0.5,236.76157
83.25,0.5,234.71157
83.25,0.5,232.16157
83.25,0.5,229.11157
83.25,0.5,225.56157
83.75,0.5,242.05798
83.75,0.5,242.00799
83.75,0.5,241.95798
83.75,0.5,241.90798
83.75,0.5,241.85798
83.75,0.5,241.80798
83.75,0.5,241.75799
83.75,0.5,241.70798
83.75,0.5,241.65798
83.75,0.5,241.60798
83.75,0.5,241.55798
83.75,0.5,241.50799
83.75,0.5,241.45798
83.75,0.5,241.40798
83.75,0.5,241.35798
83.75,0.5,241.30798
83.75,0.5,241.25799
83.75,0.5,241.20798
83.75,0.5,241.15798
83.75,0.5,241.10798
83.75,0.5,241.05798
83.75,0.5,241.00799
83.75,0.5,240.95798
83.75,0.5,240.90798
83.75,0.5,240.85798
83.75,0.5,240.80798
83.75,0.5,240.75799
83.75,0.5,240.70798
83.75,0.5,240.65798
83.75,0.5,240.60798
83.75,0.5,240.55798
83.75,0.5,240.50799
83.75,0.5,240.45798
83.75,0.5,240.40798
83.75,0.5,240.35798
83.75,0.5,240.30798
84.25,0.5,242.07924
84.25,0.5,242.02924
84.25,0.5,241.97924
84.25,0.5,241.92924
84.25,0.5,241.87923
84.25,0.5,241.82924
84.25,0.5,241.77924
84.25,0.5,241.72924
84.25,0.5,241.67924
84.25,0.5,241.62923
84.25,0.5,241.57924
84.25,0.5,241.52924
84.25,0.5,241.47924
84.25,0.5,241.42924
84.25,0.5,241.37923
84.25,0.5,241.32924
84.25,0.5,241.27924
84.25,0.5,241.22924
84.25,0.5,241.17924
84.25,0.5,241.12923
84.25,0.5,241.07924
84.25,0.5,241.02924
84.25,0.5,240.97924
84.25,0.5,240.92924
84.25,0.5,240.87923
84.25,0.5,240.82924
84.25,0.5,240.77924
84.25,0.5,240.72924
84.25,0.5,240.67924
84.25,0.5,240.62923
84.25,0.5,240.57924
84.25,0.5,240.52924
84.25,0.5,240.47924
84.25,0.5,240.42924
84.25,0.5,240.37923
84.25,0.5,240.32924
84.75,0.5,242.10041
84.75,0.5,242.05041
84.75,0.5,242.00042
84.75,0.5,241.95042
84.75,0.5,241.90041
84.75,0.5,241.85041
84.75,0.5,241.80041
84.75,0.5,241.75042
84.75,0.5,241.70042
84.75,0.5,241.65041
84.75,0.5,241.60041
84.75,0.5,241.55041
84.75,0.5,241.50042
84.75,0.5,241.45042
84.75,0.5,241.40041
84.75,0.5,241.35041
84.75,0.5,241.30041
84.75,0.5,241.25042
84.75,0.5,241.20042
84.75,0.5,241.15041
84.75,0.5,241.10041
84.75,0.5,241.05041
84.75,0.5,241.00042
84.75,0.5,240.95042
84.75,0.5,240.90041
84.75,0.5,240.85041
84.75,0.5,240.80041
84.75,0.5,240.75042
84.75,0.5,240.70042
84.75,0.5,240.65041
84.75,0.5,240.60041
84.75,0.5,240.55041
84.75,0.5,240.50042
84.75,0.5,240.45042
84.75,0.5,240.40041
84.75,0.5,240.35041
85.25,0.5,242.12159
85.25,0.5,242.07159
85.25,0.5,242.02159
85.25,0.5,241.97159
85.25,0.5,241.92159
85.25,0.5,241.87159
85.25,0.5,241.82159
85.25,0.5,241.77159
85.25,0.5,241.72159
85.25,0.5,241.67159
85.25,0.5,241.62159
85.25,0.5,241.57159
85.25,0.5,241.52159
85.25,0.5,241.47159
85.25,0.5,241.42159
85.25,0.5,241.37159
85.25,0.5,241.32159
85.25,0.5,241.27159
85.25,0.5,241.22159
85.25,0.5,241.17159
85.25,0.5,241.12159
85.25,0.5,241.07159
85.25,0.5,241.02159
85.25,0.5,240.97159
85.25,0.5,240.92159
85.25,0.5,240.87159
85.25,0.5,240.82159
85.25,0.5,240.77159
85.25,0.5,240.72159
85.25,0.5,240.67159
85.25,0.5,240.62159
85.25,0.5,240.57159
85.25,0.5,240.52159
85.25,0.5,240.47159
85.25,0.5,240.42159
85.25,0.5,240.37159
85.75,0.5,242.14277
85.75,0.5,242.09277
85.75,0.5,242.04276
85.75,0.5,241.99276
85.75,0.5,241.94277
85.75,0.5,241.89277
85.75,0.5,241.84277
85.75,0.5,241.79276
85.75,0.5,241.74276
85.75,0.5,241.69277
85.75,0.5,241.64277
85.75,0.5,241.59277
85.75,0.5,241.54276
85.75,0.5,241.49276
85.75,0.5,241.44277
85.75,0.5,241.39277
85.75,0.5,241.34277
85.75,0.5,241.29276
85.75,0.5,241.24276
85.75,0.5,241.19277
85.75,0.5,241.14277
85.75,0.5,241.09277
85.75,0.5,241.04276
85.75,0.5,240.99276
85.75,0.5,240.94277
85.75,0.5,240.89277
85.75,0.5,240.84277
85.75,0.5,240.79276
85.75,0.5,240.74276
85.75,0.5,240.69277
85.75,0.5,240.64277
85.75,0.5,240.59277
85.75,0.5,240.54276
85.75,0.5,240.49276
85.75,0.5,240.44277
85.75,0.5,240.39277
86.25,0.5,242.16394
86.25,0.5,242.11395
86.25,0.5,242.06394
86.25,0.5,242.01394
86.25,0.5,241.96394
86.25,0.5,241.91394
86.25,0.5,241.86395
86.25,0.5,241.81394
86.25,0.5,241.76394
86.25,0.5,241.71394
86.25,0.5,241.66394
86.25,0.5,241.61395
86.25,0.5,241.56394
86.25,0.5,241.51394
86.25,0.5,241.46394
86.25,0.5,241.41394
86.25,0.5,241.36395
86.25,0.5,241.31394
86.25,0.5,241.26394
86.25,0.5,241.21394
86.25,0.5,241.16394
86.25,0.5,241.11395
86.25,0.5,241.06394
86.25,0.5,241.01394
86.25,0.5,240.96394
86.25,0.5,240.91394
86.25,0.5,240.86395
86.25,0.5,240.81394
86.25,0.5,240.76394
86.25,0.5,240.71394
86.25,0.5,240.66394
86.25,0.5,240.61395
86.25,0.5,240.56394
86.25,0.5,240.51394
86.25,0.5,240.46394
86.25,0.5,240.41394
83.75,0.5,240.25799
83.75,0.5,240.20798
83.75,0.5,240.15798
83.75,0.5,240.10798
83.75,0.5,239.93298
83.75,0.5,239.38299
83.75,0.5,238.33298
83.75,0.5,236.78298
83.75,0.5,234.73298
83.75,0.5,232.18298
83.75,0.5,229.13299
83.75,0.5,225.58298
84.25,0.5,240.27924
84.25,0.5,240.22924
84.25,0.5,240.17924
84.25,0.5,240.12923
84.25,0.5,239.95424
84.25,0.5,239.40424
84.25,0.5,238.35424
84.25,0.5,236.80424
84.25,0.5,234.75423
84.25,0.5,232.20424
84.25,0.5,229.15424
84.25,0.5,225.60424
84.75,0.5,240.30041
84.75,0.5,240.25042
84.75,0.5,240.20042
84.75,0.5,240.15041
84.75,0.5,239.97541
84.75,0.5,239.42541
84.75,0.5,238.37542
84.75,0.5,236.82542
84.75,0.5,234.77541
84.75,0.5,232.22541
84.75,0.5,229.17541
84.75,0.5,225.62542
85.25,0.5,240.32159
85.25,0.5,240.27159
85.25,0.5,240.22159
85.25,0.5,240.17159
85.25,0.5,239.99659
85.25,0.5,239.44659
85.25,0.5,238.39659
85.25,0.5,236.84659
85.25,0.5,234.79659
85.25,0.5,232.24659
85.25,0.5,229.19659
85.25,0.5,225.64659
85.75,0.5,240.34277
85.75,0.5,240.29276
85.75,0.5,240.24276
85.75,0.5,240.19277
85.75,0.5,240.01777
85.75,0.5,239.46777
85.75,0.5,238.41776
85.75,0.5,236.86776
85.75,0.5,234.81777
85.75,0.5,232.26777
85.75,0.5,229.21777
85.75,0.5,225.66776
86.25,0.5,240.36395
86.25,0.5,240.31394
86.25,0.5,240.26394
86.25,0.5,240.21394
86.25,0.5,240.03894
86.25,0.5,239.48895
86.25,0.5,238.43894
86.25,0.5,236.88894
86.25,0.5,234.83894
86.25,0.5,232.28894
86.25,0.5,229.23895
86.25,0.5,225.68894
86.75,0.5,242.18512
86.75,0.5,242.13512
86.75,0.5,242.08512
86.75,0.5,242.03512
86.75,0.5,241.98512
86.75,0.5,241.93512
86.75,0.5,241.88512
86.75,0.5,241.83512
86.75,0.5,241.78512
86.75,0.5,241.73512
86.75,0.5,241.68512
86.75,0.5,241.63512
86.75,0.5,241.58512
86.75,0.5,241.53512
86.75,0.5,241.48512
86.75,0.5,241.43512
86.75,0.5,241.38512
86.75,0.5,241.33512
86.75,0.5,241.28512
86.75,0.5,241.23512
86.75,0.5,241.18512
86.75,0.5,241.13512
86.75,0.5,241.08512
86.75,0.5,241.03512
86.75,0.5,240.98512
86.75,0.5,240.93512
86.75,0.5,240.88512
86.75,0.5,240.83512
86.75,0.5,240.78512
86.75,0.5,240.73512
86.75,0.5,240.68512
86.75,0.5,240.63512
86.75,0.5,240.58512
86.75,0.5,240.53512
86.75,0.5,240.48512
86.75,0.5,240.43512
87.25,0.5,242.20629
87.25,0.5,242.15629
87.25,0.5,242.1063
87.25,0.5,242.0563
87.25,0.5,242.00629
87.25,0.5,241.95629
87.25,0.5,241.90629
87.25,0.5,241.8563
87.25,0.5,241.8063
87.25,0.5,241.75629
87.25,0.5,241.70629
87.25,0.5,241.65629
87.25,0.5,241.6063
87.25,0.5,241.5563
87.25,0.5,241.50629
87.25,0.5,241.45629
87.25,0.5,241.40629
87.25,0.5,241.3563
87.25,0.5,241.3063
87.25,0.5,241.25629
87.25,0.5,241.20629
87.25,0.5,241.15629
87.25,0.5,241.1063
87.25,0.5,241.0563
87.25,0.5,241.00629
87.25,0.5,240.95629
87.25,0.5,240.90629
87.25,0.5,240.8563
87.25,0.5,240.8063
87.25,0.5,240.75629
87.25,0.5,240.70629
87.25,0.5,240.65629
87.25,0.5,240.6063
87.25,0.5,240.5563
87.25,0.5,240.50629
87.25,0.5,240.45629
87.75,0.5,242.22418
87.75,0.5,242.17418
87.75,0.5,242.12418
87.75,0.5,242.07418
87.75,0.5,242.02418
87.75,0.5,241.97418
87.75,0.5,241.92418
87.75,0.5,241.87418
87.75,0.5,241.82418
87.75,0.5,241.77418
87.75,0.5,241.72418
87.75,0.5,241.67418
87.75,0.5,241.62418
87.75,0.5,241.57418
87.75,0.5,241.52418
87.75,0.5,241.47418
87.75,0.5,241.42418
87.75,0.5,241.37418
87.75,0.5,241.32418
87.75,0.5,241.27418
87.75,0.5,241.22418
87.75,0.5,241.17418
87.75,0.5,241.12418
87.75,0.5,241.07418
87.75,0.5,241.02418
87.75,0.5,240.97418
87.75,0.5,240.92418
87.75,0.5,240.87418
87.75,0.5,240.82418
87.75,0.5,240.77418
87.75,0.5,240.72418
87.75,0.5,240.67418
87.75,0.5,240.62418
87.75,0.5,240.57418
87.75,0.5,240.52418
87.75,0.5,240.47418
88.25,0.5,242.23593
88.25,0.5,242.18593
88.25,0.5,242.13593
88.25,0.5,242.08593
88.25,0.5,242.03593
88.25,0.5,241.98593
88.25,0.5,241.93593
88.25,0.5,241.88593
88.25,0.5,241.83593
88.25,0.5,241.78593
88.25,0.5,241.73593
88.25,0.5,241.68593
88.25,0.5,241.63593
88.25,0.5,241.58593
88.25,0.5,241.53593
88.25,0.5,241.48593
88.25,0.5,241.43593
88.25,0.5,241.38593
88.25,0.5,241.33593
88.25,0.5,241.28593
88.25,0.5,241.23593
88.25,0.5,241.18593
88.25,0.5,241.13593
88.25,0.5,241.08593
88.25,0.5,241.03593
88.25,0.5,240.98593
88.25,0.5,240.93593
88.25,0.5,240.88593
88.25,0.5,240.83593
88.25,0.5,240.78593
88.25,0.5,240.73593
88.25,0.5,240.68593
88.25,0.5,240.63593
88.25,0.5,240.58593
88.25,0.5,240.53593
88.25,0.5,240.48593
88.75,0.5,242.24483
88.75,0.5,242.19483
88.75,0.5,242.14483
88.75,0.5,242.09483
88.75,0.5,242.04483
88.75,0.5,241.99483
88.75,0.5,241.94483
88.75,0.5,241.89483
88.75,0.5,241.84483
88.75,0.5,241.79483
88.75,0.5,241.74483
88.75,0.5,241.69483
88.75,0.5,241.64483
88.75,0.5,241.59483
88.75,0.5,241.54483
88.75,0.5,241.49483
88.75,0.5,241.44483
88.75,0.5,241.39483
88.75,0.5,241.34483
88.75,0.5,241.29483
88.75,0.5,241.24483
88.75,0.5,241.19483
88.75,0.5,241.14483
88.75,0.5,241.09483
88.75,0.5,241.04483
88.75,0.5,240.99483
88.75,0.5,240.94483
88.75,0.5,240.89483
88.75,0.5,240.84483
88.75,0.5,240.79483
88.75,0.5,240.74483
88.75,0.5,240.69483
88.75,0.5,240.64483
88.75,0.5,240.59483
88.75,0.5,240.54483
88.75,0.5,240.49483
89.25,0.5,242.25373
89.25,0.5,242.20373
89.25,0.5,242.15373
89.25,0.5,242.10373
89.25,0.5,242.05373
89.25,0.5,242.00373
89.25,0.5,241.95373
89.25,0.5,241.90373
89.25,0.5,241.85373
89.25,0.5,241.80373
89.25,0.5,241.75373
89.25,0.5,241.70373
89.25,0.5,241.65373
89.25,0.5,241.60373
89.25,0.5,241.55373
89.25,0.5,241.50373
89.25,0.5,241.45373
89.25,0.5,241.40373
89.25,0.5,241.35373
89.25,0.5,241.30373
89.25,0.5,241.25373
89.25,0.5,241.20373
89.25,0.5,241.15373
89.25,0.5,241.10373
89.25,0.5,241.05373
89.25,0.5,241.00373
89.25,0.5,240.95373
89.25,0.5,240.90373
89.25,0.5,240.85373
89.25,0.5,240.80373
89.25,0.5,240.75373
89.25,0.5,240.70373
89.25,0.5,240.65373
89.25,0.5,240.60373
89.25,0.5,240.55373
89.25,0.5,240.50373
86.75,0.5,240.38512
86.75,0.5,240.33512
86.75,0.5,240.28512
86.75,0.5,240.23512
86.75,0.5,240.06012
86.75,0.5,239.51012
86.75,0.5,238.46012
86.75,0.5,236.91012
86.75,0.5,234.86012
86.75,0.5,232.31012
86.75,0.5,229.26012
86.75,0.5,225.71012
87.25,0.5,240.40629
87.25,0.5,240.3563
87.25,0.5,240.3063
87.25,0.5,240.25629
87.25,0.5,240.08129
87.25,0.5,239.53129
87.25,0.5,238.4813
87.25,0.5,236.9313
87.25,0.5,234.88129
87.25,0.5,232.33129
87.25,0.5,229.28129
87.25,0.5,225.7313
87.75,0.5,240.42418
87.75,0.5,240.37418
87.75,0.5,240.32418
87.75,0.5,240.27418
87.75,0.5,240.09918
87.75,0.5,239.54918
87.75,0.5,238.49918
87.75,0.5,236.94918
87.75,0.5,234.89918
87.75,0.5,232.34918
87.75,0.5,229.29918
87.75,0.5,225.74918
88.25,0.5,240.43593
88.25,0.5,240.38593
88.25,0.5,240.33593
88.25,0.5,240.28593
88.25,0.5,240.11093
88.25,0.5,239.56093
88.25,0.5,238.51093
88.25,0.5,236.96093
88.25,0.5,234.91093
88.25,0.5,232.36093
88.25,0.5,229.31093
88.25,0.5,225.76093
88.75,0.5,240.44483
88.75,0.5,240.39483
88.75,0.5,240.34483
88.75,0.5,240.29483
88.75,0.5,240.11983
88.75,0.5,239.56983
88.75,0.5,238.51983
88.75,0.5,236.96983
88.75,0.5,234.91983
88.75,0.5,232.36983
88.75,0.5,229.31983
88.75,0.5,225.76983
89.25,0.5,240.45373
89.25,0.5,240.40373
89.25,0.5,240.35373
89.25,0.5,240.30373
89.25,0.5,240.12873
89.25,0.5,239.57873
89.25,0.5,238.52873
89.25,0.5,236.97873
89.25,0.5,234.92873
89.25,0.5,232.37873
89.25,0.5,229.32873
89.25,0.5,225.77873
89.75,0.5,242.26263
89.75,0.5,242.21263
89.75,0.5,242.16263
89.75,0.5,242.11263
89.75,0.5,242.06263
89.75,0.5,242.01263
89.75,0.5,241.96263
89.75,0.5,241.91263
89.75,0.5,241.86263
89.75,0.5,241.81263
89.75,0.5,241.76263
89.75,0.5,241.71263
89.75,0.5,241.66263
89.75,0.5,241.61263
89.75,0.5,241.56263
89.75,0.5,241.51263
89.75,0.5,241.46263
89.75,0.5,241.41263
89.75,0.5,241.36263
89.75,0.5,241.31263
89.75,0.5,241.26263
89.75,0.5,241.21263
89.75,0.5,241.16263
89.75,0.5,241.11263
89.75,0.5,241.06263
89.75,0.5,241.01263
89.75,0.5,240.96263
89.75,0.5,240.91263
89.75,0.5,240.86263
89.75,0.5,240.81263
89.75,0.5,240.76263
89.75,0.5,240.71263
89.75,0.5,240.66263
89.75,0.5,240.61263
89.75,0.5,240.56263
89.75,0.5,240.51263
90.25,0.5,242.27153
90.25,0.5,242.22153
90.25,0.5,242.17154
90.25,0.5,242.12154
90.25,0.5,242.07153
90.25,0.5,242.02153
90.25,0.5,241.97153
90.25,0.5,241.92154
90.25,0.5,241.87154
90.25,0.5,241.82153
90.25,0.5,241.77153
90.25,0.5,241.72153
90.25,0.5,241.67154
90.25,0.5,241.62154
90.25,0.5,241.57153
90.25,0.5,241.52153
90.25,0.5,241.47153
90.25,0.5,241.42154
90.25,0.5,241.37154
90.25,0.5,241.32153
90.25,0.5,241.27153
90.25,0.5,241.22153
90.25,0.5,241.17154
90.25,0.5,241.12154
90.25,0.5,241.07153
90.25,0.5,241.02153
90.25,0.5,240.97153
90.25,0.5,240.92154
90.25,0.5,240.87154
90.25,0.5,240.82153
90.25,0.5,240.77153
90.25,0.5,240.72153
90.25,0.5,240.67154
90.25,0.5,240.62154
90.25,0.5,240.57153
90.25,0.5,240.52153
90.75,0.5,242.28044
90.75,0.5,242.23044
90.75,0.5,242.18044
90.75,0.5,242.13044
90.75,0.5,242.08044
90.75,0.5,242.03044
90.75,0.5,241.98044
90.75,0.5,241.93044
90.75,0.5,241.88044
90.75,0.5,241.83044
90.75,0.5,241.78044
90.75,0.5,241.73044
90.75,0.5,241.68044
90.75,0.5,241.63044
90.75,0.5,241.58044
90.75,0.5,241.53044
90.75,0.5,241.48044
90.75,0.5,241.43044
90.75,0.5,241.38044
90.75,0.5,241.33044
90.75,0.5,241.28044
90.75,0.5,241.23044
90.75,0.5,241.18044
90.75,0.5,241.13044
90.75,0.5,241.08044
90.75,0.5,241.03044
90.75,0.5,240.98044
90.75,0.5,240.93044
90.75,0.5,240.88044
90.75,0.5,240.83044
90.75,0.5,240.78044
90.75,0.5,240.73044
90.75,0.5,240.68044
90.75,0.5,240.63044
90.75,0.5,240.58044
90.75,0.5,240.53044
91.25,0.5,242.28934
91.25,0.5,242.23934
91.25,0.5,242.18934
91.25,0.5,242.13934
91.25,0.5,242.08934
91.25,0.5,242.03934
91.25,0.5,241.98934
91.25,0.5,241.93934
91.25,0.5,241.88934
91.25,0.5,241.83934
91.25,0.5,241.78934
91.25,0.5,241.73934
91.25,0.5,241.68934
91.25,0.5,241.63934
91.25,0.5,241.58934
91.25,0.5,241.53934
91.25,0.5,241.48934
91.25,0.5,241.43934
91.25,0.5,241.38934
91.25,0.5,241.33934
91.25,0.5,241.28934
91.25,0.5,241.23934
91.25,0.5,241.18934
91.25,0.5,241.13934
91.25,0.5,241.08934
91.25,0.5,241.03934
91.25,0.5,240.98934
91.25,0.5,240.93934
91.25,0.5,240.88934
91.25,0.5,240.83934
91.25,0.5,240.78934
91.25,0.5,240.73934
91.25,0.5,240.68934
91.25,0.5,240.63934
91.25,0.5,240.58934
91.25,0.5,240.53934
91.75,0.5,242.30289
91.75,0.5,242.2529
91.75,0.5,242.2029
91.75,0.5,242.15289
91.75,0.5,242.10289
91.75,0.5,242.05289
91.75,0.5,242.0029
91.75,0.5,241.9529
91.75,0.5,241.90289
91.75,0.5,241.85289
91.75,0.5,241.80289
91.75,0.5,241.7529
91.75,0.5,241.7029
91.75,0.5,241.65289
91.75,0.5,241.60289
91.75,0.5,241.55289
91.75,0.5,241.5029
91.75,0.5,241.4529
91.75,0.5,241.40289
91.75,0.5,241.35289
91.75,0.5,241.30289
91.75,0.5,241.2529
91.75,0.5,241.2029
91.75,0.5,241.15289
91.75,0.5,241.10289
91.75,0.5,241.05289
91.75,0.5,241.0029
91.75,0.5,240.9529
91.75,0.5,240.90289
91.75,0.5,240.85289
91.75,0.5,240.80289
91.75,0.5,240.7529
91.75,0.5,240.7029
91.75,0.5,240.65289
91.75,0.5,240.60289
91.75,0.5,240.55289
92.25,0.5,242.32474
92.25,0.5,242.27474
92.25,0.5,242.22474
92.25,0.5,242.17474
92.25,0.5,242.12474
92.25,0.5,242.07474
92.25,0.5,242.02474
92.25,0.5,241.97474
92.25,0.5,241.92474
92.25,0.5,241.87474
92.25,0.5,241.82474
92.25,0.5,241.77474
92.25,0.5,241.72474
92.25,0.5,241.67474
92.25,0.5,241.62474
92.25,0.5,241.57474
92.25,0.5,241.52474
92.25,0.5,241.47474
92.25,0.5,241.42474
92.25,0.5,241.37474
92.25,0.5,241.32474
92.25,0.5,241.27474
92.25,0.5,241.22474
92.25,0.5,241.17474
92.25,0.5,241.12474
92.25,0.5,241.07474
92.25,0.5,241.02474
92.25,0.5,240.97474
92.25,0.5,240.92474
92.25,0.5,240.87474
92.25,0.5,240.82474
92.25,0.5,240.77474
92.25,0.5,240.72474
92.25,0.5,240.67474
92.25,0.5,240.62474
92.25,0.5,240.57474
89.75,0.5,240.46263
89.75,0.5,240.41263
89.75,0.5,240.36263
89.75,0.5,240.31263
89.75,0.5,240.13763
89.75,0.5,239.58763
89.75,0.5,238.53763
89.75,0.5,236.98763
89.75,0.5,234.93763
89.75,0.5,232.38763
89.75,0.5,229.33763
89.75,0.5,225.78763
90.25,0.5,240.47153
90.25,0.5,240.42154
90.25,0.5,240.37154
90.25,0.5,240.32153
90.25,0.5,240.14653
90.25,0.5,239.59653
90.25,0.5,238.54654
90.25,0.5,236.99654
90.25,0.5,234.94653
90.25,0.5,232.39653
90.25,0.5,229.34653
90.25,0.5,225.79654
90.75,0.5,240.48044
90.75,0.5,240.43044
90.75,0.5,240.38044
90.75,0.5,240.33044
90.75,0.5,240.15544
90.75,0.5,239.60544
90.75,0.5,238.55544
90.75,0.5,237.00544
90.75,0.5,234.95544
90.75,0.5,232.40544
90.75,0.5,229.35544
90.75,0.5,225.80544
91.25,0.5,240.48934
91.25,0.5,240.43934
91.25,0.5,240.38934
91.25,0.5,240.33934
91.25,0.5,240.16434
91.25,0.5,239.61434
91.25,0.5,238.56434
91.25,0.5,237.01434
91.25,0.5,234.96434
91.25,0.5,232.41434
91.25,0.5,229.36434
91.25,0.5,225.81434
91.75,0.5,240.5029
91.75,0.5,240.4529
91.75,0.5,240.40289
91.75,0.5,240.35289
91.75,0.5,240.17789
91.75,0.5,239.6279
91.75,0.5,238.5779
91.75,0.5,237.02789
91.75,0.5,234.97789
91.75,0.5,232.42789
91.75,0.5,229.3779
91.75,0.5,225.8279
92.25,0.5,240.52474
92.25,0.5,240.47474
92.25,0.5,240.42474
92.25,0.5,240.37474
92.25,0.5,240.19974
92.25,0.5,239.64974
92.25,0.5,238.59974
92.25,0.5,237.04974
92.25,0.5,234.99974
92.25,0.5,232.44974
92.25,0.5,229.39974
92.25,0.5,225.84974
92.75,0.5,242.35023
92.75,0.5,242.30023
92.75,0.5,242.25023
92.75,0.5,242.20023
92.75,0.5,242.15023
92.75,0.5,242.10023
92.75,0.5,242.05023
92.75,0.5,242.00023
92.75,0.5,241.95023
92.75,0.5,241.90023
92.75,0.5,241.85023
92.75,0.5,241.80023
92.75,0.5,241.75023
92.75,0.5,241.70023
92.75,0.5,241.65023
92.75,0.5,241.60023
92.75,0.5,241.55023
92.75,0.5,241.50023
92.75,0.5,241.45023
92.75,0.5,241.40023
92.75,0.5,241.35023
92.75,0.5,241.30023
92.75,0.5,241.25023
92.75,0.5,241.20023
92.75,0.5,241.15023
92.75,0.5,241.10023
92.75,0.5,241.05023
92.75,0.5,241.00023
92.75,0.5,240.95023
92.75,0.5,240.90023
92.75,0.5,240.85023
92.75,0.5,240.80023
92.75,0.5,240.75023
92.75,0.5,240.70023
92.75,0.5,240.65023
92.75,0.5,240.60023
93.25,0.5,242.37572
93.25,0.5,242.32572
93.25,0.5,242.27572
93.25,0.5,242.22572
93.25,0.5,242.17572
93.25,0.5,242.12572
93.25,0.5,242.07572
93.25,0.5,242.02572
93.25,0.5,241.97572
93.25,0.5,241.92572
93.25,0.5,241.87572
93.25,0.5,241.82572
93.25,0.5,241.77572
93.25,0.5,241.72572
93.25,0.5,241.67572
93.25,0.5,241.62572
93.25,0.5,241.57572
93.25,0.5,241.52572
93.25,0.5,241.47572
93.25,0.5,241.42572
93.25,0.5,241.37572
93.25,0.5,241.32572
93.25,0.5,241.27572
93.25,0.5,241.22572
93.25,0.5,241.17572
93.25,0.5,241.12572
93.25,0.5,241.07572
93.25,0.5,241.02572
93.25,0.5,240.97572
93.25,0.5,240.92572
93.25,0.5,240.87572
93.25,0.5,240.82572
93.25,0.5,240.77572
93.25,0.5,240.72572
93.25,0.5,240.67572
93.25,0.5,240.62572
93.75,0.5,242.40121
93.75,0.5,242.35121
93.75,0.5,242.30121
93.75,0.5,242.25121
93.75,0.5,242.20121
93.75,0.5,242.15121
93.75,0.5,242.10121
93.75,0.5,242.05121
93.75,0.5,242.00121
93.75,0.5,241.95121
93.75,0.5,241.90121
93.75,0.5,241.85121
93.75,0.5,241.80121
93.75,0.5,241.75121
93.75,0.5,241.70121
93.75,0.5,241.65121
93.75,0.5,241.60121
93.75,0.5,241.55121
93.75,0.5,241.50121
93.75,0.5,241.45121
93.75,0.5,241.40121
93.75,0.5,241.35121
93.75,0.5,241.30121
93.75,0.5,241.25121
93.75,0.5,241.20121
93.75,0.5,241.15121
93.75,0.5,241.10121
93.75,0.5,241.05121
93.75,0.5,241.00121
93.75,0.5,240.95121
93.75,0.5,240.90121
93.75,0.5,240.85121
93.75,0.5,240.80121
93.75,0.5,240.75121
93.75,0.5,240.70121
93.75,0.5,240.65121
94.25,0.5,242.4267
94.25,0.5,242.37671
94.25,0.5,242.32671
94.25,0.5,242.2767
94.25,0.5,242.2267
94.25,0.5,242.1767
94.25,0.5,242.12671
94.25,0.5,242.07671
94.25,0.5,242.0267
94.25,0.5,241.9767
94.25,0.5,241.9267
94.25,0.5,241.87671
94.25,0.5,241.82671
94.25,0.5,241.7767
94.25,0.5,241.7267
94.25,0.5,241.6767
94.25,0.5,241.62671
94.25,0.5,241.57671
94.25,0.5,241.5267
94.25,0.5,241.4767
94.25,0.5,241.4267
94.25,0.5,241.37671
94.25,0.5,241.32671
94.25,0.5,241.2767
94.25,0.5,241.2267
94.25,0.5,241.1767
94.25,0.5,241.12671
94.25,0.5,241.07671
94.25,0.5,241.0267
94.25,0.5,240.9767
94.25,0.5,240.9267
94.25,0.5,240.87671
94.25,0.5,240.82671
94.25,0.5,240.7767
94.25,0.5,240.7267
94.25,0.5,240.6767
94.75,0.5,242.45219
94.75,0.5,242.40219
94.75,0.5,242.3522
94.75,0.5,242.30219
94.75,0.5,242.25219
94.75,0.5,242.20219
94.75,0.5,242.15219
94.75,0.5,242.1022
94.75,0.5,242.05219
94.75,0.5,242.00219
94.75,0.5,241.95219
94.75,0.5,241.90219
94.75,0.5,241.8522
94.75,0.5,241.80219
94.75,0.5,241.75219
94.75,0.5,241.70219
94.75,0.5,241.65219
94.75,0.5,241.6022
94.75,0.5,241.55219
94.75,0.5,241.50219
94.75,0.5,241.45219
94.75,0.5,241.40219
94.75,0.5,241.3522
94.75,0.5,241.30219
94.75,0.5,241.25219
94.75,0.5,241.20219
94.75,0.5,241.15219
94.75,0.5,241.1022
94.75,0.5,241.05219
94.75,0.5,241.00219
94.75,0.5,240.95219
94.75,0.5,240.90219
94.75,0.5,240.8522
94.75,0.5,240.80219
94.75,0.5,240.75219
94.75,0.5,240.70219
95.25,0.5,242.47768
95.25,0.5,242.42768
95.25,0.5,242.37769
95.25,0.5,242.32768
95.25,0.5,242.27768
95.25,0.5,242.22768
95.25,0.5,242.17768
95.25,0.5,242.12769
95.25,0.5,242.07768
95.25,0.5,242.02768
95.25,0.5,241.97768
95.25,0.5,241.92768
95.25,0.5,241.87769
95.25,0.5,241.82768
95.25,0.5,241.77768
95.25,0.5,241.72768
95.25,0.5,241.67768
95.25,0.5,241.62769
95.25,0.5,241.57768
95.25,0.5,241.52768
95.25,0.5,241.47768
95.25,0.5,241.42768
95.25,0.5,241.37769
95.25,0.5,241.32768
95.25,0.5,241.27768
95.25,0.5,241.22768
95.25,0.5,241.17768
95.25,0.5,241.12769
95.25,0.5,241.07768
95.25,0.5,241.02768
95.25,0.5,240.97768
95.25,0.5,240.92768
95.25,0.5,240.87769
95.25,0.5,240.82768
95.25,0.5,240.77768
95.25,0.5,240.72768
92.75,0.5,240.55023
92.75,0.5,240.50023
92.75,0.5,240.45023
92.75,0.5,240.40023
92.75,0.5,240.22523
92.75,0.5,239.67523
92.75,0.5,238.62523
92.75,0.5,237.07523
92.75,0.5,235.02523
92.75,0.5,232.47523
92.75,0.5,229.42523
92.75,0.5,225.87523
93.25,0.5,240.57572
93.25,0.5,240.52572
93.25,0.5,240.47572
93.25,0.5,240.42572
93.25,0.5,240.25072
93.25,0.5,239.70072
93.25,0.5,238.65072
93.25,0.5,237.10072
93.25,0.5,235.05072
93.25,0.5,232.50072
93.25,0.5,229.45072
93.25,0.5,225.90072
93.75,0.5,240.60121
93.75,0.5,240.55121
93.75,0.5,240.50121
93.75,0.5,240.45121
93.75,0.5,240.27621
93.75,0.5,239.72621
93.75,0.5,238.67621
93.75,0.5,237.12621
93.75,0.5,235.07621
93.75,0.5,232.52621
93.75,0.5,229.47621
93.75,0.5,225.92621
94.25,0.5,240.62671
94.25,0.5,240.57671
94.25,0.5,240.5267
94.25,0.5,240.4767
94.25,0.5,240.3017
94.25,0.5,239.75171
94.25,0.5,238.70171
94.25,0.5,237.1517
94.25,0.5,235.1017
94.25,0.5,232.5517
94.25,0.5,229.50171
94.25,0.5,225.95171
94.75,0.5,240.65219
94.75,0.5,240.6022
94.75,0.5,240.55219
94.75,0.5,240.50219
94.75,0.5,240.32719
94.75,0.5,239.77719
94.75,0.5,238.7272
94.75,0.5,237.17719
94.75,0.5,235.12719
94.75,0.5,232.57719
94.75,0.5,229.52719
94.75,0.5,225.9772
95.25,0.5,240.67768
95.25,0.5,240.62769
95.25,0.5,240.57768
95.25,0.5,240.52768
95.25,0.5,240.35268
95.25,0.5,239.80268
95.25,0.5,238.75269
95.25,0.5,237.20268
95.25,0.5,235.15268
95.25,0.5,232.60268
95.25,0.5,229.55268
95.25,0.5,226.00269
95.75,0.5,242.51098
95.75,0.5,242.46098
95.75,0.5,242.41099
95.75,0.5,242.36098
95.75,0.5,242.31098
95.75,0.5,242.26098
95.75,0.5,242.21098
95.75,0.5,242.16099
95.75,0.5,242.11098
95.75,0.5,242.06098
95.75,0.5,242.01098
95.75,0.5,241.96098
95.75,0.5,241.91099
95.75,0.5,241.86098
95.75,0.5,241.81098
95.75,0.5,241.76098
95.75,0.5,241.71098
95.75,0.5,241.66099
95.75,0.5,241.61098
95.75,0.5,241.56098
95.75,0.5,241.51098
95.75,0.5,241.46098
95.75,0.5,241.41099
95.75,0.5,241.36098
95.75,0.5,241.31098
95.75,0.5,241.26098
95.75,0.5,241.21098
95.75,0.5,241.16099
95.75,0.5,241.11098
95.75,0.5,241.06098
95.75,0.5,241.01098
95.75,0.5,240.96098
95.75,0.5,240.91099
95.75,0.5,240.86098
95.75,0.5,240.81098
95.75,0.5,240.76098
96.25,0.5,242.55762
96.25,0.5,242.50762
96.25,0.5,242.45763
96.25,0.5,242.40762
96.25,0.5,242.35762
96.25,0.5,242.30762
96.25,0.5,242.25762
96.25,0.5,242.20763
96.25,0.5,242.15762
96.25,0.5,242.10762
96.25,0.5,242.05762
96.25,0.5,242.00762
96.25,0.5,241.95763
96.25,0.5,241.90762
96.25,0.5,241.85762
96.25,0.5,241.80762
96.25,0.5,241.75762
96.25,0.5,241.70763
96.25,0.5,241.65762
96.25,0.5,241.60762
96.25,0.5,241.55762
96.25,0.5,241.50762
96.25,0.5,241.45763
96.25,0.5,241.40762
96.25,0.5,241.35762
96.25,0.5,241.30762
96.25,0.5,241.25762
96.25,0.5,241.20763
96.25,0.5,241.15762
96.25,0.5,241.10762
96.25,0.5,241.05762
96.25,0.5,241.00762
96.25,0.5,240.95763
96.25,0.5,240.90762
96.25,0.5,240.85762
96.25,0.5,240.80762
96.75,0.5,242.60979
96.75,0.5,242.55979
96.75,0.5,242.5098
96.75,0.5,242.45979
96.75,0.5,242.40979
96.75,0.5,242.35979
96.75,0.5,242.30979
96.75,0.5,242.2598
96.75,0.5,242.20979
96.75,0.5,242.15979
96.75,0.5,242.10979
96.75,0.5,242.05979
96.75,0.5,242.0098
96.75,0.5,241.95979
96.75,0.5,241.90979
96.75,0.5,241.85979
96.75,0.5,241.80979
96.75,0.5,241.7598
96.75,0.5,241.70979
96.75,0.5,241.65979
96.75,0.5,241.60979
96.75,0.5,241.55979
96.75,0.5,241.5098
96.75,0.5,241.45979
96.75,0.5,241.40979
96.75,0.5,241.35979
96.75,0.5,241.30979
96.75,0.5,241.2598
96.75,0.5,241.20979
96.75,0.5,241.15979
96.75,0.5,241.10979
96.75,0.5,241.05979
96.75,0.5,241.0098
96.75,0.5,240.95979
96.75,0.5,240.90979
96.75,0.5,240.85979
97.25,0.5,242.66196
97.25,0.5,242.61196
97.25,0.5,242.56197
97.25,0.5,242.51196
97.25,0.5,242.46196
97.25,0.5,242.41196
97.25,0.5,242.36196
97.25,0.5,242.31197
97.25,0.5,242.26196
97.25,0.5,242.21196
97.25,0.5,242.16196
97.25,0.5,242.11196
97.25,0.5,242.06197
97.25,0.5,242.01196
97.25,0.5,241.96196
97.25,0.5,241.91196
97.25,0.5,241.86196
97.25,0.5,241.81197
97.25,0.5,241.76196
97.25,0.5,241.71196
97.25,0.5,241.66196
97.25,0.5,241.61196
97.25,0.5,241.56197
97.25,0.5,241.51196
97.25,0.5,241.46196
97.25,0.5,241.41196
97.25,0.5,241.36196
97.25,0.5,241.31197
97.25,0.5,241.26196
97.25,0.5,241.21196
97.25,0.5,241.16196
97.25,0.5,241.11196
97.25,0.5,241.06197
97.25,0.5,241.01196
97.25,0.5,240.96196
97.25,0.5,240.91196
97.75,0.5,242.71413
97.75,0.5,242.66413
97.75,0.5,242.61414
97.75,0.5,242.56413
97.75,0.5,242.51413
97.75,0.5,242.46413
97.75,0.5,242.41413
97.75,0.5,242.36414
97.75,0.5,242.31413
97.75,0.5,242.26413
97.75,0.5,242.21413
97.75,0.5,242.16413
97.75,0.5,242.11414
97.75,0.5,242.06413
97.75,0.5,242.01413
97.75,0.5,241.96413
97.75,0.5,241.91413
97.75,0.5,241.86414
97.75,0.5,241.81413
97.75,0.5,241.76413
97.75,0.5,241.71413
97.75,0.5,241.66413
97.75,0.5,241.61414
97.75,0.5,241.56413
97.75,0.5,241.51413
97.75,0.5,241.46413
97.75,0.5,241.41413
97.75,0.5,241.36414
97.75,0.5,241.31413
97.75,0.5,241.26413
97.75,0.5,241.21413
97.75,0.5,241.16413
97.75,0.5,241.11414
97.75,0.5,241.06413
97.75,0.5,241.01413
97.75,0.5,240.96413
98.25,0.5,242.7663
98.25,0.5,242.7163
98.25,0.5,242.66631
98.25,0.5,242.6163
98.25,0.5,242.5663
98.25,0.5,242.5163
98.25,0.5,242.4663
98.25,0.5,242.41631
98.25,0.5,242.3663
98.25,0.5,242.3163
98.25,0.5,242.2663
98.25,0.5,242.2163
98.25,0.5,242.16631
98.25,0.5,242.1163
98.25,0.5,242.0663
98.25,0.5,242.0163
98.25,0.5,241.9663
98.25,0.5,241.91631
98.25,0.5,241.8663
98.25,0.5,241.8163
98.25,0.5,241.7663
98.25,0.5,241.7163
98.25,0.5,241.66631
98.25,0.5,241.6163
98.25,0.5,241.5663
98.25,0.5,241.5163
98.25,0.5,241.4663
98.25,0.5,241.41631
98.25,0.5,241.3663
98.25,0.5,241.3163
98.25,0.5,241.2663
98.25,0.5,241.2163
98.25,0.5,241.16631
98.25,0.5,241.1163
98.25,0.5,241.0663
98.25,0.5,241.0163
95.75,0.5,240.71098
95.75,0.5,240.66099
95.75,0.5,240.61098
95.75,0.5,240.56098
95.75,0.5,240.38598
95.75,0.5,239.83598
95.75,0.5,238.78599
95.75,0.5,237.23598
95.75,0.5,235.18598
95.75,0.5,232.63598
95.75,0.5,229.58598
95.75,0.5,226.03599
96.25,0.5,240.75762
96.25,0.5,240.70763
96.25,0.5,240.65762
96.25,0.5,240.60762
96.25,0.5,240.43262
96.25,0.5,239.88262
96.25,0.5,238.83263
96.25,0.5,237.28262
96.25,0.5,235.23262
96.25,0.5,232.68262
96.25,0.5,229.63262
96.25,0.5,226.08263
96.75,0.5,240.80979
96.75,0.5,240.7598
96.75,0.5,240.70979
96.75,0.5,240.65979
96.75,0.5,240.48479
96.75,0.5,239.93479
96.75,0.5,238.8848
96.75,0.5,237.33479
96.75,0.5,235.28479
96.75,0.5,232.73479
96.75,0.5,229.68479
96.75,0.5,226.1348
97.25,0.5,240.86196
97.25,0.5,240.81197
97.25,0.5,240.76196
97.25,0.5,240.71196
97.25,0.5,240.53696
97.25,0.5,239.98696
97.25,0.5,238.93697
97.25,0.5,237.38696
97.25,0.5,235.33696
97.25,0.5,232.78696
97.25,0.5,229.73696
97.25,0.5,226.18697
97.75,0.5,240.91413
97.75,0.5,240.86414
97.75,0.5,240.81413
97.75,0.5,240.76413
97.75,0.5,240.58913
97.75,0.5,240.03913
97.75,0.5,238.98914
97.75,0.5,237.43913
97.75,0.5,235.38913
97.75,0.5,232.83913
97.75,0.5,229.78913
97.75,0.5,226.23914
98.25,0.5,240.9663
98.25,0.5,240.91631
98.25,0.5,240.8663
98.25,0.5,240.8163
98.25,0.5,240.6413
98.25,0.5,240.0913
98.25,0.5,239.04131
98.25,0.5,237.4913
98.25,0.5,235.4413
98.25,0.5,232.8913
98.25,0.5,229.8413
98.25,0.5,226.29131
98.75,0.5,242.81847
98.75,0.5,242.76847
98.75,0.5,242.71848
98.75,0.5,242.66847
98.75,0.5,242.61847
98.75,0.5,242.56847
98.75,0.5,242.51847
98.75,0.5,242.46848
98.75,0.5,242.41847
98.75,0.5,242.36847
98.75,0.5,242.31847
98.75,0.5,242.26847
98.75,0.5,242.21848
98.75,0.5,242.16847
98.75,0.5,242.11847
98.75,0.5,242.06847
98.75,0.5,242.01847
98.75,0.5,241.96848
98.75,0.5,241.91847
98.75,0.5,241.86847
98.75,0.5,241.81847
98.75,0.5,241.76847
98.75,0.5,241.71848
98.75,0.5,241.66847
98.75,0.5,241.61847
98.75,0.5,241.56847
98.75,0.5,241.51847
98.75,0.5,241.46848
98.75,0.5,241.41847
98.75,0.5,241.36847
98.75,0.5,241.31847
98.75,0.5,241.26847
98.75,0.5,241.21848
98.75,0.5,241.16847
98.75,0.5,241.11847
98.75,0.5,241.06847
99.25,0.5,242.87064
99.25,0.5,242.82064
99.25,0.5,242.77065
99.25,0.5,242.72064
99.25,0.5,242.67064
99.25,0.5,242.62064
99.25,0.5,242.57064
99.25,0.5,242.52065
99.25,0.5,242.47064
99.25,0.5,242.42064
99.25,0.5,242.37064
99.25,0.5,242.32064
99.25,0.5,242.27065
99.25,0.5,242.22064
99.25,0.5,242.17064
99.25,0.5,242.12064
99.25,0.5,242.07064
99.25,0.5,242.02065
99.25,0.5,241.97064
99.25,0.5,241.92064
99.25,0.5,241.87064
99.25,0.5,241.82064
99.25,0.5,241.77065
99.25,0.5,241.72064
99.25,0.5,241.67064
99.25,0.5,241.62064
99.25,0.5,241.57064
99.25,0.5,241.52065
99.25,0.5,241.47064
99.25,0.5,241.42064
99.25,0.5,241.37064
99.25,0.5,241.32064
99.25,0.5,241.27065
99.25,0.5,241.22064
99.25,0.5,241.17064
99.25,0.5,241.12064
99.75,0.5,242.92554
99.75,0.5,242.87554
99.75,0.5,242.82554
99.75,0.5,242.77554
99.75,0.5,242.72553
99.75,0.5,242.67554
99.75,0.5,242.62554
99.75,0.5,242.57554
99.75,0.5,242.52554
99.75,0.5,242.47553
99.75,0.5,242.42554
99.75,0.5,242.37554
99.75,0.5,242.32554
99.75,0.5,242.27554
99.75,0.5,242.22553
99.75,0.5,242.17554
99.75,0.5,242.12554
99.75,0.5,242.07554
99.75,0.5,242.02554
99.75,0.5,241.97553
99.75,0.5,241.92554
99.75,0.5,241.87554
99.75,0.5,241.82554
99.75,0.5,241.77554
99.75,0.5,241.72553
99.75,0.5,241.67554
99.75,0.5,241.62554
99.75,0.5,241.57554
99.75,0.5,241.52554
99.75,0.5,241.47553
99.75,0.5,241.42554
99.75,0.5,241.37554
99.75,0.5,241.32554
99.75,0.5,241.27554
99.75,0.5,241.22553
99.75,0.5,241.17554
100.25,0.5,242.98491
100.25,0.5,242.93491
100.25,0.5,242.8849
100.25,0.5,242.8349
100.25,0.5,242.7849
100.25,0.5,242.73491
100.25,0.5,242.68491
100.25,0.5,242.6349
100.25,0.5,242.5849
100.25,0.5,242.5349
100.25,0.5,242.48491
100.25,0.5,242.43491
100.25,0.5,242.3849
100.25,0.5,242.3349
100.25,0.5,242.2849
100.25,0.5,242.23491
100.25,0.5,242.18491
100.25,0.5,242.1349
100.25,0.5,242.0849
100.25,0.5,242.0349
100.25,0.5,241.98491
100.25,0.5,241.93491
100.25,0.5,241.8849
100.25,0.5,241.8349
100.25,0.5,241.7849
100.25,0.5,241.73491
100.25,0.5,241.68491
100.25,0.5,241.6349
100.25,0.5,241.5849
100.25,0.5,241.5349
100.25,0.5,241.48491
100.25,0.5,241.43491
100.25,0.5,241.3849
100.25,0.5,241.3349
100.25,0.5,241.2849
100.25,0.5,241.23491
100.75,0.5,243.04602
100.75,0.5,242.99602
100.75,0.5,242.94601
100.75,0.5,242.89601
100.75,0.5,242.84602
100.75,0.5,242.79602
100.75,0.5,242.74602
100.75,0.5,242.69601
100.75,0.5,242.64601
100.75,0.5,242.59602
100.75,0.5,242.54602
100.75,0.5,242.49602
100.75,0.5,242.44601
100.75,0.5,242.39601
100.75,0.5,242.34602
100.75,0.5,242.29602
100.75,0.5,242.24602
100.75,0.5,242.19601
100.75,0.5,242.14601
100.75,0.5,242.09602
100.75,0.5,242.04602
100.75,0.5,241.99602
100.75,0.5,241.94601
100.75,0.5,241.89601
100.75,0.5,241.84602
100.75,0.5,241.79602
100.75,0.5,241.74602
100.75,0.5,241.69601
100.75,0.5,241.64601
100.75,0.5,241.59602
100.75,0.5,241.54602
100.75,0.5,241.49602
100.75,0.5,241.44601
100.75,0.5,241.39601
100.75,0.5,241.34602
100.75,0.5,241.29602
101.25,0.5,243.10713
101.25,0.5,243.05713
101.25,0.5,243.00713
101.25,0.5,242.95712
101.25,0.5,242.90713
101.25,0.5,242.85713
101.25,0.5,242.80713
101.25,0.5,242.75713
101.25,0.5,242.70712
101.25,0.5,242.65713
101.25,0.5,242.60713
101.25,0.5,242.55713
101.25,0.5,242.50713
101.25,0.5,242.45712
101.25,0.5,242.40713
101.25,0.5,242.35713
101.25,0.5,242.30713
101.25,0.5,242.25713
101.25,0.5,242.20712
101.25,0.5,242.15713
101.25,0.5,242.10713
101.25,0.5,242.05713
101.25,0.5,242.00713
101.25,0.5,241.95712
101.25,0.5,241.90713
101.25,0.5,241.85713
101.25,0.5,241.80713
101.25,0.5,241.75713
101.25,0.5,241.70712
101.25,0.5,241.65713
101.25,0.5,241.60713
101.25,0.5,241.55713
101.25,0.5,241.50713
101.25,0.5,241.45712
101.25,0.5,241.40713
101.25,0.5,241.35713
98.75,0.5,241.01847
98.75,0.5,240.96848
98.75,0.5,240.91847
98.75,0.5,240.86847
98.75,0.5,240.69347
98.75,0.5,240.14347
98.75,0.5,239.09348
98.75,0.5,237.54347
98.75,0.5,235.49347
98.75,0.5,232.94347
98.75,0.5,229.89347
98.75,0.5,226.34348
99.25,0.5,241.07064
99.25,0.5,241.02065
99.25,0.5,240.97064
99.25,0.5,240.92064
99.25,0.5,240.74564
99.25,0.5,240.19564
99.25,0.5,239.14565
99.25,0.5,237.59564
99.25,0.5,235.54564
99.25,0.5,232.99564
99.25,0.5,229.94564
99.25,0.5,226.39565
99.75,0.5,241.12554
99.75,0.5,241.07554
99.75,0.5,241.02554
99.75,0.5,240.97553
99.75,0.5,240.80054
99.75,0.5,240.25054
99.75,0.5,239.20054
99.75,0.5,237.65054
99.75,0.5,235.60053
99.75,0.5,233.05054
99.75,0.5,230.00054
99.75,0.5,226.45054
100.25,0.5,241.18491
100.25,0.5,241.1349
100.25,0.5,241.0849
100.25,0.5,241.0349
100.25,0.5,240.85991
100.25,0.5,240.30991
100.25,0.5,239.2599
100.25,0.5,237.7099
100.25,0.5,235.6599
100.25,0.5,233.10991
100.25,0.5,230.05991
100.25,0.5,226.5099
100.75,0.5,241.24602
100.75,0.5,241.19601
100.75,0.5,241.14601
100.75,0.5,241.09602
100.75,0.5,240.92102
100.75,0.5,240.37102
100.75,0.5,239.32101
100.75,0.5,237.77101
100.75,0.5,235.72102
100.75,0.5,233.17102
100.75,0.5,230.12102
100.75,0.5,226.57101
101.25,0.5,241.30713
101.25,0.5,241.25713
101.25,0.5,241.20712
101.25,0.5,241.15713
101.25,0.5,240.98213
101.25,0.5,240.43213
101.25,0.5,239.38213
101.25,0.5,237.83212
101.25,0.5,235.78213
101.25,0.5,233.23213
101.25,0.5,230.18213
101.25,0.5,226.63213
101.75,0.5,243.16824
101.75,0.5,243.11824
101.75,0.5,243.06824
101.75,0.5,243.01823
101.75,0.5,242.96824
101.75,0.5,242.91824
101.75,0.5,242.86824
101.75,0.5,242.81824
101.75,0.5,242.76823
101.75,0.5,242.71824
101.75,0.5,242.66824
101.75,0.5,242.61824
101.75,0.5,242.56824
101.75,0.5,242.51823
101.75,0.5,242.46824
101.75,0.5,242.41824
101.75,0.5,242.36824
101.75,0.5,242.31824
101.75,0.5,242.26823
101.75,0.5,242.21824
101.75,0.5,242.16824
101.75,0.5,242.11824
101.75,0.5,242.06824
101.75,0.5,242.01823
101.75,0.5,241.96824
101.75,0.5,241.91824
101.75,0.5,241.86824
101.75,0.5,241.81824
101.75,0.5,241.76823
101.75,0.5,241.71824
101.75,0.5,241.66824
101.75,0.5,241.61824
101.75,0.5,241.56824
101.75,0.5,241.51823
101.75,0.5,241.46824
101.75,0.5,241.41824
102.25,0.5,243.22935
102.25,0.5,243.17935
102.25,0.5,243.12935
102.25,0.5,243.07935
102.25,0.5,243.02935
102.25,0.5,242.97935
102.25,0.5,242.92935
102.25,0.5,242.87935
102.25,0.5,242.82935
102.25,0.5,242.77935
102.25,0.5,242.72935
102.25,0.5,242.67935
102.25,0.5,242.62935
102.25,0.5,242.57935
102.25,0.5,242.52935
102.25,0.5,242.47935
102.25,0.5,242.42935
102.25,0.5,242.37935
102.25,0.5,242.32935
102.25,0.5,242.27935
102.25,0.5,242.22935
102.25,0.5,242.17935
102.25,0.5,242.12935
102.25,0.5,242.07935
102.25,0.5,242.02935
102.25,0.5,241.97935
102.25,0.5,241.92935
102.25,0.5,241.87935
102.25,0.5,241.82935
102.25,0.5,241.77935
102.25,0.5,241.72935
102.25,0.5,241.67935
102.25,0.5,241.62935
102.25,0.5,241.57935
102.25,0.5,241.52935
102.25,0.5,241.47935
102.75,0.5,243.29047
102.75,0.5,243.24046
102.75,0.5,243.19046
102.75,0.5,243.14046
102.75,0.5,243.09046
102.75,0.5,243.04047
102.75,0.5,242.99046
102.75,0.5,242.94046
102.75,0.5,242.89046
102.75,0.5,242.84046
102.75,0.5,242.79047
102.75,0.5,242.74046
102.75,0.5,242.69046
102.75,0.5,242.64046
102.75,0.5,242.59046
102.75,0.5,242.54047
102.75,0.5,242.49046
102.75,0.5,242.44046
102.75,0.5,242.39046
102.75,0.5,242.34046
102.75,0.5,242.29047
102.75,0.5,242.24046
102.75,0.5,242.19046
102.75,0.5,242.14046
102.75,0.5,242.09046
102.75,0.5,242.04047
102.75,0.5,241.99046
102.75,0.5,241.94046
102.75,0.5,241.89046
102.75,0.5,241.84046
102.75,0.5,241.79047
102.75,0.5,241.74046
102.75,0.5,241.69046
102.75,0.5,241.64046
102.75,0.5,241.59046
102.75,0.5,241.54047
103.25,0.5,243.35158
103.25,0.5,243.30157
103.25,0.5,243.25157
103.25,0.5,243.20157
103.25,0.5,243.15157
103.25,0.5,243.10158
103.25,0.5,243.05157
103.25,0.5,243.00157
103.25,0.5,242.95157
103.25,0.5,242.90157
103.25,0.5,242.85158
103.25,0.5,242.80157
103.25,0.5,242.75157
103.25,0.5,242.70157
103.25,0.5,242.65157
103.25,0.5,242.60158
103.25,0.5,242.55157
103.25,0.5,242.50157
103.25,0.5,242.45157
103.25,0.5,242.40157
103.25,0.5,242.35158
103.25,0.5,242.30157
103.25,0.5,242.25157
103.25,0.5,242.20157
103.25,0.5,242.15157
103.25,0.5,242.10158
103.25,0.5,242.05157
103.25,0.5,242.00157
103.25,0.5,241.95157
103.25,0.5,241.90157
103.25,0.5,241.85158
103.25,0.5,241.80157
103.25,0.5,241.75157
103.25,0.5,241.70157
103.25,0.5,241.65157
103.25,0.5,241.60158
103.75,0.5,243.40835
103.75,0.5,243.35835
103.75,0.5,243.30835
103.75,0.5,243.25835
103.75,0.5,243.20835
103.75,0.5,243.15835
103.75,0.5,243.10835
103.75,0.5,243.05835
103.75,0.5,243.00835
103.75,0.5,242.95835
103.75,0.5,242.90835
103.75,0.5,242.85835
103.75,0.5,242.80835
103.75,0.5,242.75835
103.75,0.5,242.70835
103.75,0.5,242.65835
103.75,0.5,242.60835
103.75,0.5,242.55835
103.75,0.5,242.50835
103.75,0.5,242.45835
103.75,0.5,242.40835
103.75,0.5,242.35835
103.75,0.5,242.30835
103.75,0.5,242.25835
103.75,0.5,242.20835
103.75,0.5,242.15835
103.75,0.5,242.10835
103.75,0.5,242.05835
103.75,0.5,242.00835
103.75,0.5,241.95835
103.75,0.5,241.90835
103.75,0.5,241.85835
103.75,0.5,241.80835
103.75,0.5,241.75835
103.75,0.5,241.70835
103.75,0.5,241.65835
104.25,0.5,243.45829
104.25,0.5,243.40829
104.25,0.5,243.35829
104.25,0.5,243.30829
104.25,0.5,243.25829
104.25,0.5,243.20829
104.25,0.5,243.15829
104.25,0.5,243.10829
104.25,0.5,243.05829
104.25,0.5,243.00829
104.25,0.5,242.95829
104.25,0.5,242.90829
104.25,0.5,242.85829
104.25,0.5,242.80829
104.25,0.5,242.75829
104.25,0.5,242.70829
104.25,0.5,242.65829
104.25,0.5,242.60829
104.25,0.5,242.55829
104.25,0.5,242.50829
104.25,0.5,242.45829
104.25,0.5,242.40829
104.25,0.5,242.35829
104.25,0.5,242.30829
104.25,0.5,242.25829
104.25,0.5,242.20829
104.25,0.5,242.15829
104.25,0.5,242.10829
104.25,0.5,242.05829
104.25,0.5,242.00829
104.25,0.5,241.95829
104.25,0.5,241.90829
104.25,0.5,241.85829
104.25,0.5,241.80829
104.25,0.5,241.75829
104.25,0.5,241.70829
101.75,0.5,241.36824
101.75,0.5,241.31824
101.75,0.5,241.26823
101.75,0.5,241.21824
101.75,0.5,241.04324
101.75,0.5,240.49324
101.75,0.5,239.44324
101.75,0.5,237.89323
101.75,0.5,235.84324
101.75,0.5,233.29324
101.75,0.5,230.24324
101.75,0.5,226.69324
102.25,0.5,241.42935
102.25,0.5,241.37935
102.25,0.5,241.32935
102.25,0.5,241.27935
102.25,0.5,241.10435
102.25,0.5,240.55435
102.25,0.5,239.50435
102.25,0.5,237.95435
102.25,0.5,235.90435
102.25,0.5,233.35435
102.25,0.5,230.30435
102.25,0.5,226.75435
102.75,0.5,241.49046
102.75,0.5,241.44046
102.75,0.5,241.39046
102.75,0.5,241.34046
102.75,0.5,241.16547
102.75,0.5,240.61546
102.75,0.5,239.56546
102.75,0.5,238.01546
102.75,0.5,235.96546
102.75,0.5,233.41547
102.75,0.5,230.36546
102.75,0.5,226.81546
103.25,0.5,241.55157
103.25,0.5,241.50157
103.25,0.5,241.45157
103.25,0.5,241.40157
103.25,0.5,241.22658
103.25,0.5,240.67657
103.25,0.5,239.62657
103.25,0.5,238.07657
103.25,0.5,236.02657
103.25,0.5,233.47658
103.25,0.5,230.42657
103.25,0.5,226.87657
103.75,0.5,241.60835
103.75,0.5,241.55835
103.75,0.5,241.50835
103.75,0.5,241.45835
103.75,0.5,241.28335
103.75,0.5,240.73335
103.75,0.5,239.68335
103.75,0.5,238.13335
103.75,0.5,236.08335
103.75,0.5,233.53335
103.75,0.5,230.48335
103.75,0.5,226.93335
104.25,0.5,241.65829
104.25,0.5,241.60829
104.25,0.5,241.55829
104.25,0.5,241.50829
104.25,0.5,241.33329
104.25,0.5,240.78329
104.25,0.5,239.73329
104.25,0.5,238.18329
104.25,0.5,236.13329
104.25,0.5,233.58329
104.25,0.5,230.53329
104.25,0.5,226.98329
104.75,0.5,243.50572
104.75,0.5,243.45572
104.75,0.5,243.40572
104.75,0.5,243.35572
104.75,0.5,243.30572
104.75,0.5,243.25572
104.75,0.5,243.20572
104.75,0.5,243.15572
104.75,0.5,243.10572
104.75,0.5,243.05572
104.75,0.5,243.00572
104.75,0.5,242.95572
104.75,0.5,242.90572
104.75,0.5,242.85572
104.75,0.5,242.80572
104.75,0.5,242.75572
104.75,0.5,242.70572
104.75,0.5,242.65572
104.75,0.5,242.60572
104.75,0.5,242.55572
104.75,0.5,242.50572
104.75,0.5,242.45572
104.75,0.5,242.40572
104.75,0.5,242.35572
104.75,0.5,242.30572
104.75,0.5,242.25572
104.75,0.5,242.20572
104.75,0.5,242.15572
104.75,0.5,242.10572
104.75,0.5,242.05572
104.75,0.5,242.00572
104.75,0.5,241.95572
104.75,0.5,241.90572
104.75,0.5,241.85572
104.75,0.5,241.80572
104.75,0.5,241.75572
105.25,0.5,243.55315
105.25,0.5,243.50315
105.25,0.5,243.45315
105.25,0.5,243.40315
105.25,0.5,243.35315
105.25,0.5,243.30315
105.25,0.5,243.25315
105.25,0.5,243.20315
105.25,0.5,243.15315
105.25,0.5,243.10315
105.25,0.5,243.05315
105.25,0.5,243.00315
105.25,0.5,242.95315
105.25,0.5,242.90315
105.25,0.5,242.85315
105.25,0.5,242.80315
105.25,0.5,242.75315
105.25,0.5,242.70315
105.25,0.5,242.65315
105.25,0.5,242.60315
105.25,0.5,242.55315
105.25,0.5,242.50315
105.25,0.5,242.45315
105.25,0.5,242.40315
105.25,0.5,242.35315
105.25,0.5,242.30315
105.25,0.5,242.25315
105.25,0.5,242.20315
105.25,0.5,242.15315
105.25,0.5,242.10315
105.25,0.5,242.05315
105.25,0.5,242.00315
105.25,0.5,241.95315
105.25,0.5,241.90315
105.25,0.5,241.85315
105.25,0.5,241.80315
105.75,0.5,243.60058
105.75,0.5,243.55058
105.75,0.5,243.50058
105.75,0.5,243.45058
105.75,0.5,243.40058
105.75,0.5,243.35058
105.75,0.5,243.30058
105.75,0.5,243.25058
105.75,0.5,243.20058
105.75,0.5,243.15058
105.75,0.5,243.10058
105.75,0.5,243.05058
105.75,0.5,243.00058
105.75,0.5,242.95058
105.75,0.5,242.90058
105.75,0.5,242.85058
105.75,0.5,242.80058
105.75,0.5,242.75058
105.75,0.5,242.70058
105.75,0.5,242.65058
105.75,0.5,242.60058
105.75,0.5,242.55058
105.75,0.5,242.50058
105.75,0.5,242.45058
105.75,0.5,242.40058
105.75,0.5,242.35058
105.75,0.5,242.30058
105.75,0.5,242.25058
105.75,0.5,242.20058
105.75,0.5,242.15058
105.75,0.5,242.10058
105.75,0.5,242.05058
105.75,0.5,242.00058
105.75,0.5,241.95058
105.75,0.5,241.90058
105.75,0.5,241.85058
106.25,0.5,243.64801
106.25,0.5,243.59801
106.25,0.5,243.54802
106.25,0.5,243.49802
106.25,0.5,243.44801
106.25,0.5,243.39801
106.25,0.5,243.34801
106.25,0.5,243.29802
106.25,0.5,243.24802
106.25,0.5,243.19801
106.25,0.5,243.14801
106.25,0.5,243.09801
106.25,0.5,243.04802
106.25,0.5,242.99802
106.25,0.5,242.94801
106.25,0.5,242.89801
106.25,0.5,242.84801
106.25,0.5,242.79802
106.25,0.5,242.74802
106.25,0.5,242.69801
106.25,0.5,242.64801
106.25,0.5,242.59801
106.25,0.5,242.54802
106.25,0.5,242.49802
106.25,0.5,242.44801
106.25,0.5,242.39801
106.25,0.5,242.34801
106.25,0.5,242.29802
106.25,0.5,242.24802
106.25,0.5,242.19801
106.25,0.5,242.14801
106.25,0.5,242.09801
106.25,0.5,242.04802
106.25,0.5,241.99802
106.25,0.5,241.94801
106.25,0.5,241.89801
106.75,0.5,243.69545
106.75,0.5,243.64545
106.75,0.5,243.59545
106.75,0.5,243.54545
106.75,0.5,243.49545
106.75,0.5,243.44545
106.75,0.5,243.39545
106.75,0.5,243.34545
106.75,0.5,243.29545
106.75,0.5,243.24545
106.75,0.5,243.19545
106.75,0.5,243.14545
106.75,0.5,243.09545
106.75,0.5,243.04545
106.75,0.5,242.99545
106.75,0.5,242.94545
106.75,0.5,242.89545
106.75,0.5,242.84545
106.75,0.5,242.79545
106.75,0.5,242.74545
106.75,0.5,242.69545
106.75,0.5,242.64545
106.75,0.5,242.59545
106.75,0.5,242.54545
106.75,0.5,242.49545
106.75,0.5,242.44545
106.75,0.5,242.39545
106.75,0.5,242.34545
106.75,0.5,242.29545
106.75,0.5,242.24545
106.75,0.5,242.19545
106.75,0.5,242.14545
106.75,0.5,242.09545
106.75,0.5,242.04545
106.75,0.5,241.99545
106.75,0.5,241.94545
107.25,0.5,243.74288
107.25,0.5,243.69288
107.25,0.5,243.64288
107.25,0.5,243.59288
107.25,0.5,243.54288
107.25,0.5,243.49288
107.25,0.5,243.44288
107.25,0.5,243.39288
107.25,0.5,243.34288
107.25,0.5,243.29288
107.25,0.5,243.24288
107.25,0.5,243.19288
107.25,0.5,243.14288
107.25,0.5,243.09288
107.25,0.5,243.04288
107.25,0.5,242.99288
107.25,0.5,242.94288
107.25,0.5,242.89288
107.25,0.5,242.84288
107.25,0.5,242.79288
107.25,0.5,242.74288
107.25,0.5,242.69288
107.25,0.5,242.64288
107.25,0.5,242.59288
107.25,0.5,242.54288
107.25,0.5,242.49288
107.25,0.5,242.44288
107.25,0.5,242.39288
107.25,0.5,242.34288
107.25,0.5,242.29288
107.25,0.5,242.24288
107.25,0.5,242.19288
107.25,0.5,242.14288
107.25,0.5,242.09288
107.25,0.5,242.04288
107.25,0.5,241.99288
104.75,0.5,241.70572
104.75,0.5,241.65572
104.75,0.5,241.60572
104.75,0.5,241.55572
104.75,0.5,241.38072
104.75,0.5,240.83072
104.75,0.5,239.78072
104.75,0.5,238.23072
104.75,0.5,236.18072
104.75,0.5,233.63072
104.75,0.5,230.58072
104.75,0.5,227.03072
105.25,0.5,241.75315
105.25,0.5,241.70315
105.25,0.5,241.65315
105.25,0.5,241.60315
105.25,0.5,241.42815
105.25,0.5,240.87815
105.25,0.5,239.82815
105.25,0.5,238.27815
105.25,0.5,236.22815
105.25,0.5,233.67815
105.25,0.5,230.62815
105.25,0.5,227.07815
105.75,0.5,241.80058
105.75,0.5,241.75058
105.75,0.5,241.70058
105.75,0.5,241.65058
105.75,0.5,241.47558
105.75,0.5,240.92558
105.75,0.5,239.87558
105.75,0.5,238.32558
105.75,0.5,236.27558
105.75,0.5,233.72558
105.75,0.5,230.67558
105.75,0.5,227.12558
106.25,0.5,241.84801
106.25,0.5,241.79802
106.25,0.5,241.74802
106.25,0.5,241.69801
106.25,0.5,241.52301
106.25,0.5,240.97301
106.25,0.5,239.92302
106.25,0.5,238.37302
106.25,0.5,236.32301
106.25,0.5,233.77301
106.25,0.5,230.72301
106.25,0.5,227.17302
106.75,0.5,241.89545
106.75,0.5,241.84545
106.75,0.5,241.79545
106.75,0.5,241.74545
106.75,0.5,241.57045
106.75,0.5,241.02045
106.75,0.5,239.97045
106.75,0.5,238.42045
106.75,0.5,236.37045
106.75,0.5,233.82045
106.75,0.5,230.77045
106.75,0.5,227.22045
107.25,0.5,241.94288
107.25,0.5,241.89288
107.25,0.5,241.84288
107.25,0.5,241.79288
107.25,0.5,241.61788
107.25,0.5,241.06788
107.25,0.5,240.01788
107.25,0.5,238.46788
107.25,0.5,236.41788
107.25,0.5,233.86788
107.25,0.5,230.81788
107.25,0.5,227.26788
107.75,0.5,243.78831
107.75,0.5,243.73831
107.75,0.5,243.68831
107.75,0.5,243.63831
107.75,0.5,243.58831
107.75,0.5,243.53831
107.75,0.5,243.48831
107.75,0.5,243.43831
107.75,0.5,243.38831
107.75,0.5,243.33831
107.75,0.5,243.28831
107.75,0.5,243.23831
107.75,0.5,243.18831
107.75,0.5,243.13831
107.75,0.5,243.08831
107.75,0.5,243.03831
107.75,0.5,242.98831
107.75,0.5,242.93831
107.75,0.5,242.88831
107.75,0.5,242.83831
107.75,0.5,242.78831
107.75,0.5,242.73831
107.75,0.5,242.68831
107.75,0.5,242.63831
107.75,0.5,242.58831
107.75,0.5,242.53831
107.75,0.5,242.48831
107.75,0.5,242.43831
107.75,0.5,242.38831
107.75,0.5,242.33831
107.75,0.5,242.28831
107.75,0.5,242.23831
107.75,0.5,242.18831
107.75,0.5,242.13831
107.75,0.5,242.08831
107.75,0.5,242.03831
108.25,0.5,243.8307
108.25,0.5,243.7807
108.25,0.5,243.7307
108.25,0.5,243.6807
108.25,0.5,243.6307
108.25,0.5,243.5807
108.25,0.5,243.5307
108.25,0.5,243.4807
108.25,0.5,243.4307
108.25,0.5,243.3807
108.25,0.5,243.3307
108.25,0.5,243.2807
108.25,0.5,243.2307
108.25,0.5,243.1807
108.25,0.5,243.1307
108.25,0.5,243.0807
108.25,0.5,243.0307
108.25,0.5,242.9807
108.25,0.5,242.9307
108.25,0.5,242.8807
108.25,0.5,242.8307
108.25,0.5,242.7807
108.25,0.5,242.7307
108.25,0.5,242.6807
108.25,0.5,242.6307
108.25,0.5,242.5807
108.25,0.5,242.5307
108.25,0.5,242.4807
108.25,0.5,242.4307
108.25,0.5,242.3807
108.25,0.5,242.3307
108.25,0.5,242.2807
108.25,0.5,242.2307
108.25,0.5,242.1807
108.25,0.5,242.1307
108.25,0.5,242.0807
108.75,0.5,243.87205
108.75,0.5,243.82204
108.75,0.5,243.77205
108.75,0.5,243.72205
108.75,0.5,243.67205
108.75,0.5,243.62205
108.75,0.5,243.57204
108.75,0.5,243.52205
108.75,0.5,243.47205
108.75,0.5,243.42205
108.75,0.5,243.37205
108.75,0.5,243.32204
108.75,0.5,243.27205
108.75,0.5,243.22205
108.75,0.5,243.17205
108.75,0.5,243.12205
108.75,0.5,243.07204
108.75,0.5,243.02205
108.75,0.5,242.97205
108.75,0.5,242.92205
108.75,0.5,242.87205
108.75,0.5,242.82204
108.75,0.5,242.77205
108.75,0.5,242.72205
108.75,0.5,242.67205
108.75,0.5,242.62205
108.75,0.5,242.57204
108.75,0.5,242.52205
108.75,0.5,242.47205
108.75,0.5,242.42205
108.75,0.5,242.37205
108.75,0.5,242.32204
108.75,0.5,242.27205
108.75,0.5,242.22205
108.75,0.5,242.17205
108.75,0.5,242.12205
109.25,0.5,243.9134
109.25,0.5,243.8634
109.25,0.5,243.8134
109.25,0.5,243.7634
109.25,0.5,243.7134
109.25,0.5,243.6634
109.25,0.5,243.6134
109.25,0.5,243.5634
109.25,0.5,243.5134
109.25,0.5,243.4634
109.25,0.5,243.4134
109.25,0.5,243.3634
109.25,0.5,243.3134
109.25,0.5,243.2634
109.25,0.5,243.2134
109.25,0.5,243.1634
109.25,0.5,243.1134
109.25,0.5,243.0634
109.25,0.5,243.0134
109.25,0.5,242.9634
109.25,0.5,242.9134
109.25,0.5,242.8634
109.25,0.5,242.8134
109.25,0.5,242.7634
109.25,0.5,242.7134
109.25,0.5,242.6634
109.25,0.5,242.6134
109.25,0.5,242.5634
109.25,0.5,242.5134
109.25,0.5,242.4634
109.25,0.5,242.4134
109.25,0.5,242.3634
109.25,0.5,242.3134
109.25,0.5,242.2634
109.25,0.5,242.2134
109.25,0.5,242.1634
109.75,0.5,243.95475
109.75,0.5,243.90475
109.75,0.5,243.85474
109.75,0.5,243.80475
109.75,0.5,243.75475
109.75,0.5,243.70475
109.75,0.5,243.65475
109.75,0.5,243.60474
109.75,0.5,243.55475
109.75,0.5,243.50475
109.75,0.5,243.45475
109.75,0.5,243.40475
109.75,0.5,243.35474
109.75,0.5,243.30475
109.75,0.5,243.25475
109.75,0.5,243.20475
109.75,0.5,243.15475
109.75,0.5,243.10474
109.75,0.5,243.05475
109.75,0.5,243.00475
109.75,0.5,242.95475
109.75,0.5,242.90475
109.75,0.5,242.85474
109.75,0.5,242.80475
109.75,0.5,242.75475
109.75,0.5,242.70475
109.75,0.5,242.65475
109.75,0.5,242.60474
109.75,0.5,242.55475
109.75,0.5,242.50475
109.75,0.5,242.45475
109.75,0.5,242.40475
109.75,0.5,242.35474
109.75,0.5,242.30475
109.75,0.5,242.25475
109.75,0.5,242.20475
110.25,0.5,243.9961
110.25,0.5,243.9461
110.25,0.5,243.8961
110.25,0.5,243.8461
110.25,0.5,243.7961
110.25,0.5,243.7461
110.25,0.5,243.6961
110.25,0.5,243.6461
110.25,0.5,243.5961
110.25,0.5,243.5461
110.25,0.5,243.4961
110.25,0.5,243.4461
110.25,0.5,243.3961
110.25,0.5,243.3461
110.25,0.5,243.2961
110.25,0.5,243.2461
110.25,0.5,243.1961
110.25,0.5,243.1461
110.25,0.5,243.0961
110.25,0.5,243.0461
110.25,0.5,242.9961
110.25,0.5,242.9461
110.25,0.5,242.8961
110.25,0.5,242.8461
110.25,0.5,242.7961
110.25,0.5,242.7461
110.25,0.5,242.6961
110.25,0.5,242.6461
110.25,0.5,242.5961
110.25,0.5,242.5461
110.25,0.5,242.4961
110.25,0.5,242.4461
110.25,0.5,242.3961
110.25,0.5,242.3461
110.25,0.5,242.2961
110.25,0.5,242.2461
107.75,0.5,241.98831
107.75,0.5,241.93831
107.75,0.5,241.88831
107.75,0.5,241.83831
107.75,0.5,241.66331
107.75,0.5,241.11331
107.75,0.5,240.06331
107.75,0.5,238.51331
107.75,0.5,236.46331
107.75,0.5,233.91331
107.75,0.5,230.86331
107.75,0.5,227.31331
108.25,0.5,242.0307
108.25,0.5,241.9807
108.25,0.5,241.9307
108.25,0.5,241.8807
108.25,0.5,241.7057
108.25,0.5,241.1557
108.25,0.5,240.1057
108.25,0.5,238.5557
108.25,0.5,236.5057
108.25,0.5,233.9557
108.25,0.5,230.9057
108.25,0.5,227.3557
108.75,0.5,242.07204
108.75,0.5,242.02205
108.75,0.5,241.97205
108.75,0.5,241.92205
108.75,0.5,241.74705
108.75,0.5,241.19704
108.75,0.5,240.14705
108.75,0.5,238.59705
108.75,0.5,236.54705
108.75,0.5,233.99705
108.75,0.5,230.94704
108.75,0.5,227.39705
109.25,0.5,242.1134
109.25,0.5,242.0634
109.25,0.5,242.0134
109.25,0.5,241.9634
109.25,0.5,241.7884
109.25,0.5,241.2384
109.25,0.5,240.1884
109.25,0.5,238.6384
109.25,0.5,236.5884
109.25,0.5,234.0384
109.25,0.5,230.9884
109.25,0.5,227.4384
109.75,0.5,242.15475
109.75,0.5,242.10474
109.75,0.5,242.05475
109.75,0.5,242.00475
109.75,0.5,241.82975
109.75,0.5,241.27975
109.75,0.5,240.22974
109.75,0.5,238.67975
109.75,0.5,236.62975
109.75,0.5,234.07975
109.75,0.5,231.02975
109.75,0.5,227.47974
110.25,0.5,242.1961
110.25,0.5,242.1461
110.25,0.5,242.0961
110.25,0.5,242.0461
110.25,0.5,241.8711
110.25,0.5,241.3211
110.25,0.5,240.2711
110.25,0.5,238.7211
110.25,0.5,236.6711
110.25,0.5,234.1211
110.25,0.5,231.0711
110.25,0.5,227.5211
110.75,0.5,244.03745
110.75,0.5,243.98745
110.75,0.5,243.93745
110.75,0.5,243.88744
110.75,0.5,243.83745
110.75,0.5,243.78745
110.75,0.5,243.73745
110.75,0.5,243.68745
110.75,0.5,243.63744
110.75,0.5,243.58745
110.75,0.5,243.53745
110.75,0.5,243.48745
110.75,0.5,243.43745
110.75,0.5,243.38744
110.75,0.5,243.33745
110.75,0.5,243.28745
110.75,0.5,243.23745
110.75,0.5,243.18745
110.75,0.5,243.13744
110.75,0.5,243.08745
110.75,0.5,243.03745
110.75,0.5,242.98745
110.75,0.5,242.93745
110.75,0.5,242.88744
110.75,0.5,242.83745
110.75,0.5,242.78745
110.75,0.5,242.73745
110.75,0.5,242.68745
110.75,0.5,242.63744
110.75,0.5,242.58745
110.75,0.5,242.53745
110.75,0.5,242.48745
110.75,0.5,242.43745
110.75,0.5,242.38744
110.75,0.5,242.33745
110.75,0.5,242.28745
111.25,0.5,244.0788
111.25,0.5,244.0288
111.25,0.5,243.9788
111.25,0.5,243.92879
111.25,0.5,243.8788
111.25,0.5,243.8288
111.25,0.5,243.7788
111.25,0.5,243.7288
111.25,0.5,243.67879
111.25,0.5,243.6288
111.25,0.5,243.5788
111.25,0.5,243.5288
111.25,0.5,243.4788
111.25,0.5,243.42879
111.25,0.5,243.3788
111.25,0.5,243.3288
111.25,0.5,243.2788
111.25,0.5,243.2288
111.25,0.5,243.17879
111.25,0.5,243.1288
111.25,0.5,243.0788
111.25,0.5,243.0288
111.25,0.5,242.9788
111.25,0.5,242.92879
111.25,0.5,242.8788
111.25,0.5,242.8288
111.25,0.5,242.7788
111.25,0.5,242.7288
111.25,0.5,242.67879
111.25,0.5,242.6288
111.25,0.5,242.5788
111.25,0.5,242.5288
111.25,0.5,242.4788
111.25,0.5,242.42879
111.25,0.5,242.3788
111.25,0.5,242.3288
111.75,0.5,244.12569
111.75,0.5,244.0757
111.75,0.5,244.0257
111.75,0.5,243.97569
111.75,0.5,243.92569
111.75,0.5,243.87569
111.75,0.5,243.8257
111.75,0.5,243.7757
111.75,0.5,243.72569
111.75,0.5,243.67569
111.75,0.5,243.62569
111.75,0.5,243.5757
111.75,0.5,243.5257
111.75,0.5,243.47569
111.75,0.5,243.42569
111.75,0.5,243.37569
111.75,0.5,243.3257
111.75,0.5,243.2757
111.75,0.5,243.22569
111.75,0.5,243.17569
111.75,0.5,243.12569
111.75,0.5,243.0757
111.75,0.5,243.0257
111.75,0.5,242.97569
111.75,0.5,242.92569
111.75,0.5,242.87569
111.75,0.5,242.8257
111.75,0.5,242.7757
111.75,0.5,242.72569
111.75,0.5,242.67569
111.75,0.5,242.62569
111.75,0.5,242.5757
111.75,0.5,242.5257
111.75,0.5,242.47569
111.75,0.5,242.42569
111.75,0.5,242.37569
112.25,0.5,244.18072
112.25,0.5,244.13072
112.25,0.5,244.08072
112.25,0.5,244.03072
112.25,0.5,243.98071
112.25,0.5,243.93072
112.25,0.5,243.88072
112.25,0.5,243.83072
112.25,0.5,243.78072
112.25,0.5,243.73071
112.25,0.5,243.68072
112.25,0.5,243.63072
112.25,0.5,243.58072
112.25,0.5,243.53072
112.25,0.5,243.48071
112.25,0.5,243.43072
112.25,0.5,243.38072
112.25,0.5,243.33072
112.25,0.5,243.28072
112.25,0.5,243.23071
112.25,0.5,243.18072
112.25,0.5,243.13072
112.25,0.5,243.08072
112.25,0.5,243.03072
112.25,0.5,242.98071
112.25,0.5,242.93072
112.25,0.5,242.88072
112.25,0.5,242.83072
112.25,0.5,242.78072
112.25,0.5,242.73071
112.25,0.5,242.68072
112.25,0.5,242.63072
112.25,0.5,242.58072
112.25,0.5,242.53072
112.25,0.5,242.48071
112.25,0.5,242.43072
112.75,0.5,244.23832
112.75,0.5,244.18832
112.75,0.5,244.13832
112.75,0.5,244.08832
112.75,0.5,244.03831
112.75,0.5,243.98832
112.75,0.5,243.93832
112.75,0.5,243.88832
112.75,0.5,243.83832
112.75,0.5,243.78831
112.75,0.5,243.73832
112.75,0.5,243.68832
112.75,0.5,243.63832
112.75,0.5,243.58832
112.75,0.5,243.53831
112.75,0.5,243.48832
112.75,0.5,243.43832
112.75,0.5,243.38832
112.75,0.5,243.33832
112.75,0.5,243.28831
112.75,0.5,243.23832
112.75,0.5,243.18832
112.75,0.5,243.13832
112.75,0.5,243.08832
112.75,0.5,243.03831
112.75,0.5,242.98832
112.75,0.5,242.93832
112.75,0.5,242.88832
112.75,0.5,242.83832
112.75,0.5,242.78831
112.75,0.5,242.73832
112.75,0.5,242.68832
112.75,0.5,242.63832
112.75,0.5,242.58832
112.75,0.5,242.53831
112.75,0.5,242.48832
113.25,0.5,244.29592
113.25,0.5,244.24593
113.25,0.5,244.19592
113.25,0.5,244.14592
113.25,0.5,244.09592
113.25,0.5,244.04592
113.25,0.5,243.99593
113.25,0.5,243.94592
113.25,0.5,243.89592
113.25,0.5,243.84592
113.25,0.5,243.79592
113.25,0.5,243.74593
113.25,0.5,243.69592
113.25,0.5,243.64592
113.25,0.5,243.59592
113.25,0.5,243.54592
113.25,0.5,243.49593
113.25,0.5,243.44592
113.25,0.5,243.39592
113.25,0.5,243.34592
113.25,0.5,243.29592
113.25,0.5,243.24593
113.25,0.5,243.19592
113.25,0.5,243.14592
113.25,0.5,243.09592
113.25,0.5,243.04592
113.25,0.5,242.99593
113.25,0.5,242.94592
113.25,0.5,242.89592
113.25,0.5,242.84592
113.25,0.5,242.79592
113.25,0.5,242.74593
113.25,0.5,242.69592
113.25,0.5,242.64592
113.25,0.5,242.59592
113.25,0.5,242.54592
110.75,0.5,242.23745
110.75,0.5,242.18745
110.75,0.5,242.13744
110.75,0.5,242.08745
110.75,0.5,241.91245
110.75,0.5,241.36245
110.75,0.5,240.31245
110.75,0.5,238.76244
110.75,0.5,236.71245
110.75,0.5,234.16245
110.75,0.5,231.11245
110.75,0.5,227.56245
111.25,0.5,242.2788
111.25,0.5,242.2288
111.25,0.5,242.17879
111.25,0.5,242.1288
111.25,0.5,241.9538
111.25,0.5,241.4038
111.25,0.5,240.3538
111.25,0.5,238.80379
111.25,0.5,236.7538
111.25,0.5,234.2038
111.25,0.5,231.1538
111.25,0.5,227.6038
111.75,0.5,242.3257
111.75,0.5,242.2757
111.75,0.5,242.22569
111.75,0.5,242.17569
111.75,0.5,242.00069
111.75,0.5,241.4507
111.75,0.5,240.4007
111.75,0.5,238.85069
111.75,0.5,236.80069
111.75,0.5,234.25069
111.75,0.5,231.2007
111.75,0.5,227.6507
112.25,0.5,242.38072
112.25,0.5,242.33072
112.25,0.5,242.28072
112.25,0.5,242.23071
112.25,0.5,242.05572
112.25,0.5,241.50572
112.25,0.5,240.45572
112.25,0.5,238.90572
112.25,0.5,236.85571
112.25,0.5,234.30572
112.25,0.5,231.25572
112.25,0.5,227.70572
112.75,0.5,242.43832
112.75,0.5,242.38832
112.75,0.5,242.33832
112.75,0.5,242.28831
112.75,0.5,242.11332
112.75,0.5,241.56332
112.75,0.5,240.51332
112.75,0.5,238.96332
112.75,0.5,236.91331
112.75,0.5,234.36332
112.75,0.5,231.31332
112.75,0.5,227.76332
113.25,0.5,242.49593
113.25,0.5,242.44592
113.25,0.5,242.39592
113.25,0.5,242.34592
113.25,0.5,242.17092
113.25,0.5,241.62093
113.25,0.5,240.57092
113.25,0.5,239.02092
113.25,0.5,236.97092
113.25,0.5,234.42092
113.25,0.5,231.37093
113.25,0.5,227.82092
113.75,0.5,244.35352
113.75,0.5,244.30353
113.75,0.5,244.25352
113.75,0.5,244.20352
113.75,0.5,244.15352
113.75,0.5,244.10352
113.75,0.5,244.05353
113.75,0.5,244.00352
113.75,0.5,243.95352
113.75,0.5,243.90352
113.75,0.5,243.85352
113.75,0.5,243.80353
113.75,0.5,243.75352
113.75,0.5,243.70352
113.75,0.5,243.65352
113.75,0.5,243.60352
113.75,0.5,243.55353
113.75,0.5,243.50352
113.75,0.5,243.45352
113.75,0.5,243.40352
113.75,0.5,243.35352
113.75,0.5,243.30353
113.75,0.5,243.25352
113.75,0.5,243.20352
113.75,0.5,243.15352
113.75,0.5,243.10352
113.75,0.5,243.05353
113.75,0.5,243.00352
113.75,0.5,242.95352
113.75,0.5,242.90352
113.75,0.5,242.85352
113.75,0.5,242.80353
113.75,0.5,242.75352
113.75,0.5,242.70352
113.75,0.5,242.65352
113.75,0.5,242.60352
114.25,0.5,244.41113
114.25,0.5,244.36113
114.25,0.5,244.31113
114.25,0.5,244.26112
114.25,0.5,244.21112
114.25,0.5,244.16113
114.25,0.5,244.11113
114.25,0.5,244.06113
114.25,0.5,244.01112
114.25,0.5,243.96112
114.25,0.5,243.91113
114.25,0.5,243.86113
114.25,0.5,243.81113
114.25,0.5,243.76112
114.25,0.5,243.71112
114.25,0.5,243.66113
114.25,0.5,243.61113
114.25,0.5,243.56113
114.25,0.5,243.51112
114.25,0.5,243.46112
114.25,0.5,243.41113
114.25,0.5,243.36113
114.25,0.5,243.31113
114.25,0.5,243.26112
114.25,0.5,243.21112
114.25,0.5,243.16113
114.25,0.5,243.11113
114.25,0.5,243.06113
114.25,0.5,243.01112
114.25,0.5,242.96112
114.25,0.5,242.91113
114.25,0.5,242.86113
114.25,0.5,242.81113
114.25,0.5,242.76112
114.25,0.5,242.71112
114.25,0.5,242.66113
114.75,0.5,244.46873
114.75,0.5,244.41873
114.75,0.5,244.36873
114.75,0.5,244.31873
114.75,0.5,244.26872
114.75,0.5,244.21873
114.75,0.5,244.16873
114.75,0.5,244.11873
114.75,0.5,244.06873
114.75,0.5,244.01872
114.75,0.5,243.96873
114.75,0.5,243.91873
114.75,0.5,243.86873
114.75,0.5,243.81873
114.75,0.5,243.76872
114.75,0.5,243.71873
114.75,0.5,243.66873
114.75,0.5,243.61873
114.75,0.5,243.56873
114.75,0.5,243.51872
114.75,0.5,243.46873
114.75,0.5,243.41873
114.75,0.5,243.36873
114.75,0.5,243.31873
114.75,0.5,243.26872
114.75,0.5,243.21873
114.75,0.5,243.16873
114.75,0.5,243.11873
114.75,0.5,243.06873
114.75,0.5,243.01872
114.75,0.5,242.96873
114.75,0.5,242.91873
114.75,0.5,242.86873
114.75,0.5,242.81873
114.75,0.5,242.76872
114.75,0.5,242.71873
115.25,0.5,244.52633
115.25,0.5,244.47633
115.25,0.5,244.42633
115.25,0.5,244.37633
115.25,0.5,244.32632
115.25,0.5,244.27633
115.25,0.5,244.22633
115.25,0.5,244.17633
115.25,0.5,244.12633
115.25,0.5,244.07632
115.25,0.5,244.02633
115.25,0.5,243.97633
115.25,0.5,243.92633
115.25,0.5,243.87633
115.25,0.5,243.82632
115.25,0.5,243.77633
115.25,0.5,243.72633
115.25,0.5,243.67633
115.25,0.5,243.62633
115.25,0.5,243.57632
115.25,0.5,243.52633
115.25,0.5,243.47633
115.25,0.5,243.42633
115.25,0.5,243.37633
115.25,0.5,243.32632
115.25,0.5,243.27633
115.25,0.5,243.22633
115.25,0.5,243.17633
115.25,0.5,243.12633
115.25,0.5,243.07632
115.25,0.5,243.02633
115.25,0.5,242.97633
115.25,0.5,242.92633
115.25,0.5,242.87633
115.25,0.5,242.82632
115.25,0.5,242.77633
115.75,0.5,244.58809
115.75,0.5,244.53809
115.75,0.5,244.48809
115.75,0.5,244.43809
115.75,0.5,244.38808
115.75,0.5,244.33809
115.75,0.5,244.28809
115.75,0.5,244.23809
115.75,0.5,244.18809
115.75,0.5,244.13808
115.75,0.5,244.08809
115.75,0.5,244.03809
115.75,0.5,243.98809
115.75,0.5,243.93809
115.75,0.5,243.88808
115.75,0.5,243.83809
115.75,0.5,243.78809
115.75,0.5,243.73809
115.75,0.5,243.68809
115.75,0.5,243.63808
115.75,0.5,243.58809
115.75,0.5,243.53809
115.75,0.5,243.48809
115.75,0.5,243.43809
115.75,0.5,243.38808
115.75,0.5,243.33809
115.75,0.5,243.28809
115.75,0.5,243.23809
115.75,0.5,243.18809
115.75,0.5,243.13808
115.75,0.5,243.08809
115.75,0.5,243.03809
115.75,0.5,242.98809
115.75,0.5,242.93809
115.75,0.5,242.88808
115.75,0.5,242.83809
116.25,0.5,244.65573
116.25,0.5,244.60573
116.25,0.5,244.55573
116.25,0.5,244.50573
116.25,0.5,244.45573
116.25,0.5,244.40573
116.25,0.5,244.35573
116.25,0.5,244.30573
116.25,0.5,244.25573
116.25,0.5,244.20573
116.25,0.5,244.15573
116.25,0.5,244.10573
116.25,0.5,244.05573
116.25,0.5,244.00573
116.25,0.5,243.95573
116.25,0.5,243.90573
116.25,0.5,243.85573
116.25,0.5,243.80573
116.25,0.5,243.75573
116.25,0.5,243.70573
116.25,0.5,243.65573
116.25,0.5,243.60573
116.25,0.5,243.55573
116.25,0.5,243.50573
116.25,0.5,243.45573
116.25,0.5,243.40573
116.25,0.5,243.35573
116.25,0.5,243.30573
116.25,0.5,243.25573
116.25,0.5,243.20573
116.25,0.5,243.15573
116.25,0.5,243.10573
116.25,0.5,243.05573
116.25,0.5,243.00573
116.25,0.5,242.95573
116.25,0.5,242.90573
113.75,0.5,242.55353
113.75,0.5,242.50352
113.75,0.5,242.45352
113.75,0.5,242.40352
113.75,0.5,242.22852
113.75,0.5,241.67853
113.75,0.5,240.62852
113.75,0.5,239.07852
113.75,0.5,237.02852
113.75,0.5,234.47852
113.75,0.5,231.42853
113.75,0.5,227.87852
114.25,0.5,242.61113
114.25,0.5,242.56113
114.25,0.5,242.51112
114.25,0.5,242.46112
114.25,0.5,242.28613
114.25,0.5,241.73613
114.25,0.5,240.68613
114.25,0.5,239.13612
114.25,0.5,237.08612
114.25,0.5,234.53613
114.25,0.5,231.48613
114.25,0.5,227.93613
114.75,0.5,242.66873
114.75,0.5,242.61873
114.75,0.5,242.56873
114.75,0.5,242.51872
114.75,0.5,242.34373
114.75,0.5,241.79373
114.75,0.5,240.74373
114.75,0.5,239.19373
114.75,0.5,237.14372
114.75,0.5,234.59373
114.75,0.5,231.54373
114.75,0.5,227.99373
115.25,0.5,242.72633
115.25,0.5,242.67633
115.25,0.5,242.62633
115.25,0.5,242.57632
115.25,0.5,242.40133
115.25,0.5,241.85133
115.25,0.5,240.80133
115.25,0.5,239.25133
115.25,0.5,237.20132
115.25,0.5,234.65133
115.25,0.5,231.60133
115.25,0.5,228.05133
115.75,0.5,242.78809
115.75,0.5,242.73809
115.75,0.5,242.68809
115.75,0.5,242.63808
115.75,0.5,242.46309
115.75,0.5,241.91309
115.75,0.5,240.86309
115.75,0.5,239.31309
115.75,0.5,237.26308
115.75,0.5,234.71309
115.75,0.5,231.66309
115.75,0.5,228.11309
116.25,0.5,242.85573
116.25,0.5,242.80573
116.25,0.5,242.75573
116.25,0.5,242.70573
116.25,0.5,242.53073
116.25,0.5,241.98073
116.25,0.5,240.93073
116.25,0.5,239.38073
116.25,0.5,237.33073
116.25,0.5,234.78073
116.25,0.5,231.73073
116.25,0.5,228.18073
116.75,0.5,244.72509
116.75,0.5,244.67509
116.75,0.5,244.62509
116.75,0.5,244.57509
116.75,0.5,244.52509
116.75,0.5,244.47509
116.75,0.5,244.42509
116.75,0.5,244.37509
116.75,0.5,244.32509
116.75,0.5,244.27509
116.75,0.5,244.22509
116.75,0.5,244.17509
116.75,0.5,244.12509
116.75,0.5,244.07509
116.75,0.5,244.02509
116.75,0.5,243.97509
116.75,0.5,243.92509
116.75,0.5,243.87509
116.75,0.5,243.82509
116.75,0.5,243.77509
116.75,0.5,243.72509
116.75,0.5,243.67509
116.75,0.5,243.62509
116.75,0.5,243.57509
116.75,0.5,243.52509
116.75,0.5,243.47509
116.75,0.5,243.42509
116.75,0.5,243.37509
116.75,0.5,243.32509
116.75,0.5,243.27509
116.75,0.5,243.22509
116.75,0.5,243.17509
116.75,0.5,243.12509
116.75,0.5,243.07509
116.75,0.5,243.02509
116.75,0.5,242.97509
117.25,0.5,244.79445
117.25,0.5,244.74445
117.25,0.5,244.69445
117.25,0.5,244.64445
117.25,0.5,244.59445
117.25,0.5,244.54445
117.25,0.5,244.49445
117.25,0.5,244.44445
117.25,0.5,244.39445
117.25,0.5,244.34445
117.25,0.5,244.29445
117.25,0.5,244.24445
117.25,0.5,244.19445
117.25,0.5,244.14445
117.25,0.5,244.09445
117.25,0.5,244.04445
117.25,0.5,243.99445
117.25,0.5,243.94445
117.25,0.5,243.89445
117.25,0.5,243.84445
117.25,0.5,243.79445
117.25,0.5,243.74445
117.25,0.5,243.69445
117.25,0.5,243.64445
117.25,0.5,243.59445
117.25,0.5,243.54445
117.25,0.5,243.49445
117.25,0.5,243.44445
117.25,0.5,243.39445
117.25,0.5,243.34445
117.25,0.5,243.29445
117.25,0.5,243.24445
117.25,0.5,243.19445
117.25,0.5,243.14445
117.25,0.5,243.09445
117.25,0.5,243.04445
117.75,0.5,244.86381
117.75,0.5,244.81382
117.75,0.5,244.76382
117.75,0.5,244.71381
117.75,0.5,244.66381
117.75,0.5,244.61381
117.75,0.5,244.56382
117.75,0.5,244.51382
117.75,0.5,244.46381
117.75,0.5,244.41381
117.75,0.5,244.36381
117.75,0.5,244.31382
117.75,0.5,244.26382
117.75,0.5,244.21381
117.75,0.5,244.16381
117.75,0.5,244.11381
117.75,0.5,244.06382
117.75,0.5,244.01382
117.75,0.5,243.96381
117.75,0.5,243.91381
117.75,0.5,243.86381
117.75,0.5,243.81382
117.75,0.5,243.76382
117.75,0.5,243.71381
117.75,0.5,243.66381
117.75,0.5,243.61381
117.75,0.5,243.56382
117.75,0.5,243.51382
117.75,0.5,243.46381
117.75,0.5,243.41381
117.75,0.5,243.36381
117.75,0.5,243.31382
117.75,0.5,243.26382
117.75,0.5,243.21381
117.75,0.5,243.16381
117.75,0.5,243.11381
118.25,0.5,244.93317
118.25,0.5,244.88317
118.25,0.5,244.83318
118.25,0.5,244.78318
118.25,0.5,244.73318
118.25,0.5,244.68317
118.25,0.5,244.63317
118.25,0.5,244.58318
118.25,0.5,244.53318
118.25,0.5,244.48318
118.25,0.5,244.43317
118.25,0.5,244.38317
118.25,0.5,244.33318
118.25,0.5,244.28318
118.25,0.5,244.23318
118.25,0.5,244.18317
118.25,0.5,244.13317
118.25,0.5,244.08318
118.25,0.5,244.03318
118.25,0.5,243.98318
118.25,0.5,243.93317
118.25,0.5,243.88317
118.25,0.5,243.83318
118.25,0.5,243.78318
118.25,0.5,243.73318
118.25,0.5,243.68317
118.25,0.5,243.63317
118.25,0.5,243.58318
118.25,0.5,243.53318
118.25,0.5,243.48318
118.25,0.5,243.43317
118.25,0.5,243.38317
118.25,0.5,243.33318
118.25,0.5,243.28318
118.25,0.5,243.23318
118.25,0.5,243.18317
118.75,0.5,245.00254
118.75,0.5,244.95254
118.75,0.5,244.90253
118.75,0.5,244.85254
118.75,0.5,244.80254
118.75,0.5,244.75254
118.75,0.5,244.70254
118.75,0.5,244.65253
118.75,0.5,244.60254
118.75,0.5,244.55254
118.75,0.5,244.50254
118.75,0.5,244.45254
118.75,0.5,244.40253
118.75,0.5,244.35254
118.75,0.5,244.30254
118.75,0.5,244.25254
118.75,0.5,244.20254
118.75,0.5,244.15253
118.75,0.5,244.10254
118.75,0.5,244.05254
118.75,0.5,244.00254
118.75,0.5,243.95254
118.75,0.5,243.90253
118.75,0.5,243.85254
118.75,0.5,243.80254
118.75,0.5,243.75254
118.75,0.5,243.70254
118.75,0.5,243.65253
118.75,0.5,243.60254
118.75,0.5,243.55254
118.75,0.5,243.50254
118.75,0.5,243.45254
118.75,0.5,243.40253
118.75,0.5,243.35254
118.75,0.5,243.30254
118.75,0.5,243.25254
119.25,0.5,245.0719
119.25,0.5,245.0219
119.25,0.5,244.9719
119.25,0.5,244.9219
119.25,0.5,244.8719
119.25,0.5,244.8219
119.25,0.5,244.7719
119.25,0.5,244.7219
119.25,0.5,244.6719
119.25,0.5,244.6219
119.25,0.5,244.5719
119.25,0.5,244.5219
119.25,0.5,244.4719
119.25,0.5,244.4219
119.25,0.5,244.3719
119.25,0.5,244.3219
119.25,0.5,244.2719
119.25,0.5,244.2219
119.25,0.5,244.1719
119.25,0.5,244.1219
119.25,0.5,244.0719
119.25,0.5,244.0219
119.25,0.5,243.9719
119.25,0.5,243.9219
119.25,0.5,243.8719
119.25,0.5,243.8219
119.25,0.5,243.7719
119.25,0.5,243.7219
119.25,0.5,243.6719
119.25,0.5,243.6219
119.25,0.5,243.5719
119.25,0.5,243.5219
119.25,0.5,243.4719
119.25,0.5,243.4219
119.25,0.5,243.3719
119.25,0.5,243.3219
116.75,0.5,242.92509
116.75,0.5,242.87509
116.75,0.5,242.82509
116.75,0.5,242.77509
116.75,0.5,242.60009
116.75,0.5,242.05009
116.75,0.5,241.00009
116.75,0.5,239.45009
116.75,0.5,237.40009
116.75,0.5,234.85009
116.75,0.5,231.80009
116.75,0.5,228.25009
117.25,0.5,242.99445
117.25,0.5,242.94445
117.25,0.5,242.89445
117.25,0.5,242.84445
117.25,0.5,242.66945
117.25,0.5,242.11945
117.25,0.5,241.06945
117.25,0.5,239.51945
117.25,0.5,237.46945
117.25,0.5,234.91945
117.25,0.5,231.86945
117.25,0.5,228.31945
117.75,0.5,243.06382
117.75,0.5,243.01382
117.75,0.5,242.96381
117.75,0.5,242.91381
117.75,0.5,242.73881
117.75,0.5,242.18882
117.75,0.5,241.13882
117.75,0.5,239.58881
117.75,0.5,237.53881
117.75,0.5,234.98881
117.75,0.5,231.93882
117.75,0.5,228.38882
118.25,0.5,243.13317
118.25,0.5,243.08318
118.25,0.5,243.03318
118.25,0.5,242.98318
118.25,0.5,242.80817
118.25,0.5,242.25817
118.25,0.5,241.20818
118.25,0.5,239.65818
118.25,0.5,237.60818
118.25,0.5,235.05817
118.25,0.5,232.00817
118.25,0.5,228.45818
118.75,0.5,243.20254
118.75,0.5,243.15253
118.75,0.5,243.10254
118.75,0.5,243.05254
118.75,0.5,242.87754
118.75,0.5,242.32754
118.75,0.5,241.27753
118.75,0.5,239.72754
118.75,0.5,237.67754
118.75,0.5,235.12754
118.75,0.5,232.07754
118.75,0.5,228.52753
119.25,0.5,243.2719
119.25,0.5,243.2219
119.25,0.5,243.1719
119.25,0.5,243.1219
119.25,0.5,242.9469
119.25,0.5,242.3969
119.25,0.5,241.3469
119.25,0.5,239.7969
119.25,0.5,237.7469
119.25,0.5,235.1969
119.25,0.5,232.1469
119.25,0.5,228.5969
119.75,0.5,245.14149
119.75,0.5,245.0915
119.75,0.5,245.0415
119.75,0.5,244.99149
119.75,0.5,244.94149
119.75,0.5,244.89149
119.75,0.5,244.8415
119.75,0.5,244.7915
119.75,0.5,244.74149
119.75,0.5,244.69149
119.75,0.5,244.64149
119.75,0.5,244.5915
119.75,0.5,244.5415
119.75,0.5,244.49149
119.75,0.5,244.44149
119.75,0.5,244.39149
119.75,0.5,244.3415
119.75,0.5,244.2915
119.75,0.5,244.24149
119.75,0.5,244.19149
119.75,0.5,244.14149
119.75,0.5,244.0915
119.75,0.5,244.0415
119.75,0.5,243.99149
119.75,0.5,243.94149
119.75,0.5,243.89149
119.75,0.5,243.8415
119.75,0.5,243.7915
119.75,0.5,243.74149
119.75,0.5,243.69149
119.75,0.5,243.64149
119.75,0.5,243.5915
119.75,0.5,243.5415
119.75,0.5,243.49149
119.75,0.5,243.44149
119.75,0.5,243.39149
120.25,0.5,245.21141
120.25,0.5,245.16141
120.25,0.5,245.1114
120.25,0.5,245.06141
120.25,0.5,245.01141
120.25,0.5,244.96141
120.25,0.5,244.91141
120.25,0.5,244.8614
120.25,0.5,244.81141
120.25,0.5,244.76141
120.25,0.5,244.71141
120.25,0.5,244.66141
120.25,0.5,244.6114
120.25,0.5,244.56141
120.25,0.5,244.51141
120.25,0.5,244.46141
120.25,0.5,244.41141
120.25,0.5,244.3614
120.25,0.5,244.31141
120.25,0.5,244.26141
120.25,0.5,244.21141
120.25,0.5,244.16141
120.25,0.5,244.1114
120.25,0.5,244.06141
120.25,0.5,244.01141
120.25,0.5,243.96141
120.25,0.5,243.91141
120.25,0.5,243.8614
120.25,0.5,243.81141
120.25,0.5,243.76141
120.25,0.5,243.71141
120.25,0.5,243.66141
120.25,0.5,243.6114
120.25,0.5,243.56141
120.25,0.5,243.51141
120.25,0.5,243.46141
120.75,0.5,245.2814
120.75,0.5,245.2314
120.75,0.5,245.1814
120.75,0.5,245.1314
120.75,0.5,245.08141
120.75,0.5,245.0314
120.75,0.5,244.9814
120.75,0.5,244.9314
120.75,0.5,244.8814
120.75,0.5,244.83141
120.75,0.5,244.7814
120.75,0.5,244.7314
120.75,0.5,244.6814
120.75,0.5,244.6314
120.75,0.5,244.58141
120.75,0.5,244.5314
120.75,0.5,244.4814
120.75,0.5,244.4314
120.75,0.5,244.3814
120.75,0.5,244.33141
120.75,0.5,244.2814
120.75,0.5,244.2314
120.75,0.5,244.1814
120.75,0.5,244.1314
120.75,0.5,244.08141
120.75,0.5,244.0314
120.75,0.5,243.9814
120.75,0.5,243.9314
120.75,0.5,243.8814
120.75,0.5,243.83141
120.75,0.5,243.7814
120.75,0.5,243.7314
120.75,0.5,243.6814
120.75,0.5,243.6314
120.75,0.5,243.58141
120.75,0.5,243.5314
121.25,0.5,245.3514
121.25,0.5,245.3014
121.25,0.5,245.2514
121.25,0.5,245.2014
121.25,0.5,245.1514
121.25,0.5,245.1014
121.25,0.5,245.0514
121.25,0.5,245.0014
121.25,0.5,244.9514
121.25,0.5,244.9014
121.25,0.5,244.8514
121.25,0.5,244.8014
121.25,0.5,244.7514
121.25,0.5,244.7014
121.25,0.5,244.6514
121.25,0.5,244.6014
121.25,0.5,244.5514
121.25,0.5,244.5014
121.25,0.5,244.4514
121.25,0.5,244.4014
121.25,0.5,244.3514
121.25,0.5,244.3014
121.25,0.5,244.2514
121.25,0.5,244.2014
121.25,0.5,244.1514
121.25,0.5,244.1014
121.25,0.5,244.0514
121.25,0.5,244.0014
121.25,0.5,243.9514
121.25,0.5,243.9014
121.25,0.5,243.8514
121.25,0.5,243.8014
121.25,0.5,243.7514
121.25,0.5,243.7014
121.25,0.5,243.6514
121.25,0.5,243.6014
121.75,0.5,245.4214
121.75,0.5,245.3714
121.75,0.5,245.3214
121.75,0.5,245.2714
121.75,0.5,245.2214
121.75,0.5,245.1714
121.75,0.5,245.1214
121.75,0.5,245.0714
121.75,0.5,245.0214
121.75,0.5,244.9714
121.75,0.5,244.9214
121.75,0.5,244.8714
121.75,0.5,244.8214
121.75,0.5,244.7714
121.75,0.5,244.7214
121.75,0.5,244.6714
121.75,0.5,244.6214
121.75,0.5,244.5714
121.75,0.5,244.5214
121.75,0.5,244.4714
121.75,0.5,244.4214
121.75,0.5,244.3714
121.75,0.5,244.3214
121.75,0.5,244.2714
121.75,0.5,244.2214
121.75,0.5,244.1714
121.75,0.5,244.1214
121.75,0.5,244.0714
121.75,0.5,244.0214
121.75,0.5,243.9714
121.75,0.5,243.9214
121.75,0.5,243.8714
121.75,0.5,243.8214
121.75,0.5,243.7714
121.75,0.5,243.7214
121.75,0.5,243.6714
122.25,0.5,245.49139
122.25,0.5,245.44139
122.25,0.5,245.3914
122.25,0.5,245.3414
122.25,0.5,245.2914
122.25,0.5,245.24139
122.25,0.5,245.19139
122.25,0.5,245.1414
122.25,0.5,245.0914
122.25,0.5,245.0414
122.25,0.5,244.99139
122.25,0.5,244.94139
122.25,0.5,244.8914
122.25,0.5,244.8414
122.25,0.5,244.7914
122.25,0.5,244.74139
122.25,0.5,244.69139
122.25,0.5,244.6414
122.25,0.5,244.5914
122.25,0.5,244.5414
122.25,0.5,244.49139
122.25,0.5,244.44139
122.25,0.5,244.3914
122.25,0.5,244.3414
122.25,0.5,244.2914
122.25,0.5,244.24139
122.25,0.5,244.19139
122.25,0.5,244.1414
122.25,0.5,244.0914
122.25,0.5,244.0414
122.25,0.5,243.99139
122.25,0.5,243.94139
122.25,0.5,243.8914
122.25,0.5,243.8414
122.25,0.5,243.7914
122.25,0.5,243.74139
119.75,0.5,243.3415
119.75,0.5,243.2915
119.75,0.5,243.24149
119.75,0.5,243.19149
119.75,0.5,243.01649
119.75,0.5,242.4665
119.75,0.5,241.4165
119.75,0.5,239.86649
119.75,0.5,237.81649
119.75,0.5,235.26649
119.75,0.5,232.2165
119.75,0.5,228.6665
120.25,0.5,243.41141
120.25,0.5,243.3614
120.25,0.5,243.31141
120.25,0.5,243.26141
120.25,0.5,243.08641
120.25,0.5,242.53641
120.25,0.5,241.4864
120.25,0.5,239.93641
120.25,0.5,237.88641
120.25,0.5,235.33641
120.25,0.5,232.28641
120.25,0.5,228.7364
120.75,0.5,243.4814
120.75,0.5,243.4314
120.75,0.5,243.3814
120.75,0.5,243.33141
120.75,0.5,243.1564
120.75,0.5,242.6064
120.75,0.5,241.5564
120.75,0.5,240.0064
120.75,0.5,237.95641
120.75,0.5,235.4064
120.75,0.5,232.3564
120.75,0.5,228.8064
121.25,0.5,243.5514
121.25,0.5,243.5014
121.25,0.5,243.4514
121.25,0.5,243.4014
121.25,0.5,243.2264
121.25,0.5,242.6764
121.25,0.5,241.6264
121.25,0.5,240.0764
121.25,0.5,238.0264
121.25,0.5,235.4764
121.25,0.5,232.4264
121.25,0.5,228.8764
121.75,0.5,243.6214
121.75,0.5,243.5714
121.75,0.5,243.5214
121.75,0.5,243.4714
121.75,0.5,243.2964
121.75,0.5,242.7464
121.75,0.5,241.6964
121.75,0.5,240.1464
121.75,0.5,238.0964
121.75,0.5,235.5464
121.75,0.5,232.4964
121.75,0.5,228.9464
122.25,0.5,243.69139
122.25,0.5,243.6414
122.25,0.5,243.5914
122.25,0.5,243.5414
122.25,0.5,243.36639
122.25,0.5,242.81639
122.25,0.5,241.7664
122.25,0.5,240.2164
122.25,0.5,238.1664
122.25,0.5,235.61639
122.25,0.5,232.56639
122.25,0.5,229.0164
122.75,0.5,245.56139
122.75,0.5,245.51139
122.75,0.5,245.4614
122.75,0.5,245.41139
122.75,0.5,245.36139
122.75,0.5,245.31139
122.75,0.5,245.26139
122.75,0.5,245.2114
122.75,0.5,245.16139
122.75,0.5,245.11139
122.75,0.5,245.06139
122.75,0.5,245.01139
122.75,0.5,244.9614
122.75,0.5,244.91139
122.75,0.5,244.86139
122.75,0.5,244.81139
122.75,0.5,244.76139
122.75,0.5,244.7114
122.75,0.5,244.66139
122.75,0.5,244.61139
122.75,0.5,244.56139
122.75,0.5,244.51139
122.75,0.5,244.4614
122.75,0.5,244.41139
122.75,0.5,244.36139
122.75,0.5,244.31139
122.75,0.5,244.26139
122.75,0.5,244.2114
122.75,0.5,244.16139
122.75,0.5,244.11139
122.75,0.5,244.06139
122.75,0.5,244.01139
122.75,0.5,243.9614
122.75,0.5,243.91139
122.75,0.5,243.86139
122.75,0.5,243.81139
123.25,0.5,245.63139
123.25,0.5,245.58139
123.25,0.5,245.53139
123.25,0.5,245.48139
123.25,0.5,245.43139
123.25,0.5,245.38139
123.25,0.5,245.33139
123.25,0.5,245.28139
123.25,0.5,245.23139
123.25,0.5,245.18139
123.25,0.5,245.13139
123.25,0.5,245.08139
123.25,0.5,245.03139
123.25,0.5,244.98139
123.25,0.5,244.93139
123.25,0.5,244.88139
123.25,0.5,244.83139
123.25,0.5,244.78139
123.25,0.5,244.73139
123.25,0.5,244.68139
123.25,0.5,244.63139
123.25,0.5,244.58139
123.25,0.5,244.53139
123.25,0.5,244.48139
123.25,0.5,244.43139
123.25,0.5,244.38139
123.25,0.5,244.33139
123.25,0.5,244.28139
123.25,0.5,244.23139
123.25,0.5,244.18139
123.25,0.5,244.13139
123.25,0.5,244.08139
123.25,0.5,244.03139
123.25,0.5,243.98139
123.25,0.5,243.93139
123.25,0.5,243.88139
123.75,0.5,245.69942
123.75,0.5,245.64942
123.75,0.5,245.59943
123.75,0.5,245.54943
123.75,0.5,245.49943
123.75,0.5,245.44942
123.75,0.5,245.39942
123.75,0.5,245.34943
123.75,0.5,245.29943
123.75,0.5,245.24943
123.75,0.5,245.19942
123.75,0.5,245.14942
123.75,0.5,245.09943
123.75,0.5,245.04943
123.75,0.5,244.99943
123.75,0.5,244.94942
123.75,0.5,244.89942
123.75,0.5,244.84943
123.75,0.5,244.79943
123.75,0.5,244.74943
123.75,0.5,244.69942
123.75,0.5,244.64942
123.75,0.5,244.59943
123.75,0.5,244.54943
123.75,0.5,244.49943
123.75,0.5,244.44942
123.75,0.5,244.39942
123.75,0.5,244.34943
123.75,0.5,244.29943
123.75,0.5,244.24943
123.75,0.5,244.19942
123.75,0.5,244.14942
123.75,0.5,244.09943
123.75,0.5,244.04943
123.75,0.5,243.99943
123.75,0.5,243.94942
124.25,0.5,245.76486
124.25,0.5,245.71486
124.25,0.5,245.66486
124.25,0.5,245.61486
124.25,0.5,245.56486
124.25,0.5,245.51486
124.25,0.5,245.46486
124.25,0.5,245.41486
124.25,0.5,245.36486
124.25,0.5,245.31486
124.25,0.5,245.26486
124.25,0.5,245.21486
124.25,0.5,245.16486
124.25,0.5,245.11486
124.25,0.5,245.06486
124.25,0.5,245.01486
124.25,0.5,244.96486
124.25,0.5,244.91486
124.25,0.5,244.86486
124.25,0.5,244.81486
124.25,0.5,244.76486
124.25,0.5,244.71486
124.25,0.5,244.66486
124.25,0.5,244.61486
124.25,0.5,244.56486
124.25,0.5,244.51486
124.25,0.5,244.46486
124.25,0.5,244.41486
124.25,0.5,244.36486
124.25,0.5,244.31486
124.25,0.5,244.26486
124.25,0.5,244.21486
124.25,0.5,244.16486
124.25,0.5,244.11486
124.25,0.5,244.06486
124.25,0.5,244.01486
124.75,0.5,245.82966
124.75,0.5,245.77966
124.75,0.5,245.72966
124.75,0.5,245.67966
124.75,0.5,245.62966
124.75,0.5,245.57966
124.75,0.5,245.52966
124.75,0.5,245.47966
124.75,0.5,245.42966
124.75,0.5,245.37966
124.75,0.5,245.32966
124.75,0.5,245.27966
124.75,0.5,245.22966
124.75,0.5,245.17966
124.75,0.5,245.12966
124.75,0.5,245.07966
124.75,0.5,245.02966
124.75,0.5,244.97966
124.75,0.5,244.92966
124.75,0.5,244.87966
124.75,0.5,244.82966
124.75,0.5,244.77966
124.75,0.5,244.72966
124.75,0.5,244.67966
124.75,0.5,244.62966
124.75,0.5,244.57966
124.75,0.5,244.52966
124.75,0.5,244.47966
124.75,0.5,244.42966
124.75,0.5,244.37966
124.75,0.5,244.32966
124.75,0.5,244.27966
124.75,0.5,244.22966
124.75,0.5,244.17966
124.75,0.5,244.12966
124.75,0.5,244.07966
125.25,0.5,245.89446
125.25,0.5,245.84446
125.25,0.5,245.79446
125.25,0.5,245.74446
125.25,0.5,245.69446
125.25,0.5,245.64446
125.25,0.5,245.59446
125.25,0.5,245.54446
125.25,0.5,245.49446
125.25,0.5,245.44446
125.25,0.5,245.39446
125.25,0.5,245.34446
125.25,0.5,245.29446
125.25,0.5,245.24446
125.25,0.5,245.19446
125.25,0.5,245.14446
125.25,0.5,245.09446
125.25,0.5,245.04446
125.25,0.5,244.99446
125.25,0.5,244.94446
125.25,0.5,244.89446
125.25,0.5,244.84446
125.25,0.5,244.79446
125.25,0.5,244.74446
125.25,0.5,244.69446
125.25,0.5,244.64446
125.25,0.5,244.59446
125.25,0.5,244.54446
125.25,0.5,244.49446
125.25,0.5,244.44446
125.25,0.5,244.39446
125.25,0.5,244.34446
125.25,0.5,244.29446
125.25,0.5,244.24446
125.25,0.5,244.19446
125.25,0.5,244.14446
122.75,0.5,243.76139
122.75,0.5,243.7114
122.75,0.5,243.66139
122.75,0.5,243.61139
122.75,0.5,243.43639
122.75,0.5,242.88639
122.75,0.5,241.8364
122.75,0.5,240.28639
122.75,0.5,238.23639
122.75,0.5,235.68639
122.75,0.5,232.63639
122.75,0.5,229.0864
123.25,0.5,243.83139
123.25,0.5,243.78139
123.25,0.5,243.73139
123.25,0.5,243.68139
123.25,0.5,243.50639
123.25,0.5,242.95639
123.25,0.5,241.90639
123.25,0.5,240.35639
123.25,0.5,238.30639
123.25,0.5,235.75639
123.25,0.5,232.70639
123.25,0.5,229.15639
123.75,0.5,243.89942
123.75,0.5,243.84943
123.75,0.5,243.79943
123.75,0.5,243.74943
123.75,0.5,243.57442
123.75,0.5,243.02442
123.75,0.5,241.97443
123.75,0.5,240.42443
123.75,0.5,238.37443
123.75,0.5,235.82442
123.75,0.5,232.77442
123.75,0.5,229.22443
124.25,0.5,243.96486
124.25,0.5,243.91486
124.25,0.5,243.86486
124.25,0.5,243.81486
124.25,0.5,243.63986
124.25,0.5,243.08986
124.25,0.5,242.03986
124.25,0.5,240.48986
124.25,0.5,238.43986
124.25,0.5,235.88986
124.25,0.5,232.83986
124.25,0.5,229.28986
124.75,0.5,244.02966
124.75,0.5,243.97966
124.75,0.5,243.92966
124.75,0.5,243.87966
124.75,0.5,243.70466
124.75,0.5,243.15466
124.75,0.5,242.10466
124.75,0.5,240.55466
124.75,0.5,238.50466
124.75,0.5,235.95466
124.75,0.5,232.90466
124.75,0.5,229.35466
125.25,0.5,244.09446
125.25,0.5,244.04446
125.25,0.5,243.99446
125.25,0.5,243.94446
125.25,0.5,243.76946
125.25,0.5,243.21946
125.25,0.5,242.16946
125.25,0.5,240.61946
125.25,0.5,238.56946
125.25,0.5,236.01946
125.25,0.5,232.96946
125.25,0.5,229.41946
125.75,0.5,245.95926
125.75,0.5,245.90926
125.75,0.5,245.85926
125.75,0.5,245.80926
125.75,0.5,245.75926
125.75,0.5,245.70926
125.75,0.5,245.65926
125.75,0.5,245.60926
125.75,0.5,245.55926
125.75,0.5,245.50926
125.75,0.5,245.45926
125.75,0.5,245.40926
125.75,0.5,245.35926
125.75,0.5,245.30926
125.75,0.5,245.25926
125.75,0.5,245.20926
125.75,0.5,245.15926
125.75,0.5,245.10926
125.75,0.5,245.05926
125.75,0.5,245.00926
125.75,0.5,244.95926
125.75,0.5,244.90926
125.75,0.5,244.85926
125.75,0.5,244.80926
125.75,0.5,244.75926
125.75,0.5,244.70926
125.75,0.5,244.65926
125.75,0.5,244.60926
125.75,0.5,244.55926
125.75,0.5,244.50926
125.75,0.5,244.45926
125.75,0.5,244.40926
125.75,0.5,244.35926
125.75,0.5,244.30926
125.75,0.5,244.25926
125.75,0.5,244.20926
126.25,0.5,246.02406
126.25,0.5,245.97406
126.25,0.5,245.92406
126.25,0.5,245.87405
126.25,0.5,245.82405
126.25,0.5,245.77406
126.25,0.5,245.72406
126.25,0.5,245.67406
126.25,0.5,245.62405
126.25,0.5,245.57405
126.25,0.5,245.52406
126.25,0.5,245.47406
126.25,0.5,245.42406
126.25,0.5,245.37405
126.25,0.5,245.32405
126.25,0.5,245.27406
126.25,0.5,245.22406
126.25,0.5,245.17406
126.25,0.5,245.12405
126.25,0.5,245.07405
126.25,0.5,245.02406
126.25,0.5,244.97406
126.25,0.5,244.92406
126.25,0.5,244.87405
126.25,0.5,244.82405
126.25,0.5,244.77406
126.25,0.5,244.72406
126.25,0.5,244.67406
126.25,0.5,244.62405
126.25,0.5,244.57405
126.25,0.5,244.52406
126.25,0.5,244.47406
126.25,0.5,244.42406
126.25,0.5,244.37405
126.25,0.5,244.32405
126.25,0.5,244.27406
126.75,0.5,246.08886
126.75,0.5,246.03886
126.75,0.5,245.98886
126.75,0.5,245.93886
126.75,0.5,245.88885
126.75,0.5,245.83886
126.75,0.5,245.78886
126.75,0.5,245.73886
126.75,0.5,245.68886
126.75,0.5,245.63885
126.75,0.5,245.58886
126.75,0.5,245.53886
126.75,0.5,245.48886
126.75,0.5,245.43886
126.75,0.5,245.38885
126.75,0.5,245.33886
126.75,0.5,245.28886
126.75,0.5,245.23886
126.75,0.5,245.18886
126.75,0.5,245.13885
126.75,0.5,245.08886
126.75,0.5,245.03886
126.75,0.5,244.98886
126.75,0.5,244.93886
126.75,0.5,244.88885
126.75,0.5,244.83886
126.75,0.5,244.78886
126.75,0.5,244.73886
126.75,0.5,244.68886
126.75,0.5,244.63885
126.75,0.5,244.58886
126.75,0.5,244.53886
126.75,0.5,244.48886
126.75,0.5,244.43886
126.75,0.5,244.38885
126.75,0.5,244.33886
127.25,0.5,246.15366
127.25,0.5,246.10365
127.25,0.5,246.05365
127.25,0.5,246.00365
127.25,0.5,245.95366
127.25,0.5,245.90366
127.25,0.5,245.85365
127.25,0.5,245.80365
127.25,0.5,245.75365
127.25,0.5,245.70366
127.25,0.5,245.65366
127.25,0.5,245.60365
127.25,0.5,245.55365
127.25,0.5,245.50365
127.25,0.5,245.45366
127.25,0.5,245.40366
127.25,0.5,245.35365
127.25,0.5,245.30365
127.25,0.5,245.25365
127.25,0.5,245.20366
127.25,0.5,245.15366
127.25,0.5,245.10365
127.25,0.5,245.05365
127.25,0.5,245.00365
127.25,0.5,244.95366
127.25,0.5,244.90366
127.25,0.5,244.85365
127.25,0.5,244.80365
127.25,0.5,244.75365
127.25,0.5,244.70366
127.25,0.5,244.65366
127.25,0.5,244.60365
127.25,0.5,244.55365
127.25,0.5,244.50365
127.25,0.5,244.45366
127.25,0.5,244.40366
127.75,0.5,246.2177
127.75,0.5,246.16769
127.75,0.5,246.11769
127.75,0.5,246.0677
127.75,0.5,246.0177
127.75,0.5,245.9677
127.75,0.5,245.91769
127.75,0.5,245.86769
127.75,0.5,245.8177
127.75,0.5,245.7677
127.75,0.5,245.7177
127.75,0.5,245.66769
127.75,0.5,245.61769
127.75,0.5,245.5677
127.75,0.5,245.5177
127.75,0.5,245.4677
127.75,0.5,245.41769
127.75,0.5,245.36769
127.75,0.5,245.3177
127.75,0.5,245.2677
127.75,0.5,245.2177
127.75,0.5,245.16769
127.75,0.5,245.11769
127.75,0.5,245.0677
127.75,0.5,245.0177
127.75,0.5,244.9677
127.75,0.5,244.91769
127.75,0.5,244.86769
127.75,0.5,244.8177
127.75,0.5,244.7677
127.75,0.5,244.7177
127.75,0.5,244.66769
127.75,0.5,244.61769
127.75,0.5,244.5677
127.75,0.5,244.5177
127.75,0.5,244.4677
128.25,0.5,246.28076
128.25,0.5,246.23076
128.25,0.5,246.18077
128.25,0.5,246.13077
128.25,0.5,246.08076
128.25,0.5,246.03076
128.25,0.5,245.98076
128.25,0.5,245.93077
128.25,0.5,245.88077
128.25,0.5,245.83076
128.25,0.5,245.78076
128.25,0.5,245.73076
128.25,0.5,245.68077
128.25,0.5,245.63077
128.25,0.5,245.58076
128.25,0.5,245.53076
128.25,0.5,245.48076
128.25,0.5,245.43077
128.25,0.5,245.38077
128.25,0.5,245.33076
128.25,0.5,245.28076
128.25,0.5,245.23076
128.25,0.5,245.18077
128.25,0.5,245.13077
128.25,0.5,245.08076
128.25,0.5,245.03076
128.25,0.5,244.98076
128.25,0.5,244.93077
128.25,0.5,244.88077
128.25,0.5,244.83076
128.25,0.5,244.78076
128.25,0.5,244.73076
128.25,0.5,244.68077
128.25,0.5,244.63077
128.25,0.5,244.58076
128.25,0.5,244.53076
125.75,0.5,244.15926
125.75,0.5,244.10926
125.75,0.5,244.05926
125.75,0.5,244.00926
125.75,0.5,243.83426
125.75,0.5,243.28426
125.75,0.5,242.23426
125.75,0.5,240.68426
125.75,0.5,238.63426
125.75,0.5,236.08426
125.75,0.5,233.03426
125.75,0.5,229.48426
126.25,0.5,244.22406
126.25,0.5,244.17406
126.25,0.5,244.12405
126.25,0.5,244.07405
126.25,0.5,243.89906
126.25,0.5,243.34906
126.25,0.5,242.29906
126.25,0.5,240.74905
126.25,0.5,238.69905
126.25,0.5,236.14906
126.25,0.5,233.09906
126.25,0.5,229.54906
126.75,0.5,244.28886
126.75,0.5,244.23886
126.75,0.5,244.18886
126.75,0.5,244.13885
126.75,0.5,243.96386
126.75,0.5,243.41386
126.75,0.5,242.36386
126.75,0.5,240.81386
126.75,0.5,238.76385
126.75,0.5,236.21386
126.75,0.5,233.16386
126.75,0.5,229.61386
127.25,0.5,244.35365
127.25,0.5,244.30365
127.25,0.5,244.25365
127.25,0.5,244.20366
127.25,0.5,244.02866
127.25,0.5,243.47865
127.25,0.5,242.42865
127.25,0.5,240.87865
127.25,0.5,238.82866
127.25,0.5,236.27866
127.25,0.5,233.22865
127.25,0.5,229.67865
127.75,0.5,244.41769
127.75,0.5,244.36769
127.75,0.5,244.3177
127.75,0.5,244.2677
127.75,0.5,244.0927
127.75,0.5,243.54269
127.75,0.5,242.49269
127.75,0.5,240.9427
127.75,0.5,238.8927
127.75,0.5,236.3427
127.75,0.5,233.29269
127.75,0.5,229.74269
128.25,0.5,244.48076
128.25,0.5,244.43077
128.25,0.5,244.38077
128.25,0.5,244.33076
128.25,0.5,244.15576
128.25,0.5,243.60576
128.25,0.5,242.55577
128.25,0.5,241.00577
128.25,0.5,238.95576
128.25,0.5,236.40576
128.25,0.5,233.35576
128.25,0.5,229.80577
128.75,0.5,246.34362
128.75,0.5,246.29362
128.75,0.5,246.24362
128.75,0.5,246.19362
128.75,0.5,246.14362
128.75,0.5,246.09362
128.75,0.5,246.04362
128.75,0.5,245.99362
128.75,0.5,245.94362
128.75,0.5,245.89362
128.75,0.5,245.84362
128.75,0.5,245.79362
128.75,0.5,245.74362
128.75,0.5,245.69362
128.75,0.5,245.64362
128.75,0.5,245.59362
128.75,0.5,245.54362
128.75,0.5,245.49362
128.75,0.5,245.44362
128.75,0.5,245.39362
128.75,0.5,245.34362
128.75,0.5,245.29362
128.75,0.5,245.24362
128.75,0.5,245.19362
128.75,0.5,245.14362
128.75,0.5,245.09362
128.75,0.5,245.04362
128.75,0.5,244.99362
128.75,0.5,244.94362
128.75,0.5,244.89362
128.75,0.5,244.84362
128.75,0.5,244.79362
128.75,0.5,244.74362
128.75,0.5,244.69362
128.75,0.5,244.64362
128.75,0.5,244.59362
129.25,0.5,246.40648
129.25,0.5,246.35648
129.25,0.5,246.30647
129.25,0.5,246.25647
129.25,0.5,246.20647
129.25,0.5,246.15648
129.25,0.5,246.10648
129.25,0.5,246.05647
129.25,0.5,246.00647
129.25,0.5,245.95647
129.25,0.5,245.90648
129.25,0.5,245.85648
129.25,0.5,245.80647
129.25,0.5,245.75647
129.25,0.5,245.70647
129.25,0.5,245.65648
129.25,0.5,245.60648
129.25,0.5,245.55647
129.25,0.5,245.50647
129.25,0.5,245.45647
129.25,0.5,245.40648
129.25,0.5,245.35648
129.25,0.5,245.30647
129.25,0.5,245.25647
129.25,0.5,245.20647
129.25,0.5,245.15648
129.25,0.5,245.10648
129.25,0.5,245.05647
129.25,0.5,245.00647
129.25,0.5,244.95647
129.25,0.5,244.90648
129.25,0.5,244.85648
129.25,0.5,244.80647
129.25,0.5,244.75647
129.25,0.5,244.70647
129.25,0.5,244.65648
129.75,0.5,246.46933
129.75,0.5,246.41933
129.75,0.5,246.36932
129.75,0.5,246.31932
129.75,0.5,246.26933
129.75,0.5,246.21933
129.75,0.5,246.16933
129.75,0.5,246.11932
129.75,0.5,246.06932
129.75,0.5,246.01933
129.75,0.5,245.96933
129.75,0.5,245.91933
129.75,0.5,245.86932
129.75,0.5,245.81932
129.75,0.5,245.76933
129.75,0.5,245.71933
129.75,0.5,245.66933
129.75,0.5,245.61932
129.75,0.5,245.56932
129.75,0.5,245.51933
129.75,0.5,245.46933
129.75,0.5,245.41933
129.75,0.5,245.36932
129.75,0.5,245.31932
129.75,0.5,245.26933
129.75,0.5,245.21933
129.75,0.5,245.16933
129.75,0.5,245.11932
129.75,0.5,245.06932
129.75,0.5,245.01933
129.75,0.5,244.96933
129.75,0.5,244.91933
129.75,0.5,244.86932
129.75,0.5,244.81932
129.75,0.5,244.76933
129.75,0.5,244.71933
130.25,0.5,246.53218
130.25,0.5,246.48218
130.25,0.5,246.43218
130.25,0.5,246.38218
130.25,0.5,246.33218
130.25,0.5,246.28218
130.25,0.5,246.23218
130.25,0.5,246.18218
130.25,0.5,246.13218
130.25,0.5,246.08218
130.25,0.5,246.03218
130.25,0.5,245.98218
130.25,0.5,245.93218
130.25,0.5,245.88218
130.25,0.5,245.83218
130.25,0.5,245.78218
130.25,0.5,245.73218
130.25,0.5,245.68218
130.25,0.5,245.63218
130.25,0.5,245.58218
130.25,0.5,245.53218
130.25,0.5,245.48218
130.25,0.5,245.43218
130.25,0.5,245.38218
130.25,0.5,245.33218
130.25,0.5,245.28218
130.25,0.5,245.23218
130.25,0.5,245.18218
130.25,0.5,245.13218
130.25,0.5,245.08218
130.25,0.5,245.03218
130.25,0.5,244.98218
130.25,0.5,244.93218
130.25,0.5,244.88218
130.25,0.5,244.83218
130.25,0.5,244.78218
130.75,0.5,246.59504
130.75,0.5,246.54504
130.75,0.5,246.49504
130.75,0.5,246.44504
130.75,0.5,246.39503
130.75,0.5,246.34504
130.75,0.5,246.29504
130.75,0.5,246.24504
130.75,0.5,246.19504
130.75,0.5,246.14503
130.75,0.5,246.09504
130.75,0.5,246.04504
130.75,0.5,245.99504
130.75,0.5,245.94504
130.75,0.5,245.89503
130.75,0.5,245.84504
130.75,0.5,245.79504
130.75,0.5,245.74504
130.75,0.5,245.69504
130.75,0.5,245.64503
130.75,0.5,245.59504
130.75,0.5,245.54504
130.75,0.5,245.49504
130.75,0.5,245.44504
130.75,0.5,245.39503
130.75,0.5,245.34504
130.75,0.5,245.29504
130.75,0.5,245.24504
130.75,0.5,245.19504
130.75,0.5,245.14503
130.75,0.5,245.09504
130.75,0.5,245.04504
130.75,0.5,244.99504
130.75,0.5,244.94504
130.75,0.5,244.89503
130.75,0.5,244.84504
131.25,0.5,246.65789
131.25,0.5,246.60789
131.25,0.5,246.55789
131.25,0.5,246.50789
131.25,0.5,246.45789
131.25,0.5,246.40789
131.25,0.5,246.35789
131.25,0.5,246.30789
131.25,0.5,246.25789
131.25,0.5,246.20789
131.25,0.5,246.15789
131.25,0.5,246.10789
131.25,0.5,246.05789
131.25,0.5,246.00789
131.25,0.5,245.95789
131.25,0.5,245.90789
131.25,0.5,245.85789
131.25,0.5,245.80789
131.25,0.5,245.75789
131.25,0.5,245.70789
131.25,0.5,245.65789
131.25,0.5,245.60789
131.25,0.5,245.55789
131.25,0.5,245.50789
131.25,0.5,245.45789
131.25,0.5,245.40789
131.25,0.5,245.35789
131.25,0.5,245.30789
131.25,0.5,245.25789
131.25,0.5,245.20789
131.25,0.5,245.15789
131.25,0.5,245.10789
131.25,0.5,245.05789
131.25,0.5,245.00789
131.25,0.5,244.95789
131.25,0.5,244.90789
128.75,0.5,244.54362
128.75,0.5,244.49362
128.75,0.5,244.44362
128.75,0.5,244.39362
128.75,0.5,244.21862
128.75,0.5,243.66862
128.75,0.5,242.61862
128.75,0.5,241.06862
128.75,0.5,239.01862
128.75,0.5,236.46862
128.75,0.5,233.41862
128.75,0.5,229.86862
129.25,0.5,244.60648
129.25,0.5,244.55647
129.25,0.5,244.50647
129.25,0.5,244.45647
129.25,0.5,244.28148
129.25,0.5,243.73148
129.25,0.5,242.68147
129.25,0.5,241.13147
129.25,0.5,239.08147
129.25,0.5,236.53148
129.25,0.5,233.48148
129.25,0.5,229.93147
129.75,0.5,244.66933
129.75,0.5,244.61932
129.75,0.5,244.56932
129.75,0.5,244.51933
129.75,0.5,244.34433
129.75,0.5,243.79433
129.75,0.5,242.74432
129.75,0.5,241.19432
129.75,0.5,239.14433
129.75,0.5,236.59433
129.75,0.5,233.54433
129.75,0.5,229.99432
130.25,0.5,244.73218
130.25,0.5,244.68218
130.25,0.5,244.63218
130.25,0.5,244.58218
130.25,0.5,244.40718
130.25,0.5,243.85718
130.25,0.5,242.80718
130.25,0.5,241.25718
130.25,0.5,239.20718
130.25,0.5,236.65718
130.25,0.5,233.60718
130.25,0.5,230.05718
130.75,0.5,244.79504
130.75,0.5,244.74504
130.75,0.5,244.69504
130.75,0.5,244.64503
130.75,0.5,244.47004
130.75,0.5,243.92004
130.75,0.5,242.87004
130.75,0.5,241.32004
130.75,0.5,239.27003
130.75,0.5,236.72004
130.75,0.5,233.67004
130.75,0.5,230.12004
131.25,0.5,244.85789
131.25,0.5,244.80789
131.25,0.5,244.75789
131.25,0.5,244.70789
131.25,0.5,244.53289
131.25,0.5,243.98289
131.25,0.5,242.93289
131.25,0.5,241.38289
131.25,0.5,239.33289
131.25,0.5,236.78289
131.25,0.5,233.73289
131.25,0.5,230.18289
131.75,0.5,246.7158
131.75,0.5,246.66579
131.75,0.5,246.6158
131.75,0.5,246.5658
131.75,0.5,246.5158
131.75,0.5,246.4658
131.75,0.5,246.41579
131.75,0.5,246.3658
131.75,0.5,246.3158
131.75,0.5,246.2658
131.75,0.5,246.2158
131.75,0.5,246.16579
131.75,0.5,246.1158
131.75,0.5,246.0658
131.75,0.5,246.0158
131.75,0.5,245.9658
131.75,0.5,245.91579
131.75,0.5,245.8658
131.75,0.5,245.8158
131.75,0.5,245.7658
131.75,0.5,245.7158
131.75,0.5,245.66579
131.75,0.5,245.6158
131.75,0.5,245.5658
131.75,0.5,245.5158
131.75,0.5,245.4658
131.75,0.5,245.41579
131.75,0.5,245.3658
131.75,0.5,245.3158
131.75,0.5,245.2658
131.75,0.5,245.2158
131.75,0.5,245.16579
131.75,0.5,245.1158
131.75,0.5,245.0658
131.75,0.5,245.0158
131.75,0.5,244.9658
132.25,0.5,246.76755
132.25,0.5,246.71755
132.25,0.5,246.66755
132.25,0.5,246.61755
132.25,0.5,246.56755
132.25,0.5,246.51755
132.25,0.5,246.46755
132.25,0.5,246.41755
132.25,0.5,246.36755
132.25,0.5,246.31755
132.25,0.5,246.26755
132.25,0.5,246.21755
132.25,0.5,246.16755
132.25,0.5,246.11755
132.25,0.5,246.06755
132.25,0.5,246.01755
132.25,0.5,245.96755
132.25,0.5,245.91755
132.25,0.5,245.86755
132.25,0.5,245.81755
132.25,0.5,245.76755
132.25,0.5,245.71755
132.25,0.5,245.66755
132.25,0.5,245.61755
132.25,0.5,245.56755
132.25,0.5,245.51755
132.25,0.5,245.46755
132.25,0.5,245.41755
132.25,0.5,245.36755
132.25,0.5,245.31755
132.25,0.5,245.26755
132.25,0.5,245.21755
132.25,0.5,245.16755
132.25,0.5,245.11755
132.25,0.5,245.06755
132.25,0.5,245.01755
132.75,0.5,246.8181
132.75,0.5,246.7681
132.75,0.5,246.71811
132.75,0.5,246.66811
132.75,0.5,246.6181
132.75,0.5,246.5681
132.75,0.5,246.5181
132.75,0.5,246.46811
132.75,0.5,246.41811
132.75,0.5,246.3681
132.75,0.5,246.3181
132.75,0.5,246.2681
132.75,0.5,246.21811
132.75,0.5,246.16811
132.75,0.5,246.1181
132.75,0.5,246.0681
132.75,0.5,246.0181
132.75,0.5,245.96811
132.75,0.5,245.91811
132.75,0.5,245.8681
132.75,0.5,245.8181
132.75,0.5,245.7681
132.75,0.5,245.71811
132.75,0.5,245.66811
132.75,0.5,245.6181
132.75,0.5,245.5681
132.75,0.5,245.5181
132.75,0.5,245.46811
132.75,0.5,245.41811
132.75,0.5,245.3681
132.75,0.5,245.3181
132.75,0.5,245.2681
132.75,0.5,245.21811
132.75,0.5,245.16811
132.75,0.5,245.1181
132.75,0.5,245.0681
133.25,0.5,246.86865
133.25,0.5,246.81866
133.25,0.5,246.76866
133.25,0.5,246.71866
133.25,0.5,246.66866
133.25,0.5,246.61865
133.25,0.5,246.56866
133.25,0.5,246.51866
133.25,0.5,246.46866
133.25,0.5,246.41866
133.25,0.5,246.36865
133.25,0.5,246.31866
133.25,0.5,246.26866
133.25,0.5,246.21866
133.25,0.5,246.16866
133.25,0.5,246.11865
133.25,0.5,246.06866
133.25,0.5,246.01866
133.25,0.5,245.96866
133.25,0.5,245.91866
133.25,0.5,245.86865
133.25,0.5,245.81866
133.25,0.5,245.76866
133.25,0.5,245.71866
133.25,0.5,245.66866
133.25,0.5,245.61865
133.25,0.5,245.56866
133.25,0.5,245.51866
133.25,0.5,245.46866
133.25,0.5,245.41866
133.25,0.5,245.36865
133.25,0.5,245.31866
133.25,0.5,245.26866
133.25,0.5,245.21866
133.25,0.5,245.16866
133.25,0.5,245.11865
133.75,0.5,246.9192
133.75,0.5,246.86921
133.75,0.5,246.81921
133.75,0.5,246.76921
133.75,0.5,246.71921
133.75,0.5,246.6692
133.75,0.5,246.61921
133.75,0.5,246.56921
133.75,0.5,246.51921
133.75,0.5,246.46921
133.75,0.5,246.4192
133.75,0.5,246.36921
133.75,0.5,246.31921
133.75,0.5,246.26921
133.75,0.5,246.21921
133.75,0.5,246.1692
133.75,0.5,246.11921
133.75,0.5,246.06921
133.75,0.5,246.01921
133.75,0.5,245.96921
133.75,0.5,245.9192
133.75,0.5,245.86921
133.75,0.5,245.81921
133.75,0.5,245.76921
133.75,0.5,245.71921
133.75,0.5,245.6692
133.75,0.5,245.61921
133.75,0.5,245.56921
133.75,0.5,245.51921
133.75,0.5,245.46921
133.75,0.5,245.4192
133.75,0.5,245.36921
133.75,0.5,245.31921
133.75,0.5,245.26921
133.75,0.5,245.21921
133.75,0.5,245.1692
134.25,0.5,246.96976
134.25,0.5,246.91976
134.25,0.5,246.86977
134.25,0.5,246.81976
134.25,0.5,246.76976
134.25,0.5,246.71976
134.25,0.5,246.66976
134.25,0.5,246.61977
134.25,0.5,246.56976
134.25,0.5,246.51976
134.25,0.5,246.46976
134.25,0.5,246.41976
134.25,0.5,246.36977
134.25,0.5,246.31976
134.25,0.5,246.26976
134.25,0.5,246.21976
134.25,0.5,246.16976
134.25,0.5,246.11977
134.25,0.5,246.06976
134.25,0.5,246.01976
134.25,0.5,245.96976
134.25,0.5,245.91976
134.25,0.5,245.86977
134.25,0.5,245.81976
134.25,0.5,245.76976
134.25,0.5,245.71976
134.25,0.5,245.66976
134.25,0.5,245.61977
134.25,0.5,245.56976
134.25,0.5,245.51976
134.25,0.5,245.46976
134.25,0.5,245.41976
134.25,0.5,245.36977
134.25,0.5,245.31976
134.25,0.5,245.26976
134.25,0.5,245.21976
131.75,0.5,244.91579
131.75,0.5,244.8658
131.75,0.5,244.8158
131.75,0.5,244.7658
131.75,0.5,244.5908
131.75,0.5,244.04079
131.75,0.5,242.9908
131.75,0.5,241.4408
131.75,0.5,239.3908
131.75,0.5,236.8408
131.75,0.5,233.79079
131.75,0.5,230.2408
132.25,0.5,244.96755
132.25,0.5,244.91755
132.25,0.5,244.86755
132.25,0.5,244.81755
132.25,0.5,244.64255
132.25,0.5,244.09255
132.25,0.5,243.04255
132.25,0.5,241.49255
132.25,0.5,239.44255
132.25,0.5,236.89255
132.25,0.5,233.84255
132.25,0.5,230.29255
132.75,0.5,245.0181
132.75,0.5,244.96811
132.75,0.5,244.91811
132.75,0.5,244.8681
132.75,0.5,244.6931
132.75,0.5,244.1431
132.75,0.5,243.09311
132.75,0.5,241.54311
132.75,0.5,239.4931
132.75,0.5,236.9431
132.75,0.5,233.8931
132.75,0.5,230.34311
133.25,0.5,245.06866
133.25,0.5,245.01866
133.25,0.5,244.96866
133.25,0.5,244.91866
133.25,0.5,244.74365
133.25,0.5,244.19366
133.25,0.5,243.14366
133.25,0.5,241.59366
133.25,0.5,239.54366
133.25,0.5,236.99365
133.25,0.5,233.94366
133.25,0.5,230.39366
133.75,0.5,245.11921
133.75,0.5,245.06921
133.75,0.5,245.01921
133.75,0.5,244.96921
133.75,0.5,244.7942
133.75,0.5,244.24421
133.75,0.5,243.19421
133.75,0.5,241.64421
133.75,0.5,239.59421
133.75,0.5,237.0442
133.75,0.5,233.99421
133.75,0.5,230.44421
134.25,0.5,245.16976
134.25,0.5,245.11977
134.25,0.5,245.06976
134.25,0.5,245.01976
134.25,0.5,244.84476
134.25,0.5,244.29476
134.25,0.5,243.24477
134.25,0.5,241.69476
134.25,0.5,239.64476
134.25,0.5,237.09476
134.25,0.5,234.04476
134.25,0.5,230.49477
134.75,0.5,247.02031
134.75,0.5,246.97031
134.75,0.5,246.92032
134.75,0.5,246.87032
134.75,0.5,246.82031
134.75,0.5,246.77031
134.75,0.5,246.72031
134.75,0.5,246.67032
134.75,0.5,246.62032
134.75,0.5,246.57031
134.75,0.5,246.52031
134.75,0.5,246.47031
134.75,0.5,246.42032
134.75,0.5,246.37032
134.75,0.5,246.32031
134.75,0.5,246.27031
134.75,0.5,246.22031
134.75,0.5,246.17032
134.75,0.5,246.12032
134.75,0.5,246.07031
134.75,0.5,246.02031
134.75,0.5,245.97031
134.75,0.5,245.92032
134.75,0.5,245.87032
134.75,0.5,245.82031
134.75,0.5,245.77031
134.75,0.5,245.72031
134.75,0.5,245.67032
134.75,0.5,245.62032
134.75,0.5,245.57031
134.75,0.5,245.52031
134.75,0.5,245.47031
134.75,0.5,245.42032
134.75,0.5,245.37032
134.75,0.5,245.32031
134.75,0.5,245.27031
135.25,0.5,247.07086
135.25,0.5,247.02087
135.25,0.5,246.97087
135.25,0.5,246.92087
135.25,0.5,246.87086
135.25,0.5,246.82086
135.25,0.5,246.77087
135.25,0.5,246.72087
135.25,0.5,246.67087
135.25,0.5,246.62086
135.25,0.5,246.57086
135.25,0.5,246.52087
135.25,0.5,246.47087
135.25,0.5,246.42087
135.25,0.5,246.37086
135.25,0.5,246.32086
135.25,0.5,246.27087
135.25,0.5,246.22087
135.25,0.5,246.17087
135.25,0.5,246.12086
135.25,0.5,246.07086
135.25,0.5,246.02087
135.25,0.5,245.97087
135.25,0.5,245.92087
135.25,0.5,245.87086
135.25,0.5,245.82086
135.25,0.5,245.77087
135.25,0.5,245.72087
135.25,0.5,245.67087
135.25,0.5,245.62086
135.25,0.5,245.57086
135.25,0.5,245.52087
135.25,0.5,245.47087
135.25,0.5,245.42087
135.25,0.5,245.37086
135.25,0.5,245.32086
135.75,0.5,247.11373
135.75,0.5,247.06374
135.75,0.5,247.01374
135.75,0.5,246.96374
135.75,0.5,246.91373
135.75,0.5,246.86373
135.75,0.5,246.81374
135.75,0.5,246.76374
135.75,0.5,246.71374
135.75,0.5,246.66373
135.75,0.5,246.61373
135.75,0.5,246.56374
135.75,0.5,246.51374
135.75,0.5,246.46374
135.75,0.5,246.41373
135.75,0.5,246.36373
135.75,0.5,246.31374
135.75,0.5,246.26374
135.75,0.5,246.21374
135.75,0.5,246.16373
135.75,0.5,246.11373
135.75,0.5,246.06374
135.75,0.5,246.01374
135.75,0.5,245.96374
135.75,0.5,245.91373
135.75,0.5,245.86373
135.75,0.5,245.81374
135.75,0.5,245.76374
135.75,0.5,245.71374
135.75,0.5,245.66373
135.75,0.5,245.61373
135.75,0.5,245.56374
135.75,0.5,245.51374
135.75,0.5,245.46374
135.75,0.5,245.41373
135.75,0.5,245.36373
136.25,0.5,247.14733
136.25,0.5,247.09733
136.25,0.5,247.04734
136.25,0.5,246.99734
136.25,0.5,246.94733
136.25,0.5,246.89733
136.25,0.5,246.84733
136.25,0.5,246.79734
136.25,0.5,246.74734
136.25,0.5,246.69733
136.25,0.5,246.64733
136.25,0.5,246.59733
136.25,0.5,246.54734
136.25,0.5,246.49734
136.25,0.5,246.44733
136.25,0.5,246.39733
136.25,0.5,246.34733
136.25,0.5,246.29734
136.25,0.5,246.24734
136.25,0.5,246.19733
136.25,0.5,246.14733
136.25,0.5,246.09733
136.25,0.5,246.04734
136.25,0.5,245.99734
136.25,0.5,245.94733
136.25,0.5,245.89733
136.25,0.5,245.84733
136.25,0.5,245.79734
136.25,0.5,245.74734
136.25,0.5,245.69733
136.25,0.5,245.64733
136.25,0.5,245.59733
136.25,0.5,245.54734
136.25,0.5,245.49734
136.25,0.5,245.44733
136.25,0.5,245.39733
136.75,0.5,247.17934
136.75,0.5,247.12934
136.75,0.5,247.07934
136.75,0.5,247.02935
136.75,0.5,246.97935
136.75,0.5,246.92934
136.75,0.5,246.87934
136.75,0.5,246.82934
136.75,0.5,246.77935
136.75,0.5,246.72935
136.75,0.5,246.67934
136.75,0.5,246.62934
136.75,0.5,246.57934
136.75,0.5,246.52935
136.75,0.5,246.47935
136.75,0.5,246.42934
136.75,0.5,246.37934
136.75,0.5,246.32934
136.75,0.5,246.27935
136.75,0.5,246.22935
136.75,0.5,246.17934
136.75,0.5,246.12934
136.75,0.5,246.07934
136.75,0.5,246.02935
136.75,0.5,245.97935
136.75,0.5,245.92934
136.75,0.5,245.87934
136.75,0.5,245.82934
136.75,0.5,245.77935
136.75,0.5,245.72935
136.75,0.5,245.67934
136.75,0.5,245.62934
136.75,0.5,245.57934
136.75,0.5,245.52935
136.75,0.5,245.47935
136.75,0.5,245.42934
137.25,0.5,247.21136
137.25,0.5,247.16135
137.25,0.5,247.11135
137.25,0.5,247.06135
137.25,0.5,247.01136
137.25,0.5,246.96136
137.25,0.5,246.91135
137.25,0.5,246.86135
137.25,0.5,246.81135
137.25,0.5,246.76136
137.25,0.5,246.71136
137.25,0.5,246.66135
137.25,0.5,246.61135
137.25,0.5,246.56135
137.25,0.5,246.51136
137.25,0.5,246.46136
137.25,0.5,246.41135
137.25,0.5,246.36135
137.25,0.5,246.31135
137.25,0.5,246.26136
137.25,0.5,246.21136
137.25,0.5,246.16135
137.25,0.5,246.11135
137.25,0.5,246.06135
137.25,0.5,246.01136
137.25,0.5,245.96136
137.25,0.5,245.91135
137.25,0.5,245.86135
137.25,0.5,245.81135
137.25,0.5,245.76136
137.25,0.5,245.71136
137.25,0.5,245.66135
137.25,0.5,245.61135
137.25,0.5,245.56135
137.25,0.5,245.51136
137.25,0.5,245.46136
134.75,0.5,245.22031
134.75,0.5,245.17032
134.75,0.5,245.12032
134.75,0.5,245.07031
134.75,0.5,244.89531
134.75,0.5,244.34531
134.75,0.5,243.29532
134.75,0.5,241.74532
134.75,0.5,239.69531
134.75,0.5,237.14531
134.75,0.5,234.09531
134.75,0.5,230.54532
135.25,0.5,245.27087
135.25,0.5,245.22087
135.25,0.5,245.17087
135.25,0.5,245.12086
135.25,0.5,244.94586
135.25,0.5,244.39587
135.25,0.5,243.34587
135.25,0.5,241.79587
135.25,0.5,239.74586
135.25,0.5,237.19586
135.25,0.5,234.14587
135.25,0.5,230.59587
135.75,0.5,245.31374
135.75,0.5,245.26374
135.75,0.5,245.21374
135.75,0.5,245.16373
135.75,0.5,244.98873
135.75,0.5,244.43874
135.75,0.5,243.38874
135.75,0.5,241.83874
135.75,0.5,239.78873
135.75,0.5,237.23873
135.75,0.5,234.18874
135.75,0.5,230.63874
136.25,0.5,245.34733
136.25,0.5,245.29734
136.25,0.5,245.24734
136.25,0.5,245.19733
136.25,0.5,245.02233
136.25,0.5,244.47233
136.25,0.5,243.42234
136.25,0.5,241.87234
136.25,0.5,239.82233
136.25,0.5,237.27233
136.25,0.5,234.22233
136.25,0.5,230.67234
136.75,0.5,245.37934
136.75,0.5,245.32934
136.75,0.5,245.27935
136.75,0.5,245.22935
136.75,0.5,245.05434
136.75,0.5,244.50434
136.75,0.5,243.45434
136.75,0.5,241.90435
136.75,0.5,239.85435
136.75,0.5,237.30434
136.75,0.5,234.25434
136.75,0.5,230.70434
137.25,0.5,245.41135
137.25,0.5,245.36135
137.25,0.5,245.31135
137.25,0.5,245.26136
137.25,0.5,245.08636
137.25,0.5,244.53635
137.25,0.5,243.48635
137.25,0.5,241.93635
137.25,0.5,239.88636
137.25,0.5,237.33636
137.25,0.5,234.28635
137.25,0.5,230.73635
137.75,0.5,247.24337
137.75,0.5,247.19337
137.75,0.5,247.14336
137.75,0.5,247.09336
137.75,0.5,247.04336
137.75,0.5,246.99337
137.75,0.5,246.94337
137.75,0.5,246.89336
137.75,0.5,246.84336
137.75,0.5,246.79336
137.75,0.5,246.74337
137.75,0.5,246.69337
137.75,0.5,246.64336
137.75,0.5,246.59336
137.75,0.5,246.54336
137.75,0.5,246.49337
137.75,0.5,246.44337
137.75,0.5,246.39336
137.75,0.5,246.34336
137.75,0.5,246.29336
137.75,0.5,246.24337
137.75,0.5,246.19337
137.75,0.5,246.14336
137.75,0.5,246.09336
137.75,0.5,246.04336
137.75,0.5,245.99337
137.75,0.5,245.94337
137.75,0.5,245.89336
137.75,0.5,245.84336
137.75,0.5,245.79336
137.75,0.5,245.74337
137.75,0.5,245.69337
137.75,0.5,245.64336
137.75,0.5,245.59336
137.75,0.5,245.54336
137.75,0.5,245.49337
138.25,0.5,247.27538
138.25,0.5,247.22538
138.25,0.5,247.17538
138.25,0.5,247.12537
138.25,0.5,247.07537
138.25,0.5,247.02538
138.25,0.5,246.97538
138.25,0.5,246.92538
138.25,0.5,246.87537
138.25,0.5,246.82537
138.25,0.5,246.77538
138.25,0.5,246.72538
138.25,0.5,246.67538
138.25,0.5,246.62537
138.25,0.5,246.57537
138.25,0.5,246.52538
138.25,0.5,246.47538
138.25,0.5,246.42538
138.25,0.5,246.37537
138.25,0.5,246.32537
138.25,0.5,246.27538
138.25,0.5,246.22538
138.25,0.5,246.17538
138.25,0.5,246.12537
138.25,0.5,246.07537
138.25,0.5,246.02538
138.25,0.5,245.97538
138.25,0.5,245.92538
138.25,0.5,245.87537
138.25,0.5,245.82537
138.25,0.5,245.77538
138.25,0.5,245.72538
138.25,0.5,245.67538
138.25,0.5,245.62537
138.25,0.5,245.57537
138.25,0.5,245.52538
138.75,0.5,247.30738
138.75,0.5,247.25739
138.75,0.5,247.20739
138.75,0.5,247.15739
138.75,0.5,247.10738
138.75,0.5,247.05738
138.75,0.5,247.00739
138.75,0.5,246.95739
138.75,0.5,246.90739
138.75,0.5,246.85738
138.75,0.5,246.80738
138.75,0.5,246.75739
138.75,0.5,246.70739
138.75,0.5,246.65739
138.75,0.5,246.60738
138.75,0.5,246.55738
138.75,0.5,246.50739
138.75,0.5,246.45739
138.75,0.5,246.40739
138.75,0.5,246.35738
138.75,0.5,246.30738
138.75,0.5,246.25739
138.75,0.5,246.20739
138.75,0.5,246.15739
138.75,0.5,246.10738
138.75,0.5,246.05738
138.75,0.5,246.00739
138.75,0.5,245.95739
138.75,0.5,245.90739
138.75,0.5,245.85738
138.75,0.5,245.80738
138.75,0.5,245.75739
138.75,0.5,245.70739
138.75,0.5,245.65739
138.75,0.5,245.60738
138.75,0.5,245.55738
139.25,0.5,247.33939
139.25,0.5,247.28939
139.25,0.5,247.2394
139.25,0.5,247.1894
139.25,0.5,247.1394
139.25,0.5,247.08939
139.25,0.5,247.03939
139.25,0.5,246.9894
139.25,0.5,246.9394
139.25,0.5,246.8894
139.25,0.5,246.83939
139.25,0.5,246.78939
139.25,0.5,246.7394
139.25,0.5,246.6894
139.25,0.5,246.6394
139.25,0.5,246.58939
139.25,0.5,246.53939
139.25,0.5,246.4894
139.25,0.5,246.4394
139.25,0.5,246.3894
139.25,0.5,246.33939
139.25,0.5,246.28939
139.25,0.5,246.2394
139.25,0.5,246.1894
139.25,0.5,246.1394
139.25,0.5,246.08939
139.25,0.5,246.03939
139.25,0.5,245.9894
139.25,0.5,245.9394
139.25,0.5,245.8894
139.25,0.5,245.83939
139.25,0.5,245.78939
139.25,0.5,245.7394
139.25,0.5,245.6894
139.25,0.5,245.6394
139.25,0.5,245.58939
139.75,0.5,247.37206
139.75,0.5,247.32205
139.75,0.5,247.27205
139.75,0.5,247.22205
139.75,0.5,247.17205
139.75,0.5,247.12206
139.75,0.5,247.07205
139.75,0.5,247.02205
139.75,0.5,246.97205
139.75,0.5,246.92205
139.75,0.5,246.87206
139.75,0.5,246.82205
139.75,0.5,246.77205
139.75,0.5,246.72205
139.75,0.5,246.67205
139.75,0.5,246.62206
139.75,0.5,246.57205
139.75,0.5,246.52205
139.75,0.5,246.47205
139.75,0.5,246.42205
139.75,0.5,246.37206
139.75,0.5,246.32205
139.75,0.5,246.27205
139.75,0.5,246.22205
139.75,0.5,246.17205
139.75,0.5,246.12206
139.75,0.5,246.07205
139.75,0.5,246.02205
139.75,0.5,245.97205
139.75,0.5,245.92205
139.75,0.5,245.87206
139.75,0.5,245.82205
139.75,0.5,245.77205
139.75,0.5,245.72205
139.75,0.5,245.67205
139.75,0.5,245.62206
140.25,0.5,247.40547
140.25,0.5,247.35547
140.25,0.5,247.30547
140.25,0.5,247.25547
140.25,0.5,247.20547
140.25,0.5,247.15547
140.25,0.5,247.10547
140.25,0.5,247.05547
140.25,0.5,247.00547
140.25,0.5,246.95547
140.25,0.5,246.90547
140.25,0.5,246.85547
140.25,0.5,246.80547
140.25,0.5,246.75547
140.25,0.5,246.70547
140.25,0.5,246.65547
140.25,0.5,246.60547
140.25,0.5,246.55547
140.25,0.5,246.50547
140.25,0.5,246.45547
140.25,0.5,246.40547
140.25,0.5,246.35547
140.25,0.5,246.30547
140.25,0.5,246.25547
140.25,0.5,246.20547
140.25,0.5,246.15547
140.25,0.5,246.10547
140.25,0.5,246.05547
140.25,0.5,246.00547
140.25,0.5,245.95547
140.25,0.5,245.90547
140.25,0.5,245.85547
140.25,0.5,245.80547
140.25,0.5,245.75547
140.25,0.5,245.70547
140.25,0.5,245.65547
137.75,0.5,245.44337
137.75,0.5,245.39336
137.75,0.5,245.34336
137.75,0.5,245.29336
137.75,0.5,245.11837
137.75,0.5,244.56837
137.75,0.5,243.51836
137.75,0.5,241.96836
137.75,0.5,239.91836
137.75,0.5,237.36837
137.75,0.5,234.31837
137.75,0.5,230.76836
138.25,0.5,245.47538
138.25,0.5,245.42538
138.25,0.5,245.37537
138.25,0.5,245.32537
138.25,0.5,245.15038
138.25,0.5,244.60038
138.25,0.5,243.55038
138.25,0.5,242.00037
138.25,0.5,239.95037
138.25,0.5,237.40038
138.25,0.5,234.35038
138.25,0.5,230.80038
138.75,0.5,245.50739
138.75,0.5,245.45739
138.75,0.5,245.40739
138.75,0.5,245.35738
138.75,0.5,245.18238
138.75,0.5,244.63239
138.75,0.5,243.58239
138.75,0.5,242.03239
138.75,0.5,239.98238
138.75,0.5,237.43238
138.75,0.5,234.38239
138.75,0.5,230.83239
139.25,0.5,245.53939
139.25,0.5,245.4894
139.25,0.5,245.4394
139.25,0.5,245.3894
139.25,0.5,245.21439
139.25,0.5,244.66439
139.25,0.5,243.6144
139.25,0.5,242.0644
139.25,0.5,240.0144
139.25,0.5,237.46439
139.25,0.5,234.41439
139.25,0.5,230.8644
139.75,0.5,245.57205
139.75,0.5,245.52205
139.75,0.5,245.47205
139.75,0.5,245.42205
139.75,0.5,245.24706
139.75,0.5,244.69705
139.75,0.5,243.64705
139.75,0.5,242.09705
139.75,0.5,240.04705
139.75,0.5,237.49706
139.75,0.5,234.44705
139.75,0.5,230.89705
140.25,0.5,245.60547
140.25,0.5,245.55547
140.25,0.5,245.50547
140.25,0.5,245.45547
140.25,0.5,245.28047
140.25,0.5,244.73047
140.25,0.5,243.68047
140.25,0.5,242.13047
140.25,0.5,240.08047
140.25,0.5,237.53047
140.25,0.5,234.48047
140.25,0.5,230.93047
140.75,0.5,247.439
140.75,0.5,247.389
140.75,0.5,247.339
140.75,0.5,247.289
140.75,0.5,247.239
140.75,0.5,247.189
140.75,0.5,247.139
140.75,0.5,247.089
140.75,0.5,247.039
140.75,0.5,246.989
140.75,0.5,246.939
140.75,0.5,246.889
140.75,0.5,246.839
140.75,0.5,246.789
140.75,0.5,246.739
140.75,0.5,246.689
140.75,0.5,246.639
140.75,0.5,246.589
140.75,0.5,246.539
140.75,0.5,246.489
140.75,0.5,246.439
140.75,0.5,246.389
140.75,0.5,246.339
140.75,0.5,246.289
140.75,0.5,246.239
140.75,0.5,246.189
140.75,0.5,246.139
140.75,0.5,246.089
140.75,0.5,246.039
140.75,0.5,245.989
140.75,0.5,245.939
140.75,0.5,245.889
140.75,0.5,245.839
140.75,0.5,245.789
140.75,0.5,245.739
140.75,0.5,245.689
141.25,0.5,247.47252
141.25,0.5,247.42253
141.25,0.5,247.37253
141.25,0.5,247.32253
141.25,0.5,247.27252
141.25,0.5,247.22252
141.25,0.5,247.17253
141.25,0.5,247.12253
141.25,0.5,247.07253
141.25,0.5,247.02252
141.25,0.5,246.97252
141.25,0.5,246.92253
141.25,0.5,246.87253
141.25,0.5,246.82253
141.25,0.5,246.77252
141.25,0.5,246.72252
141.25,0.5,246.67253
141.25,0.5,246.62253
141.25,0.5,246.57253
141.25,0.5,246.52252
141.25,0.5,246.47252
141.25,0.5,246.42253
141.25,0.5,246.37253
141.25,0.5,246.32253
141.25,0.5,246.27252
141.25,0.5,246.22252
141.25,0.5,246.17253
141.25,0.5,246.12253
141.25,0.5,246.07253
141.25,0.5,246.02252
141.25,0.5,245.97252
141.25,0.5,245.92253
141.25,0.5,245.87253
141.25,0.5,245.82253
141.25,0.5,245.77252
141.25,0.5,245.72252
141.75,0.5,247.50605
141.75,0.5,247.45605
141.75,0.5,247.40605
141.75,0.5,247.35605
141.75,0.5,247.30605
141.75,0.5,247.25605
141.75,0.5,247.20605
141.75,0.5,247.15605
141.75,0.5,247.10605
141.75,0.5,247.05605
141.75,0.5,247.00605
141.75,0.5,246.95605
141.75,0.5,246.90605
141.75,0.5,246.85605
141.75,0.5,246.80605
141.75,0.5,246.75605
141.75,0.5,246.70605
141.75,0.5,246.65605
141.75,0.5,246.60605
141.75,0.5,246.55605
141.75,0.5,246.50605
141.75,0.5,246.45605
141.75,0.5,246.40605
141.75,0.5,246.35605
141.75,0.5,246.30605
141.75,0.5,246.25605
141.75,0.5,246.20605
141.75,0.5,246.15605
141.75,0.5,246.10605
141.75,0.5,246.05605
141.75,0.5,246.00605
141.75,0.5,245.95605
141.75,0.5,245.90605
141.75,0.5,245.85605
141.75,0.5,245.80605
141.75,0.5,245.75605
142.25,0.5,247.53958
142.25,0.5,247.48958
142.25,0.5,247.43958
142.25,0.5,247.38958
142.25,0.5,247.33958
142.25,0.5,247.28958
142.25,0.5,247.23958
142.25,0.5,247.18958
142.25,0.5,247.13958
142.25,0.5,247.08958
142.25,0.5,247.03958
142.25,0.5,246.98958
142.25,0.5,246.93958
142.25,0.5,246.88958
142.25,0.5,246.83958
142.25,0.5,246.78958
142.25,0.5,246.73958
142.25,0.5,246.68958
142.25,0.5,246.63958
142.25,0.5,246.58958
142.25,0.5,246.53958
142.25,0.5,246.48958
142.25,0.5,246.43958
142.25,0.5,246.38958
142.25,0.5,246.33958
142.25,0.5,246.28958
142.25,0.5,246.23958
142.25,0.5,246.18958
142.25,0.5,246.13958
142.25,0.5,246.08958
142.25,0.5,246.03958
142.25,0.5,245.98958
142.25,0.5,245.93958
142.25,0.5,245.88958
142.25,0.5,245.83958
142.25,0.5,245.78958
142.75,0.5,247.5731
142.75,0.5,247.52311
142.75,0.5,247.47311
142.75,0.5,247.42311
142.75,0.5,247.37311
142.75,0.5,247.3231
142.75,0.5,247.27311
142.75,0.5,247.22311
142.75,0.5,247.17311
142.75,0.5,247.12311
142.75,0.5,247.0731
142.75,0.5,247.02311
142.75,0.5,246.97311
142.75,0.5,246.92311
142.75,0.5,246.87311
142.75,0.5,246.8231
142.75,0.5,246.77311
142.75,0.5,246.72311
142.75,0.5,246.67311
142.75,0.5,246.62311
142.75,0.5,246.5731
142.75,0.5,246.52311
142.75,0.5,246.47311
142.75,0.5,246.42311
142.75,0.5,246.37311
142.75,0.5,246.3231
142.75,0.5,246.27311
142.75,0.5,246.22311
142.75,0.5,246.17311
142.75,0.5,246.12311
142.75,0.5,246.0731
142.75,0.5,246.02311
142.75,0.5,245.97311
142.75,0.5,245.92311
142.75,0.5,245.87311
142.75,0.5,245.8231
143.25,0.5,247.60663
143.25,0.5,247.55664
143.25,0.5,247.50664
143.25,0.5,247.45663
143.25,0.5,247.40663
143.25,0.5,247.35663
143.25,0.5,247.30664
143.25,0.5,247.25664
143.25,0.5,247.20663
143.25,0.5,247.15663
143.25,0.5,247.10663
143.25,0.5,247.05664
143.25,0.5,247.00664
143.25,0.5,246.95663
143.25,0.5,246.90663
143.25,0.5,246.85663
143.25,0.5,246.80664
143.25,0.5,246.75664
143.25,0.5,246.70663
143.25,0.5,246.65663
143.25,0.5,246.60663
143.25,0.5,246.55664
143.25,0.5,246.50664
143.25,0.5,246.45663
143.25,0.5,246.40663
143.25,0.5,246.35663
143.25,0.5,246.30664
143.25,0.5,246.25664
143.25,0.5,246.20663
143.25,0.5,246.15663
143.25,0.5,246.10663
143.25,0.5,246.05664
143.25,0.5,246.00664
143.25,0.5,245.95663
143.25,0.5,245.90663
143.25,0.5,245.85663
140.75,0.5,245.639
140.75,0.5,245.589
140.75,0.5,245.539
140.75,0.5,245.489
140.75,0.5,245.314
140.75,0.5,244.764
140.75,0.5,243.714
140.75,0.5,242.164
140.75,0.5,240.114
140.75,0.5,237.564
140.75,0.5,234.514
140.75,0.5,230.964
141.25,0.5,245.67253
141.25,0.5,245.62253
141.25,0.5,245.57253
141.25,0.5,245.52252
141.25,0.5,245.34752
141.25,0.5,244.79753
141.25,0.5,243.74753
141.25,0.5,242.19753
141.25,0.5,240.14752
141.25,0.5,237.59752
141.25,0.5,234.54753
141.25,0.5,230.99753
141.75,0.5,245.70605
141.75,0.5,245.65605
141.75,0.5,245.60605
141.75,0.5,245.55605
141.75,0.5,245.38105
141.75,0.5,244.83105
141.75,0.5,243.78105
141.75,0.5,242.23105
141.75,0.5,240.18105
141.75,0.5,237.63105
141.75,0.5,234.58105
141.75,0.5,231.03105
142.25,0.5,245.73958
142.25,0.5,245.68958
142.25,0.5,245.63958
142.25,0.5,245.58958
142.25,0.5,245.41458
142.25,0.5,244.86458
142.25,0.5,243.81458
142.25,0.5,242.26458
142.25,0.5,240.21458
142.25,0.5,237.66458
142.25,0.5,234.61458
142.25,0.5,231.06458
142.75,0.5,245.77311
142.75,0.5,245.72311
142.75,0.5,245.67311
142.75,0.5,245.62311
142.75,0.5,245.4481
142.75,0.5,244.89811
142.75,0.5,243.84811
142.75,0.5,242.29811
142.75,0.5,240.24811
142.75,0.5,237.6981
142.75,0.5,234.64811
142.75,0.5,231.09811
143.25,0.5,245.80664
143.25,0.5,245.75664
143.25,0.5,245.70663
143.25,0.5,245.65663
143.25,0.5,245.48163
143.25,0.5,244.93164
143.25,0.5,243.88164
143.25,0.5,242.33163
143.25,0.5,240.28163
143.25,0.5,237.73163
143.25,0.5,234.68164
143.25,0.5,231.13164
143.75,0.5,247.64117
143.75,0.5,247.59118
143.75,0.5,247.54118
143.75,0.5,247.49117
143.75,0.5,247.44117
143.75,0.5,247.39117
143.75,0.5,247.34118
143.75,0.5,247.29118
143.75,0.5,247.24117
143.75,0.5,247.19117
143.75,0.5,247.14117
143.75,0.5,247.09118
143.75,0.5,247.04118
143.75,0.5,246.99117
143.75,0.5,246.94117
143.75,0.5,246.89117
143.75,0.5,246.84118
143.75,0.5,246.79118
143.75,0.5,246.74117
143.75,0.5,246.69117
143.75,0.5,246.64117
143.75,0.5,246.59118
143.75,0.5,246.54118
143.75,0.5,246.49117
143.75,0.5,246.44117
143.75,0.5,246.39117
143.75,0.5,246.34118
143.75,0.5,246.29118
143.75,0.5,246.24117
143.75,0.5,246.19117
143.75,0.5,246.14117
143.75,0.5,246.09118
143.75,0.5,246.04118
143.75,0.5,245.99117
143.75,0.5,245.94117
143.75,0.5,245.89117
144.25,0.5,247.67686
144.25,0.5,247.62687
144.25,0.5,247.57687
144.25,0.5,247.52686
144.25,0.5,247.47686
144.25,0.5,247.42686
144.25,0.5,247.37687
144.25,0.5,247.32687
144.25,0.5,247.27686
144.25,0.5,247.22686
144.25,0.5,247.17686
144.25,0.5,247.12687
144.25,0.5,247.07687
144.25,0.5,247.02686
144.25,0.5,246.97686
144.25,0.5,246.92686
144.25,0.5,246.87687
144.25,0.5,246.82687
144.25,0.5,246.77686
144.25,0.5,246.72686
144.25,0.5,246.67686
144.25,0.5,246.62687
144.25,0.5,246.57687
144.25,0.5,246.52686
144.25,0.5,246.47686
144.25,0.5,246.42686
144.25,0.5,246.37687
144.25,0.5,246.32687
144.25,0.5,246.27686
144.25,0.5,246.22686
144.25,0.5,246.17686
144.25,0.5,246.12687
144.25,0.5,246.07687
144.25,0.5,246.02686
144.25,0.5,245.97686
144.25,0.5,245.92686
144.75,0.5,247.7127
144.75,0.5,247.6627
144.75,0.5,247.6127
144.75,0.5,247.5627
144.75,0.5,247.5127
144.75,0.5,247.4627
144.75,0.5,247.4127
144.75,0.5,247.3627
144.75,0.5,247.3127
144.75,0.5,247.2627
144.75,0.5,247.2127
144.75,0.5,247.1627
144.75,0.5,247.1127
144.75,0.5,247.0627
144.75,0.5,247.0127
144.75,0.5,246.9627
144.75,0.5,246.9127
144.75,0.5,246.8627
144.75,0.5,246.8127
144.75,0.5,246.7627
144.75,0.5,246.7127
144.75,0.5,246.6627
144.75,0.5,246.6127
144.75,0.5,246.5627
144.75,0.5,246.5127
144.75,0.5,246.4627
144.75,0.5,246.4127
144.75,0.5,246.3627
144.75,0.5,246.3127
144.75,0.5,246.2627
144.75,0.5,246.2127
144.75,0.5,246.1627
144.75,0.5,246.1127
144.75,0.5,246.0627
144.75,0.5,246.0127
144.75,0.5,245.9627
145.25,0.5,247.74853
145.25,0.5,247.69853
145.25,0.5,247.64853
145.25,0.5,247.59853
145.25,0.5,247.54853
145.25,0.5,247.49853
145.25,0.5,247.44853
145.25,0.5,247.39853
145.25,0.5,247.34853
145.25,0.5,247.29853
145.25,0.5,247.24853
145.25,0.5,247.19853
145.25,0.5,247.14853
145.25,0.5,247.09853
145.25,0.5,247.04853
145.25,0.5,246.99853
145.25,0.5,246.94853
145.25,0.5,246.89853
145.25,0.5,246.84853
145.25,0.5,246.79853
145.25,0.5,246.74853
145.25,0.5,246.69853
145.25,0.5,246.64853
145.25,0.5,246.59853
145.25,0.5,246.54853
145.25,0.5,246.49853
145.25,0.5,246.44853
145.25,0.5,246.39853
145.25,0.5,246.34853
145.25,0.5,246.29853
145.25,0.5,246.24853
145.25,0.5,246.19853
145.25,0.5,246.14853
145.25,0.5,246.09853
145.25,0.5,246.04853
145.25,0.5,245.99853
145.75,0.5,247.78437
145.75,0.5,247.73437
145.75,0.5,247.68436
145.75,0.5,247.63437
145.75,0.5,247.58437
145.75,0.5,247.53437
145.75,0.5,247.48437
145.75,0.5,247.43436
145.75,0.5,247.38437
145.75,0.5,247.33437
145.75,0.5,247.28437
145.75,0.5,247.23437
145.75,0.5,247.18436
145.75,0.5,247.13437
145.75,0.5,247.08437
145.75,0.5,247.03437
145.75,0.5,246.98437
145.75,0.5,246.93436
145.75,0.5,246.88437
145.75,0.5,246.83437
145.75,0.5,246.78437
145.75,0.5,246.73437
145.75,0.5,246.68436
145.75,0.5,246.63437
145.75,0.5,246.58437
145.75,0.5,246.53437
145.75,0.5,246.48437
145.75,0.5,246.43436
145.75,0.5,246.38437
145.75,0.5,246.33437
145.75,0.5,246.28437
145.75,0.5,246.23437
145.75,0.5,246.18436
145.75,0.5,246.13437
145.75,0.5,246.08437
145.75,0.5,246.03437
146.25,0.5,247.8202
146.25,0.5,247.7702
146.25,0.5,247.7202
146.25,0.5,247.6702
146.25,0.5,247.6202
146.25,0.5,247.5702
146.25,0.5,247.5202
146.25,0.5,247.4702
146.25,0.5,247.4202
146.25,0.5,247.3702
146.25,0.5,247.3202
146.25,0.5,247.2702
146.25,0.5,247.2202
146.25,0.5,247.1702
146.25,0.5,247.1202
146.25,0.5,247.0702
146.25,0.5,247.0202
146.25,0.5,246.9702
146.25,0.5,246.9202
146.25,0.5,246.8702
146.25,0.5,246.8202
146.25,0.5,246.7702
146.25,0.5,246.7202
146.25,0.5,246.6702
146.25,0.5,246.6202
146.25,0.5,246.5702
146.25,0.5,246.5202
146.25,0.5,246.4702
146.25,0.5,246.4202
146.25,0.5,246.3702
146.25,0.5,246.3202
146.25,0.5,246.2702
146.25,0.5,246.2202
146.25,0.5,246.1702
146.25,0.5,246.1202
146.25,0.5,246.0702
143.75,0.5,245.84118
143.75,0.5,245.79118
143.75,0.5,245.74117
143.75,0.5,245.69117
143.75,0.5,245.51617
143.75,0.5,244.96618
143.75,0.5,243.91618
143.75,0.5,242.36617
143.75,0.5,240.31617
143.75,0.5,237.76617
143.75,0.5,234.71618
143.75,0.5,231.16618
144.25,0.5,245.87687
144.25,0.5,245.82687
144.25,0.5,245.77686
144.25,0.5,245.72686
144.25,0.5,245.55186
144.25,0.5,245.00187
144.25,0.5,243.95187
144.25,0.5,242.40186
144.25,0.5,240.35186
144.25,0.5,237.80186
144.25,0.5,234.75187
144.25,0.5,231.20187
144.75,0.5,245.9127
144.75,0.5,245.8627
144.75,0.5,245.8127
144.75,0.5,245.7627
144.75,0.5,245.5877
144.75,0.5,245.0377
144.75,0.5,243.9877
144.75,0.5,242.4377
144.75,0.5,240.3877
144.75,0.5,237.8377
144.75,0.5,234.7877
144.75,0.5,231.2377
145.25,0.5,245.94853
145.25,0.5,245.89853
145.25,0.5,245.84853
145.25,0.5,245.79853
145.25,0.5,245.62353
145.25,0.5,245.07353
145.25,0.5,244.02353
145.25,0.5,242.47353
145.25,0.5,240.42353
145.25,0.5,237.87353
145.25,0.5,234.82353
145.25,0.5,231.27353
145.75,0.5,245.98437
145.75,0.5,245.93436
145.75,0.5,245.88437
145.75,0.5,245.83437
145.75,0.5,245.65937
145.75,0.5,245.10937
145.75,0.5,244.05936
145.75,0.5,242.50937
145.75,0.5,240.45937
145.75,0.5,237.90937
145.75,0.5,234.85937
145.75,0.5,231.30936
146.25,0.5,246.0202
146.25,0.5,245.9702
146.25,0.5,245.9202
146.25,0.5,245.8702
146.25,0.5,245.6952
146.25,0.5,245.1452
146.25,0.5,244.0952
146.25,0.5,242.5452
146.25,0.5,240.4952
146.25,0.5,237.9452
146.25,0.5,234.8952
146.25,0.5,231.3452
146.75,0.5,247.85603
146.75,0.5,247.80603
146.75,0.5,247.75603
146.75,0.5,247.70603
146.75,0.5,247.65603
146.75,0.5,247.60603
146.75,0.5,247.55603
146.75,0.5,247.50603
146.75,0.5,247.45603
146.75,0.5,247.40603
146.75,0.5,247.35603
146.75,0.5,247.30603
146.75,0.5,247.25603
146.75,0.5,247.20603
146.75,0.5,247.15603
146.75,0.5,247.10603
146.75,0.5,247.05603
146.75,0.5,247.00603
146.75,0.5,246.95603
146.75,0.5,246.90603
146.75,0.5,246.85603
146.75,0.5,246.80603
146.75,0.5,246.75603
146.75,0.5,246.70603
146.75,0.5,246.65603
146.75,0.5,246.60603
146.75,0.5,246.55603
146.75,0.5,246.50603
146.75,0.5,246.45603
146.75,0.5,246.40603
146.75,0.5,246.35603
146.75,0.5,246.30603
146.75,0.5,246.25603
146.75,0.5,246.20603
146.75,0.5,246.15603
146.75,0.5,246.10603
147.25,0.5,247.89186
147.25,0.5,247.84187
147.25,0.5,247.79186
147.25,0.5,247.74186
147.25,0.5,247.69186
147.25,0.5,247.64186
147.25,0.5,247.59187
147.25,0.5,247.54186
147.25,0.5,247.49186
147.25,0.5,247.44186
147.25,0.5,247.39186
147.25,0.5,247.34187
147.25,0.5,247.29186
147.25,0.5,247.24186
147.25,0.5,247.19186
147.25,0.5,247.14186
147.25,0.5,247.09187
147.25,0.5,247.04186
147.25,0.5,246.99186
147.25,0.5,246.94186
147.25,0.5,246.89186
147.25,0.5,246.84187
147.25,0.5,246.79186
147.25,0.5,246.74186
147.25,0.5,246.69186
147.25,0.5,246.64186
147.25,0.5,246.59187
147.25,0.5,246.54186
147.25,0.5,246.49186
147.25,0.5,246.44186
147.25,0.5,246.39186
147.25,0.5,246.34187
147.25,0.5,246.29186
147.25,0.5,246.24186
147.25,0.5,246.19186
147.25,0.5,246.14186
147.75,0.5,247.92542
147.75,0.5,247.87541
147.75,0.5,247.82541
147.75,0.5,247.77541
147.75,0.5,247.72542
147.75,0.5,247.67542
147.75,0.5,247.62541
147.75,0.5,247.57541
147.75,0.5,247.52541
147.75,0.5,247.47542
147.75,0.5,247.42542
147.75,0.5,247.37541
147.75,0.5,247.32541
147.75,0.5,247.27541
147.75,0.5,247.22542
147.75,0.5,247.17542
147.75,0.5,247.12541
147.75,0.5,247.07541
147.75,0.5,247.02541
147.75,0.5,246.97542
147.75,0.5,246.92542
147.75,0.5,246.87541
147.75,0.5,246.82541
147.75,0.5,246.77541
147.75,0.5,246.72542
147.75,0.5,246.67542
147.75,0.5,246.62541
147.75,0.5,246.57541
147.75,0.5,246.52541
147.75,0.5,246.47542
147.75,0.5,246.42542
147.75,0.5,246.37541
147.75,0.5,246.32541
147.75,0.5,246.27541
147.75,0.5,246.22542
147.75,0.5,246.17542
148.25,0.5,247.95643
148.25,0.5,247.90643
148.25,0.5,247.85643
148.25,0.5,247.80643
148.25,0.5,247.75643
148.25,0.5,247.70643
148.25,0.5,247.65643
148.25,0.5,247.60643
148.25,0.5,247.55643
148.25,0.5,247.50643
148.25,0.5,247.45643
148.25,0.5,247.40643
148.25,0.5,247.35643
148.25,0.5,247.30643
148.25,0.5,247.25643
148.25,0.5,247.20643
148.25,0.5,247.15643
148.25,0.5,247.10643
148.25,0.5,247.05643
148.25,0.5,247.00643
148.25,0.5,246.95643
148.25,0.5,246.90643
148.25,0.5,246.85643
148.25,0.5,246.80643
148.25,0.5,246.75643
148.25,0.5,246.70643
148.25,0.5,246.65643
148.25,0.5,246.60643
148.25,0.5,246.55643
148.25,0.5,246.50643
148.25,0.5,246.45643
148.25,0.5,246.40643
148.25,0.5,246.35643
148.25,0.5,246.30643
148.25,0.5,246.25643
148.25,0.5,246.20643
148.75,0.5,247.9872
148.75,0.5,247.9372
148.75,0.5,247.8872
148.75,0.5,247.8372
148.75,0.5,247.7872
148.75,0.5,247.7372
148.75,0.5,247.6872
148.75,0.5,247.6372
148.75,0.5,247.5872
148.75,0.5,247.5372
148.75,0.5,247.4872
148.75,0.5,247.4372
148.75,0.5,247.3872
148.75,0.5,247.3372
148.75,0.5,247.2872
148.75,0.5,247.2372
148.75,0.5,247.1872
148.75,0.5,247.1372
148.75,0.5,247.0872
148.75,0.5,247.0372
148.75,0.5,246.9872
148.75,0.5,246.9372
148.75,0.5,246.8872
148.75,0.5,246.8372
148.75,0.5,246.7872
148.75,0.5,246.7372
148.75,0.5,246.6872
148.75,0.5,246.6372
148.75,0.5,246.5872
148.75,0.5,246.5372
148.75,0.5,246.4872
148.75,0.5,246.4372
148.75,0.5,246.3872
148.75,0.5,246.3372
148.75,0.5,246.2872
148.75,0.5,246.2372
149.25,0.5,248.01797
149.25,0.5,247.96797
149.25,0.5,247.91797
149.25,0.5,247.86797
149.25,0.5,247.81797
149.25,0.5,247.76797
149.25,0.5,247.71797
149.25,0.5,247.66797
149.25,0.5,247.61797
149.25,0.5,247.56797
149.25,0.5,247.51797
149.25,0.5,247.46797
149.25,0.5,247.41797
149.25,0.5,247.36797
149.25,0.5,247.31797
149.25,0.5,247.26797
149.25,0.5,247.21797
149.25,0.5,247.16797
149.25,0.5,247.11797
149.25,0.5,247.06797
149.25,0.5,247.01797
149.25,0.5,246.96797
149.25,0.5,246.91797
149.25,0.5,246.86797
149.25,0.5,246.81797
149.25,0.5,246.76797
149.25,0.5,246.71797
149.25,0.5,246.66797
149.25,0.5,246.61797
149.25,0.5,246.56797
149.25,0.5,246.51797
149.25,0.5,246.46797
149.25,0.5,246.41797
149.25,0.5,246.36797
149.25,0.5,246.31797
149.25,0.5,246.26797
146.75,0.5,246.05603
146.75,0.5,246.00603
146.75,0.5,245.95603
146.75,0.5,245.90603
146.75,0.5,245.73103
146.75,0.5,245.18103
146.75,0.5,244.13103
146.75,0.5,242.58103
146.75,0.5,240.53103
146.75,0.5,237.98103
146.75,0.5,234.93103
146.75,0.5,231.38103
147.25,0.5,246.09187
147.25,0.5,246.04186
147.25,0.5,245.99186
147.25,0.5,245.94186
147.25,0.5,245.76686
147.25,0.5,245.21687
147.25,0.5,244.16686
147.25,0.5,242.61686
147.25,0.5,240.56686
147.25,0.5,238.01686
147.25,0.5,234.96687
147.25,0.5,231.41686
147.75,0.5,246.12541
147.75,0.5,246.07541
147.75,0.5,246.02541
147.75,0.5,245.97542
147.75,0.5,245.80042
147.75,0.5,245.25041
147.75,0.5,244.20041
147.75,0.5,242.65041
147.75,0.5,240.60042
147.75,0.5,238.05042
147.75,0.5,235.00041
147.75,0.5,231.45041
148.25,0.5,246.15643
148.25,0.5,246.10643
148.25,0.5,246.05643
148.25,0.5,246.00643
148.25,0.5,245.83143
148.25,0.5,245.28143
148.25,0.5,244.23143
148.25,0.5,242.68143
148.25,0.5,240.63143
148.25,0.5,238.08143
148.25,0.5,235.03143
148.25,0.5,231.48143
148.75,0.5,246.1872
148.75,0.5,246.1372
148.75,0.5,246.0872
148.75,0.5,246.0372
148.75,0.5,245.8622
148.75,0.5,245.3122
148.75,0.5,244.2622
148.75,0.5,242.7122
148.75,0.5,240.6622
148.75,0.5,238.1122
148.75,0.5,235.0622
148.75,0.5,231.5122
149.25,0.5,246.21797
149.25,0.5,246.16797
149.25,0.5,246.11797
149.25,0.5,246.06797
149.25,0.5,245.89297
149.25,0.5,245.34297
149.25,0.5,244.29297
149.25,0.5,242.74297
149.25,0.5,240.69297
149.25,0.5,238.14297
149.25,0.5,235.09297
149.25,0.5,231.54297
